pop,n,step_ratio,pattern,pattern_full,rep,seed,target_path_seed,feedback_noise_seed,feedback_bias_seed
500,4,1.5,random,legacy_vector_random,0,1473904938,1473917283,785581834,1622801707
500,4,1.5,random,legacy_vector_random,1,1175855353,1175867698,204312179,163667673
500,4,1.5,random,legacy_vector_random,2,238009265,238021610,167474105,1549727866
500,4,1.5,random,legacy_vector_random,3,1213890905,1213903250,1352105933,303374907
500,4,1.5,random,legacy_vector_random,4,1015600356,1015612701,1540016429,409710493
500,4,1.5,random,legacy_vector_random,5,1761265453,1761277798,296345953,266487379
500,4,1.5,random,legacy_vector_random,6,1552613709,1552626054,965785267,890021256
500,4,1.5,random,legacy_vector_random,7,1203004843,1203017188,1062528147,540396105
500,4,1.5,random,legacy_vector_random,8,156134297,156146642,973741641,1412481520
500,4,1.5,random,legacy_vector_random,9,151695174,151707519,1730502067,499204851
500,4,1.5,random,legacy_vector_random,10,1124820308,1124832653,1232785965,1424563519
500,4,1.5,random,legacy_vector_random,11,1081681587,1081693932,1070054213,1527501187
500,4,1.5,random,legacy_vector_random,12,19956262,19968607,1197089480,308236659
500,4,1.5,random,legacy_vector_random,13,1216401984,1216414329,10710420,27269649
500,4,1.5,random,legacy_vector_random,14,563825075,563837420,1715958536,171923172
500,4,1.5,random,legacy_vector_random,15,542195256,542207601,680679191,1004564150
500,4,1.5,random,legacy_vector_random,16,573763380,573775725,1031903431,1662053750
500,4,1.5,random,legacy_vector_random,17,1777738098,1777750443,1156561309,1364626360
500,4,1.5,random,legacy_vector_random,18,881201372,881213717,435352835,541567164
500,4,1.5,random,legacy_vector_random,19,1311819017,1311831362,557056680,534704365
500,4,1.5,random,legacy_vector_random,20,1478158797,1478171142,729796382,1183286612
500,4,1.5,random,legacy_vector_random,21,1454245468,1454257813,1745832137,1137092930
500,4,1.5,random,legacy_vector_random,22,1157703247,1157715592,1072874090,839420249
500,4,1.5,random,legacy_vector_random,23,1520054064,1520066409,1632182087,751205399
500,4,1.5,random,legacy_vector_random,24,1127657125,1127669470,1702606932,178118521
500,4,1.5,random,legacy_vector_random,25,277460547,277472892,937840099,839244567
500,4,1.5,random,legacy_vector_random,26,1000419532,1000431877,526225452,1072170866
500,4,1.5,random,legacy_vector_random,27,274504454,274516799,1477541804,313157626
500,4,1.5,random,legacy_vector_random,28,1266619343,1266631688,335559449,62066845
500,4,1.5,random,legacy_vector_random,29,1252571217,1252583562,1785110789,1698425011
500,4,1.5,random,legacy_vector_random,30,433475278,433487623,867491692,345931607
500,4,1.5,random,legacy_vector_random,31,231327521,231339866,511472718,1086222067
500,4,1.5,random,legacy_vector_random,32,488989195,489001540,532303569,547273503
500,4,1.5,random,legacy_vector_random,33,1565668736,1565681081,1585907385,1029085524
500,4,1.5,random,legacy_vector_random,34,915018308,915030653,598920619,89039401
500,4,1.5,random,legacy_vector_random,35,116779271,116791616,1059902505,483264156
500,4,1.5,random,legacy_vector_random,36,241646856,241659201,653027838,112772519
500,4,1.5,random,legacy_vector_random,37,570505918,570518263,73563320,1470307122
500,4,1.5,random,legacy_vector_random,38,1319751038,1319763383,1635016387,1023955967
500,4,1.5,random,legacy_vector_random,39,1709427234,1709439579,721201954,1063110582
500,4,1.5,random,legacy_vector_random,40,1540337100,1540349445,1446908849,996222878
500,4,1.5,random,legacy_vector_random,41,730896758,730909103,1362407298,704315332
500,4,1.5,random,legacy_vector_random,42,1154255081,1154267426,1111333356,467028890
500,4,1.5,random,legacy_vector_random,43,761765990,761778335,1540628278,478746286
500,4,1.5,random,legacy_vector_random,44,870951254,870963599,414029761,10422127
500,4,1.5,random,legacy_vector_random,45,600396920,600409265,746560103,955073335
500,4,1.5,random,legacy_vector_random,46,588032969,588045314,201911849,1375708570
500,4,1.5,random,legacy_vector_random,47,812870208,812882553,1297963425,623408112
500,4,1.5,random,legacy_vector_random,48,381152320,381164665,1759510512,913186174
500,4,1.5,random,legacy_vector_random,49,1785449726,1785462071,968166046,183767791
500,4,1.5,random,legacy_vector_random,50,297523877,297536222,1468090356,1127998400
500,4,1.5,random,legacy_vector_random,51,1217178448,1217190793,386817158,794521302
500,4,1.5,random,legacy_vector_random,52,1785863820,1785876165,537989060,331879448
500,4,1.5,random,legacy_vector_random,53,912779106,912791451,816888135,1410491425
500,4,1.5,random,legacy_vector_random,54,492069905,492082250,1774514105,555200697
500,4,1.5,random,legacy_vector_random,55,1706848312,1706860657,1396833303,290653309
500,4,1.5,random,legacy_vector_random,56,360598507,360610852,790280611,1584920085
500,4,1.5,random,legacy_vector_random,57,383766104,383778449,728053637,742253610
500,4,1.5,random,legacy_vector_random,58,410517270,410529615,130517743,620324586
500,4,1.5,random,legacy_vector_random,59,1391835898,1391848243,862908398,172691225
500,4,1.5,random,legacy_vector_random,60,1057636237,1057648582,1299731251,226813885
500,4,1.5,random,legacy_vector_random,61,612959139,612971484,442195702,1470812608
500,4,1.5,random,legacy_vector_random,62,1577505176,1577517521,556017511,1230013345
500,4,1.5,random,legacy_vector_random,63,23645678,23658023,1309340175,789218939
500,4,1.5,random,legacy_vector_random,64,142393978,142406323,375598316,588903852
500,4,1.5,random,legacy_vector_random,65,426020423,426032768,1531800396,930286372
500,4,1.5,random,legacy_vector_random,66,483563005,483575350,825059004,1309548969
500,4,1.5,random,legacy_vector_random,67,759339045,759351390,1526704037,890433940
500,4,1.5,random,legacy_vector_random,68,1632121614,1632133959,593704940,1372218272
500,4,1.5,random,legacy_vector_random,69,971518455,971530800,916055333,920910212
500,4,1.5,random,legacy_vector_random,70,952488497,952500842,1213518016,1614466492
500,4,1.5,random,legacy_vector_random,71,117714385,117726730,907206853,689246970
500,4,1.5,random,legacy_vector_random,72,1101776736,1101789081,725725242,159084858
500,4,1.5,random,legacy_vector_random,73,1732556969,1732569314,648769685,632471902
500,4,1.5,random,legacy_vector_random,74,1001673550,1001685895,669384216,1059917263
500,4,1.5,random,legacy_vector_random,75,826939100,826951445,1399129227,1043187331
500,4,1.5,random,legacy_vector_random,76,508276288,508288633,1373983031,448221128
500,4,1.5,random,legacy_vector_random,77,965777952,965790297,425158125,634405485
500,4,1.5,random,legacy_vector_random,78,377719821,377732166,132915572,1376999172
500,4,1.5,random,legacy_vector_random,79,1717384588,1717396933,1175083113,1150541306
500,4,1.5,random,legacy_vector_random,80,946904173,946916518,997537199,1147967925
500,4,1.5,random,legacy_vector_random,81,77449591,77461936,232925737,578291923
500,4,1.5,random,legacy_vector_random,82,1626356588,1626368933,1781579739,1225735816
500,4,1.5,random,legacy_vector_random,83,1024359250,1024371595,1015933485,430518548
500,4,1.5,random,legacy_vector_random,84,456433712,456446057,660784531,360937262
500,4,1.5,random,legacy_vector_random,85,1026966870,1026979215,938646432,1010825392
500,4,1.5,random,legacy_vector_random,86,1204164598,1204176943,1431059896,134592951
500,4,1.5,random,legacy_vector_random,87,1121521016,1121533361,236492864,950702988
500,4,1.5,random,legacy_vector_random,88,1626326805,1626339150,857717084,397281331
500,4,1.5,random,legacy_vector_random,89,1631658288,1631670633,79675811,252465176
500,4,1.5,random,legacy_vector_random,90,694789353,694801698,1109059992,516762109
500,4,1.5,random,legacy_vector_random,91,1779885636,1779897981,1754087024,1200629227
500,4,1.5,random,legacy_vector_random,92,373601832,373614177,1720779654,529600441
500,4,1.5,random,legacy_vector_random,93,1521744978,1521757323,367407891,222241999
500,4,1.5,random,legacy_vector_random,94,1142833007,1142845352,996576928,987558737
500,4,1.5,random,legacy_vector_random,95,546082292,546094637,337043842,1063873607
500,4,1.5,random,legacy_vector_random,96,229154314,229166659,580305115,1320214002
500,4,1.5,random,legacy_vector_random,97,590447074,590459419,196476914,1250498710
500,4,1.5,random,legacy_vector_random,98,847508915,847521260,986900541,172387376
500,4,1.5,random,legacy_vector_random,99,495265283,495277628,1341602749,54442837
500,4,1.5,scurve,legacy_vector_scurve,0,1325647143,1325659488,599401156,1183998779
500,4,1.5,scurve,legacy_vector_scurve,1,887237368,887249713,983734335,1465369036
500,4,1.5,scurve,legacy_vector_scurve,2,349791080,349803425,335639701,208409280
500,4,1.5,scurve,legacy_vector_scurve,3,543685602,543697947,719856114,1013634167
500,4,1.5,scurve,legacy_vector_scurve,4,1535493977,1535506322,1258492292,814951988
500,4,1.5,scurve,legacy_vector_scurve,5,464878195,464890540,27264123,1523047906
500,4,1.5,scurve,legacy_vector_scurve,6,30077194,30089539,1109489654,302093208
500,4,1.5,scurve,legacy_vector_scurve,7,216238391,216250736,99742987,547024611
500,4,1.5,scurve,legacy_vector_scurve,8,111157292,111169637,41417917,93546372
500,4,1.5,scurve,legacy_vector_scurve,9,1751374368,1751386713,86485608,399109680
500,4,1.5,scurve,legacy_vector_scurve,10,1754014427,1754026772,1016760277,294832125
500,4,1.5,scurve,legacy_vector_scurve,11,887898029,887910374,931089913,1579108370
500,4,1.5,scurve,legacy_vector_scurve,12,247887461,247899806,806890972,619506680
500,4,1.5,scurve,legacy_vector_scurve,13,1625294233,1625306578,725754700,465266479
500,4,1.5,scurve,legacy_vector_scurve,14,61437975,61450320,694815713,1496071353
500,4,1.5,scurve,legacy_vector_scurve,15,330031488,330043833,338681474,1400183417
500,4,1.5,scurve,legacy_vector_scurve,16,720559501,720571846,381757297,1495912048
500,4,1.5,scurve,legacy_vector_scurve,17,727552230,727564575,161887042,246414817
500,4,1.5,scurve,legacy_vector_scurve,18,87972090,87984435,567116263,707863429
500,4,1.5,scurve,legacy_vector_scurve,19,395685352,395697697,415971784,1766782314
500,4,1.5,scurve,legacy_vector_scurve,20,1631873680,1631886025,323928138,1776917662
500,4,1.5,scurve,legacy_vector_scurve,21,1096520790,1096533135,893256692,532821090
500,4,1.5,scurve,legacy_vector_scurve,22,504923719,504936064,666901619,831447360
500,4,1.5,scurve,legacy_vector_scurve,23,1245157637,1245169982,148913404,703930361
500,4,1.5,scurve,legacy_vector_scurve,24,889192257,889204602,713431864,881832214
500,4,1.5,scurve,legacy_vector_scurve,25,291001570,291013915,1307180145,1385835968
500,4,1.5,scurve,legacy_vector_scurve,26,24684120,24696465,312528621,991815246
500,4,1.5,scurve,legacy_vector_scurve,27,1515401055,1515413400,1740480913,846297537
500,4,1.5,scurve,legacy_vector_scurve,28,1770298957,1770311302,122573464,1327035821
500,4,1.5,scurve,legacy_vector_scurve,29,1541171037,1541183382,435983410,790390605
500,4,1.5,scurve,legacy_vector_scurve,30,1502920049,1502932394,1180370817,542080407
500,4,1.5,scurve,legacy_vector_scurve,31,705000808,705013153,1079314585,1791658907
500,4,1.5,scurve,legacy_vector_scurve,32,611717917,611730262,154758687,522744129
500,4,1.5,scurve,legacy_vector_scurve,33,529885631,529897976,418841707,900626579
500,4,1.5,scurve,legacy_vector_scurve,34,469889899,469902244,1567921243,73022897
500,4,1.5,scurve,legacy_vector_scurve,35,1109851905,1109864250,160481675,1453926441
500,4,1.5,scurve,legacy_vector_scurve,36,1539141262,1539153607,1053748847,1175033980
500,4,1.5,scurve,legacy_vector_scurve,37,1015691149,1015703494,584085843,845511197
500,4,1.5,scurve,legacy_vector_scurve,38,1270522759,1270535104,383248856,1563796521
500,4,1.5,scurve,legacy_vector_scurve,39,19374227,19386572,717600964,1393800277
500,4,1.5,scurve,legacy_vector_scurve,40,915349845,915362190,599382426,14914730
500,4,1.5,scurve,legacy_vector_scurve,41,1257656123,1257668468,1308804406,359521577
500,4,1.5,scurve,legacy_vector_scurve,42,963739754,963752099,839394400,747020730
500,4,1.5,scurve,legacy_vector_scurve,43,439914374,439926719,911631546,295572317
500,4,1.5,scurve,legacy_vector_scurve,44,1304703437,1304715782,475629599,1550778622
500,4,1.5,scurve,legacy_vector_scurve,45,42341118,42353463,1796409630,384794174
500,4,1.5,scurve,legacy_vector_scurve,46,1233352611,1233364956,559947327,537451284
500,4,1.5,scurve,legacy_vector_scurve,47,1603253386,1603265731,1452498041,1407081149
500,4,1.5,scurve,legacy_vector_scurve,48,1513606000,1513618345,526939735,91165898
500,4,1.5,scurve,legacy_vector_scurve,49,1439166190,1439178535,1423004620,519987523
500,4,1.5,scurve,legacy_vector_scurve,50,845482086,845494431,1723711755,267348529
500,4,1.5,scurve,legacy_vector_scurve,51,495326562,495338907,1773997499,30362365
500,4,1.5,scurve,legacy_vector_scurve,52,814795594,814807939,27379610,535605492
500,4,1.5,scurve,legacy_vector_scurve,53,1326872912,1326885257,1648287975,1781567301
500,4,1.5,scurve,legacy_vector_scurve,54,1495776152,1495788497,392059278,543204297
500,4,1.5,scurve,legacy_vector_scurve,55,1102823809,1102836154,776083753,546550694
500,4,1.5,scurve,legacy_vector_scurve,56,1144619100,1144631445,1102813107,430776219
500,4,1.5,scurve,legacy_vector_scurve,57,1500716903,1500729248,1507695369,1239792982
500,4,1.5,scurve,legacy_vector_scurve,58,24461341,24473686,1425972410,689358076
500,4,1.5,scurve,legacy_vector_scurve,59,1589451921,1589464266,1640564488,369915346
500,4,1.5,scurve,legacy_vector_scurve,60,379937933,379950278,395152742,70847934
500,4,1.5,scurve,legacy_vector_scurve,61,535251,547596,1308500134,871575601
500,4,1.5,scurve,legacy_vector_scurve,62,45998359,46010704,770899263,1080420986
500,4,1.5,scurve,legacy_vector_scurve,63,104971983,104984328,613014520,1311611170
500,4,1.5,scurve,legacy_vector_scurve,64,739585199,739597544,1444930898,1527837707
500,4,1.5,scurve,legacy_vector_scurve,65,869352751,869365096,556644460,1594529444
500,4,1.5,scurve,legacy_vector_scurve,66,951543058,951555403,435077594,1300654452
500,4,1.5,scurve,legacy_vector_scurve,67,694223291,694235636,795339457,609925448
500,4,1.5,scurve,legacy_vector_scurve,68,1510031896,1510044241,1205128355,1355683453
500,4,1.5,scurve,legacy_vector_scurve,69,1127331529,1127343874,1256845228,626734170
500,4,1.5,scurve,legacy_vector_scurve,70,261610007,261622352,71195977,647559951
500,4,1.5,scurve,legacy_vector_scurve,71,179605203,179617548,620756581,1066420791
500,4,1.5,scurve,legacy_vector_scurve,72,127791376,127803721,1535994996,919637857
500,4,1.5,scurve,legacy_vector_scurve,73,1491405663,1491418008,240624486,1631609625
500,4,1.5,scurve,legacy_vector_scurve,74,1315966168,1315978513,989988074,1786653422
500,4,1.5,scurve,legacy_vector_scurve,75,44051217,44063562,365191691,1066483969
500,4,1.5,scurve,legacy_vector_scurve,76,1513530428,1513542773,554491021,1113972138
500,4,1.5,scurve,legacy_vector_scurve,77,558032851,558045196,1351815444,993306282
500,4,1.5,scurve,legacy_vector_scurve,78,992047982,992060327,1495936322,968307560
500,4,1.5,scurve,legacy_vector_scurve,79,233549271,233561616,1374279281,1519206659
500,4,1.5,scurve,legacy_vector_scurve,80,491123248,491135593,793630320,813782294
500,4,1.5,scurve,legacy_vector_scurve,81,990648383,990660728,743599445,986586679
500,4,1.5,scurve,legacy_vector_scurve,82,1434579948,1434592293,1110627147,625240680
500,4,1.5,scurve,legacy_vector_scurve,83,171180877,171193222,321776989,55647295
500,4,1.5,scurve,legacy_vector_scurve,84,1007077062,1007089407,1280273719,468328065
500,4,1.5,scurve,legacy_vector_scurve,85,146898874,146911219,335798258,263910606
500,4,1.5,scurve,legacy_vector_scurve,86,1784802153,1784814498,401414804,1422622020
500,4,1.5,scurve,legacy_vector_scurve,87,1421294546,1421306891,1787982593,1062596337
500,4,1.5,scurve,legacy_vector_scurve,88,1187655859,1187668204,962123741,513251227
500,4,1.5,scurve,legacy_vector_scurve,89,641383959,641396304,182077717,1401994494
500,4,1.5,scurve,legacy_vector_scurve,90,1700497548,1700509893,816272975,490703308
500,4,1.5,scurve,legacy_vector_scurve,91,323683245,323695590,814684689,201085595
500,4,1.5,scurve,legacy_vector_scurve,92,1451005038,1451017383,683212953,445125079
500,4,1.5,scurve,legacy_vector_scurve,93,870124784,870137129,817632449,1236322795
500,4,1.5,scurve,legacy_vector_scurve,94,740296590,740308935,288224986,512208955
500,4,1.5,scurve,legacy_vector_scurve,95,331725644,331737989,615369652,560345752
500,4,1.5,scurve,legacy_vector_scurve,96,385729582,385741927,1203114776,1618067116
500,4,1.5,scurve,legacy_vector_scurve,97,8338403,8350748,547434787,210118431
500,4,1.5,scurve,legacy_vector_scurve,98,979043418,979055763,1479484265,648003314
500,4,1.5,scurve,legacy_vector_scurve,99,961223550,961235895,816555237,1380006468
500,4,1.5,sharp,legacy_vector_sharp,0,768049698,768062043,959125853,1502859300
500,4,1.5,sharp,legacy_vector_sharp,1,798801753,798814098,831418226,762558741
500,4,1.5,sharp,legacy_vector_sharp,2,243629909,243642254,1456764489,1632714627
500,4,1.5,sharp,legacy_vector_sharp,3,1668673265,1668685610,960600226,59325420
500,4,1.5,sharp,legacy_vector_sharp,4,1592951279,1592963624,1445331357,1219036180
500,4,1.5,sharp,legacy_vector_sharp,5,550673784,550686129,599858753,1509736061
500,4,1.5,sharp,legacy_vector_sharp,6,748185520,748197865,1385400029,831991495
500,4,1.5,sharp,legacy_vector_sharp,7,521214359,521226704,1414246775,1690441079
500,4,1.5,sharp,legacy_vector_sharp,8,738482870,738495215,294042779,759537518
500,4,1.5,sharp,legacy_vector_sharp,9,179539445,179551790,1670297976,418896392
500,4,1.5,sharp,legacy_vector_sharp,10,454739067,454751412,684456643,1424990109
500,4,1.5,sharp,legacy_vector_sharp,11,954924940,954937285,1139647669,1732086230
500,4,1.5,sharp,legacy_vector_sharp,12,149466454,149478799,137469389,1629940567
500,4,1.5,sharp,legacy_vector_sharp,13,1257880307,1257892652,187568089,737473972
500,4,1.5,sharp,legacy_vector_sharp,14,267361255,267373600,1186972533,734756992
500,4,1.5,sharp,legacy_vector_sharp,15,925279203,925291548,977585321,311267987
500,4,1.5,sharp,legacy_vector_sharp,16,1024752218,1024764563,646359966,1195721111
500,4,1.5,sharp,legacy_vector_sharp,17,1728152801,1728165146,633567041,1704780678
500,4,1.5,sharp,legacy_vector_sharp,18,1211923618,1211935963,1309331170,937918576
500,4,1.5,sharp,legacy_vector_sharp,19,1356405036,1356417381,1781108818,1636167177
500,4,1.5,sharp,legacy_vector_sharp,20,208799067,208811412,1794253374,1088960022
500,4,1.5,sharp,legacy_vector_sharp,21,1167167502,1167179847,367783616,52289074
500,4,1.5,sharp,legacy_vector_sharp,22,53891578,53903923,1776142907,677452330
500,4,1.5,sharp,legacy_vector_sharp,23,1143080913,1143093258,1571136736,1407494722
500,4,1.5,sharp,legacy_vector_sharp,24,774814869,774827214,351646318,236006831
500,4,1.5,sharp,legacy_vector_sharp,25,405805367,405817712,283477019,1232716767
500,4,1.5,sharp,legacy_vector_sharp,26,1577833607,1577845952,1337441813,1317056390
500,4,1.5,sharp,legacy_vector_sharp,27,493591593,493603938,88551565,707720499
500,4,1.5,sharp,legacy_vector_sharp,28,859176639,859188984,1736940712,1178141309
500,4,1.5,sharp,legacy_vector_sharp,29,763127175,763139520,854675176,1137705622
500,4,1.5,sharp,legacy_vector_sharp,30,69873763,69886108,1064327776,447909425
500,4,1.5,sharp,legacy_vector_sharp,31,1522783195,1522795540,414947165,532831332
500,4,1.5,sharp,legacy_vector_sharp,32,1159776756,1159789101,1549467166,436614356
500,4,1.5,sharp,legacy_vector_sharp,33,1136493457,1136505802,1789923310,1131028515
500,4,1.5,sharp,legacy_vector_sharp,34,1221912688,1221925033,1610812041,1006702516
500,4,1.5,sharp,legacy_vector_sharp,35,531044963,531057308,1664093023,85650494
500,4,1.5,sharp,legacy_vector_sharp,36,1320747502,1320759847,1275959505,1568035154
500,4,1.5,sharp,legacy_vector_sharp,37,1082832062,1082844407,141963044,153079596
500,4,1.5,sharp,legacy_vector_sharp,38,221331663,221344008,919984708,1755609821
500,4,1.5,sharp,legacy_vector_sharp,39,868909125,868921470,231144892,362074777
500,4,1.5,sharp,legacy_vector_sharp,40,338386661,338399006,907776390,1715142830
500,4,1.5,sharp,legacy_vector_sharp,41,1284811094,1284823439,711944589,794306104
500,4,1.5,sharp,legacy_vector_sharp,42,1548916711,1548929056,1704302058,927140477
500,4,1.5,sharp,legacy_vector_sharp,43,1642279937,1642292282,1470049750,1510393776
500,4,1.5,sharp,legacy_vector_sharp,44,403448348,403460693,1566076342,235331160
500,4,1.5,sharp,legacy_vector_sharp,45,1514769547,1514781892,1458914730,1263474553
500,4,1.5,sharp,legacy_vector_sharp,46,365597108,365609453,644116514,1439732241
500,4,1.5,sharp,legacy_vector_sharp,47,961249512,961261857,66504680,818736032
500,4,1.5,sharp,legacy_vector_sharp,48,1723616208,1723628553,834900278,1305831096
500,4,1.5,sharp,legacy_vector_sharp,49,614896387,614908732,523920259,93357169
500,4,1.5,sharp,legacy_vector_sharp,50,709523138,709535483,465387164,1786249831
500,4,1.5,sharp,legacy_vector_sharp,51,813841126,813853471,9797878,1361356268
500,4,1.5,sharp,legacy_vector_sharp,52,563557487,563569832,110459309,1642268509
500,4,1.5,sharp,legacy_vector_sharp,53,1310451167,1310463512,1699621056,458511945
500,4,1.5,sharp,legacy_vector_sharp,54,605482953,605495298,267250428,133451647
500,4,1.5,sharp,legacy_vector_sharp,55,757155178,757167523,323904401,318769747
500,4,1.5,sharp,legacy_vector_sharp,56,874855228,874867573,347349343,1022062323
500,4,1.5,sharp,legacy_vector_sharp,57,672531608,672543953,884979106,949244543
500,4,1.5,sharp,legacy_vector_sharp,58,531564709,531577054,1214699621,1245486735
500,4,1.5,sharp,legacy_vector_sharp,59,936208087,936220432,1089097280,600653718
500,4,1.5,sharp,legacy_vector_sharp,60,635742785,635755130,209536198,1560213458
500,4,1.5,sharp,legacy_vector_sharp,61,789982590,789994935,902249060,1582889312
500,4,1.5,sharp,legacy_vector_sharp,62,1106826751,1106839096,1243253130,1332870869
500,4,1.5,sharp,legacy_vector_sharp,63,1058482389,1058494734,1586235322,1057365586
500,4,1.5,sharp,legacy_vector_sharp,64,1170685168,1170697513,1197230755,828692662
500,4,1.5,sharp,legacy_vector_sharp,65,1312360381,1312372726,1089905471,266767332
500,4,1.5,sharp,legacy_vector_sharp,66,1504831854,1504844199,1554044392,915753284
500,4,1.5,sharp,legacy_vector_sharp,67,1018119080,1018131425,708521918,932376854
500,4,1.5,sharp,legacy_vector_sharp,68,1062870081,1062882426,429564324,426026169
500,4,1.5,sharp,legacy_vector_sharp,69,1195164186,1195176531,1093221673,31925542
500,4,1.5,sharp,legacy_vector_sharp,70,1644533831,1644546176,1764594936,1167495002
500,4,1.5,sharp,legacy_vector_sharp,71,1647182852,1647195197,1762590483,1457476956
500,4,1.5,sharp,legacy_vector_sharp,72,1499008674,1499021019,1232889452,317055187
500,4,1.5,sharp,legacy_vector_sharp,73,343661379,343673724,1432605652,218387543
500,4,1.5,sharp,legacy_vector_sharp,74,1350433936,1350446281,1662656514,1195015301
500,4,1.5,sharp,legacy_vector_sharp,75,1336794627,1336806972,165576387,161506022
500,4,1.5,sharp,legacy_vector_sharp,76,1592771172,1592783517,1536253254,1755794791
500,4,1.5,sharp,legacy_vector_sharp,77,1325078319,1325090664,1522510803,89009962
500,4,1.5,sharp,legacy_vector_sharp,78,1158462357,1158474702,276361425,445358290
500,4,1.5,sharp,legacy_vector_sharp,79,1497627259,1497639604,154997243,1712772589
500,4,1.5,sharp,legacy_vector_sharp,80,781110697,781123042,398693651,272065137
500,4,1.5,sharp,legacy_vector_sharp,81,1668277066,1668289411,437090296,1776541933
500,4,1.5,sharp,legacy_vector_sharp,82,1397363054,1397375399,1595380201,1461277692
500,4,1.5,sharp,legacy_vector_sharp,83,82481549,82493894,1058402498,1574666126
500,4,1.5,sharp,legacy_vector_sharp,84,1706629391,1706641736,906156669,1355350044
500,4,1.5,sharp,legacy_vector_sharp,85,1401876386,1401888731,411828920,672477674
500,4,1.5,sharp,legacy_vector_sharp,86,487953556,487965901,938176357,1327194722
500,4,1.5,sharp,legacy_vector_sharp,87,917396051,917408396,1510079212,58650621
500,4,1.5,sharp,legacy_vector_sharp,88,1131270918,1131283263,818498589,595466510
500,4,1.5,sharp,legacy_vector_sharp,89,630069552,630081897,1070813331,921710416
500,4,1.5,sharp,legacy_vector_sharp,90,955085799,955098144,610457427,941347402
500,4,1.5,sharp,legacy_vector_sharp,91,663175664,663188009,473015831,1309022435
500,4,1.5,sharp,legacy_vector_sharp,92,1022407234,1022419579,1063878757,402457725
500,4,1.5,sharp,legacy_vector_sharp,93,817967558,817979903,310736353,1281366148
500,4,1.5,sharp,legacy_vector_sharp,94,574712743,574725088,1533012778,506645146
500,4,1.5,sharp,legacy_vector_sharp,95,1407630964,1407643309,723619941,1184719995
500,4,1.5,sharp,legacy_vector_sharp,96,991943409,991955754,124931844,549414680
500,4,1.5,sharp,legacy_vector_sharp,97,163334996,163347341,630931551,35326541
500,4,1.5,sharp,legacy_vector_sharp,98,39802351,39814696,1166106860,465937005
500,4,1.5,sharp,legacy_vector_sharp,99,143226255,143238600,783295113,1455102793
500,4,1.5,zigzag,legacy_vector_zigzag,0,1010704590,1010716935,1767343105,1056326283
500,4,1.5,zigzag,legacy_vector_zigzag,1,953858198,953870543,1741879267,1755987591
500,4,1.5,zigzag,legacy_vector_zigzag,2,1035055422,1035067767,1552141223,997789608
500,4,1.5,zigzag,legacy_vector_zigzag,3,532013143,532025488,824563667,1123937280
500,4,1.5,zigzag,legacy_vector_zigzag,4,575362014,575374359,1580309263,1759704053
500,4,1.5,zigzag,legacy_vector_zigzag,5,1247775030,1247787375,70159984,652256478
500,4,1.5,zigzag,legacy_vector_zigzag,6,387612270,387624615,542462145,1505683633
500,4,1.5,zigzag,legacy_vector_zigzag,7,1070317301,1070329646,919865507,1377856520
500,4,1.5,zigzag,legacy_vector_zigzag,8,646487695,646500040,1384507883,1308786523
500,4,1.5,zigzag,legacy_vector_zigzag,9,1020049803,1020062148,1548539514,1034715324
500,4,1.5,zigzag,legacy_vector_zigzag,10,448898667,448911012,1523090663,1758085872
500,4,1.5,zigzag,legacy_vector_zigzag,11,1525506318,1525518663,855760428,818418035
500,4,1.5,zigzag,legacy_vector_zigzag,12,618290252,618302597,1463548438,1259663403
500,4,1.5,zigzag,legacy_vector_zigzag,13,1656341097,1656353442,184151889,77740567
500,4,1.5,zigzag,legacy_vector_zigzag,14,1510570995,1510583340,683960123,1397935247
500,4,1.5,zigzag,legacy_vector_zigzag,15,1103087691,1103100036,99313101,977717493
500,4,1.5,zigzag,legacy_vector_zigzag,16,477418528,477430873,478035278,467518251
500,4,1.5,zigzag,legacy_vector_zigzag,17,693119057,693131402,547474446,472460792
500,4,1.5,zigzag,legacy_vector_zigzag,18,529022636,529034981,546861116,1741466898
500,4,1.5,zigzag,legacy_vector_zigzag,19,1327007381,1327019726,536193211,471089075
500,4,1.5,zigzag,legacy_vector_zigzag,20,830701499,830713844,1195538014,1579172480
500,4,1.5,zigzag,legacy_vector_zigzag,21,170824545,170836890,1044717210,1675006258
500,4,1.5,zigzag,legacy_vector_zigzag,22,1636626684,1636639029,1437113698,1511283102
500,4,1.5,zigzag,legacy_vector_zigzag,23,1503730,1516075,1009988436,1100465374
500,4,1.5,zigzag,legacy_vector_zigzag,24,1613555771,1613568116,1644247209,732569712
500,4,1.5,zigzag,legacy_vector_zigzag,25,369241600,369253945,1259627071,1483800680
500,4,1.5,zigzag,legacy_vector_zigzag,26,215822891,215835236,400131264,529909119
500,4,1.5,zigzag,legacy_vector_zigzag,27,252379247,252391592,583868682,1060660937
500,4,1.5,zigzag,legacy_vector_zigzag,28,1611113827,1611126172,330101133,1718382647
500,4,1.5,zigzag,legacy_vector_zigzag,29,1666271321,1666283666,164170145,40158573
500,4,1.5,zigzag,legacy_vector_zigzag,30,80058522,80070867,451411983,55650673
500,4,1.5,zigzag,legacy_vector_zigzag,31,1217800597,1217812942,1506999426,1592485474
500,4,1.5,zigzag,legacy_vector_zigzag,32,879240786,879253131,1697100746,1101255353
500,4,1.5,zigzag,legacy_vector_zigzag,33,593357746,593370091,663101996,1284665156
500,4,1.5,zigzag,legacy_vector_zigzag,34,1105430750,1105443095,257763722,25007821
500,4,1.5,zigzag,legacy_vector_zigzag,35,1472165617,1472177962,1620204140,804527449
500,4,1.5,zigzag,legacy_vector_zigzag,36,1538197402,1538209747,1478671548,559116782
500,4,1.5,zigzag,legacy_vector_zigzag,37,534175377,534187722,1499082918,1010309576
500,4,1.5,zigzag,legacy_vector_zigzag,38,1495230788,1495243133,1045554225,11734962
500,4,1.5,zigzag,legacy_vector_zigzag,39,479186551,479198896,1320124909,1626626017
500,4,1.5,zigzag,legacy_vector_zigzag,40,1539674181,1539686526,1283221792,1195263558
500,4,1.5,zigzag,legacy_vector_zigzag,41,1063731497,1063743842,891484078,667744646
500,4,1.5,zigzag,legacy_vector_zigzag,42,724275858,724288203,1718260314,1583194718
500,4,1.5,zigzag,legacy_vector_zigzag,43,1777397196,1777409541,1774483300,1111094164
500,4,1.5,zigzag,legacy_vector_zigzag,44,400689450,400701795,1703111446,418451439
500,4,1.5,zigzag,legacy_vector_zigzag,45,1504304808,1504317153,1552759919,732457965
500,4,1.5,zigzag,legacy_vector_zigzag,46,1522879896,1522892241,863813734,587046245
500,4,1.5,zigzag,legacy_vector_zigzag,47,1734858346,1734870691,387937541,396755204
500,4,1.5,zigzag,legacy_vector_zigzag,48,799209060,799221405,1135331764,336137893
500,4,1.5,zigzag,legacy_vector_zigzag,49,1656738326,1656750671,1138906873,111290951
500,4,1.5,zigzag,legacy_vector_zigzag,50,1257992309,1258004654,457468699,65911028
500,4,1.5,zigzag,legacy_vector_zigzag,51,533787874,533800219,765563983,1686521772
500,4,1.5,zigzag,legacy_vector_zigzag,52,1307084506,1307096851,809800092,1438762224
500,4,1.5,zigzag,legacy_vector_zigzag,53,539624897,539637242,751732429,1287537907
500,4,1.5,zigzag,legacy_vector_zigzag,54,342226564,342238909,1728125861,529544446
500,4,1.5,zigzag,legacy_vector_zigzag,55,847233477,847245822,1430482100,210768746
500,4,1.5,zigzag,legacy_vector_zigzag,56,538676274,538688619,261729994,1662124369
500,4,1.5,zigzag,legacy_vector_zigzag,57,916086222,916098567,1703074246,1667846989
500,4,1.5,zigzag,legacy_vector_zigzag,58,1359111074,1359123419,1230908541,1221986892
500,4,1.5,zigzag,legacy_vector_zigzag,59,1530160189,1530172534,1301416526,177467763
500,4,1.5,zigzag,legacy_vector_zigzag,60,940340251,940352596,167582065,332376222
500,4,1.5,zigzag,legacy_vector_zigzag,61,556746228,556758573,425732661,1343573143
500,4,1.5,zigzag,legacy_vector_zigzag,62,1118718006,1118730351,515770263,1770824549
500,4,1.5,zigzag,legacy_vector_zigzag,63,235830756,235843101,465180724,197151881
500,4,1.5,zigzag,legacy_vector_zigzag,64,1429963062,1429975407,89987615,1616072032
500,4,1.5,zigzag,legacy_vector_zigzag,65,1742990436,1743002781,1047292338,1399186795
500,4,1.5,zigzag,legacy_vector_zigzag,66,1539264759,1539277104,1201722057,591075975
500,4,1.5,zigzag,legacy_vector_zigzag,67,1655958967,1655971312,1370595067,116997299
500,4,1.5,zigzag,legacy_vector_zigzag,68,1569234573,1569246918,1399289606,1493596299
500,4,1.5,zigzag,legacy_vector_zigzag,69,1030278439,1030290784,1156791376,995075456
500,4,1.5,zigzag,legacy_vector_zigzag,70,1677651405,1677663750,1037107513,462411570
500,4,1.5,zigzag,legacy_vector_zigzag,71,1442893177,1442905522,660571846,132460387
500,4,1.5,zigzag,legacy_vector_zigzag,72,640949106,640961451,202988127,1323053254
500,4,1.5,zigzag,legacy_vector_zigzag,73,1276400219,1276412564,153284745,1637343053
500,4,1.5,zigzag,legacy_vector_zigzag,74,1574160740,1574173085,200887920,1088288382
500,4,1.5,zigzag,legacy_vector_zigzag,75,669122960,669135305,661622308,1244294507
500,4,1.5,zigzag,legacy_vector_zigzag,76,491329462,491341807,1238688895,840001965
500,4,1.5,zigzag,legacy_vector_zigzag,77,120539236,120551581,1731307607,812361847
500,4,1.5,zigzag,legacy_vector_zigzag,78,716672906,716685251,611104583,637150809
500,4,1.5,zigzag,legacy_vector_zigzag,79,645231284,645243629,1379485017,298940987
500,4,1.5,zigzag,legacy_vector_zigzag,80,1285318233,1285330578,592112153,1616623211
500,4,1.5,zigzag,legacy_vector_zigzag,81,281454136,281466481,304458949,1773646929
500,4,1.5,zigzag,legacy_vector_zigzag,82,910985586,910997931,353586530,513385242
500,4,1.5,zigzag,legacy_vector_zigzag,83,751257750,751270095,425069700,1368448074
500,4,1.5,zigzag,legacy_vector_zigzag,84,373250732,373263077,1312469636,1270730612
500,4,1.5,zigzag,legacy_vector_zigzag,85,1675993174,1676005519,1393218207,520188360
500,4,1.5,zigzag,legacy_vector_zigzag,86,847643001,847655346,975143340,849614269
500,4,1.5,zigzag,legacy_vector_zigzag,87,1470094147,1470106492,1225574957,1431412303
500,4,1.5,zigzag,legacy_vector_zigzag,88,601633906,601646251,680256816,899640172
500,4,1.5,zigzag,legacy_vector_zigzag,89,1213604227,1213616572,1253222763,505856451
500,4,1.5,zigzag,legacy_vector_zigzag,90,650367326,650379671,747510244,1116606295
500,4,1.5,zigzag,legacy_vector_zigzag,91,485373573,485385918,1798015758,832441570
500,4,1.5,zigzag,legacy_vector_zigzag,92,373777741,373790086,1781855214,430712292
500,4,1.5,zigzag,legacy_vector_zigzag,93,1312009169,1312021514,1777912097,944547326
500,4,1.5,zigzag,legacy_vector_zigzag,94,451047017,451059362,597944355,187849994
500,4,1.5,zigzag,legacy_vector_zigzag,95,1158136708,1158149053,604280276,1113107058
500,4,1.5,zigzag,legacy_vector_zigzag,96,745705361,745717706,895727567,1798500522
500,4,1.5,zigzag,legacy_vector_zigzag,97,1455548084,1455560429,1476990100,903554713
500,4,1.5,zigzag,legacy_vector_zigzag,98,306994292,307006637,1144354443,1434922488
500,4,1.5,zigzag,legacy_vector_zigzag,99,714426888,714439233,1474338010,1369321942
500,12,1.5,random,legacy_vector_random,0,681961661,681974006,1327125811,1109695928
500,12,1.5,random,legacy_vector_random,1,1568530318,1568542663,101128153,951813344
500,12,1.5,random,legacy_vector_random,2,1674607012,1674619357,1173560414,220604070
500,12,1.5,random,legacy_vector_random,3,143477703,143490048,690353078,1088076118
500,12,1.5,random,legacy_vector_random,4,258436330,258448675,1292815198,975897937
500,12,1.5,random,legacy_vector_random,5,101685433,101697778,264223502,1139159623
500,12,1.5,random,legacy_vector_random,6,891428805,891441150,305528971,1159335528
500,12,1.5,random,legacy_vector_random,7,1785952254,1785964599,1747377872,1288823535
500,12,1.5,random,legacy_vector_random,8,506752877,506765222,563811163,1173565017
500,12,1.5,random,legacy_vector_random,9,1164586503,1164598848,1229798443,246919626
500,12,1.5,random,legacy_vector_random,10,62989060,63001405,1717938324,233118054
500,12,1.5,random,legacy_vector_random,11,1010674143,1010686488,1389007332,784150610
500,12,1.5,random,legacy_vector_random,12,1003544239,1003556584,178571731,954939076
500,12,1.5,random,legacy_vector_random,13,681901277,681913622,314564319,1050170251
500,12,1.5,random,legacy_vector_random,14,1654771970,1654784315,915368019,1262876337
500,12,1.5,random,legacy_vector_random,15,1202376996,1202389341,394311628,80410732
500,12,1.5,random,legacy_vector_random,16,269925917,269938262,407018996,929712744
500,12,1.5,random,legacy_vector_random,17,1497631110,1497643455,772859475,659177996
500,12,1.5,random,legacy_vector_random,18,1751927678,1751940023,592649456,952290034
500,12,1.5,random,legacy_vector_random,19,30725476,30737821,886052430,632906013
500,12,1.5,random,legacy_vector_random,20,591724360,591736705,325370733,1241779703
500,12,1.5,random,legacy_vector_random,21,735846656,735859001,497575619,208509023
500,12,1.5,random,legacy_vector_random,22,789082772,789095117,1076472854,790798185
500,12,1.5,random,legacy_vector_random,23,1679792811,1679805156,97797577,1427525465
500,12,1.5,random,legacy_vector_random,24,1017900911,1017913256,571491864,686571452
500,12,1.5,random,legacy_vector_random,25,117760692,117773037,1570667814,1153131101
500,12,1.5,random,legacy_vector_random,26,667794612,667806957,1152564288,271672712
500,12,1.5,random,legacy_vector_random,27,1606496127,1606508472,1516514843,1651329959
500,12,1.5,random,legacy_vector_random,28,1277445526,1277457871,23478133,766245851
500,12,1.5,random,legacy_vector_random,29,86881542,86893887,1622343168,1743088344
500,12,1.5,random,legacy_vector_random,30,704914455,704926800,1218786030,1644904254
500,12,1.5,random,legacy_vector_random,31,104388944,104401289,1474040711,198099025
500,12,1.5,random,legacy_vector_random,32,1487277516,1487289861,1739359217,725686595
500,12,1.5,random,legacy_vector_random,33,1496895626,1496907971,1035742092,1492609268
500,12,1.5,random,legacy_vector_random,34,983310799,983323144,1195555573,96569953
500,12,1.5,random,legacy_vector_random,35,748136163,748148508,302074342,75017582
500,12,1.5,random,legacy_vector_random,36,494395067,494407412,995689927,876261395
500,12,1.5,random,legacy_vector_random,37,1402299747,1402312092,273006331,847673890
500,12,1.5,random,legacy_vector_random,38,516134638,516146983,1119694526,1095841747
500,12,1.5,random,legacy_vector_random,39,459768545,459780890,505500177,1702065797
500,12,1.5,random,legacy_vector_random,40,815060545,815072890,986693159,1580371411
500,12,1.5,random,legacy_vector_random,41,204595148,204607493,787526557,64541447
500,12,1.5,random,legacy_vector_random,42,396303889,396316234,91662791,45136071
500,12,1.5,random,legacy_vector_random,43,1651070487,1651082832,1476271855,338606338
500,12,1.5,random,legacy_vector_random,44,481165381,481177726,352054390,1687918091
500,12,1.5,random,legacy_vector_random,45,111220728,111233073,195914000,1277054483
500,12,1.5,random,legacy_vector_random,46,1739392801,1739405146,882260462,197489916
500,12,1.5,random,legacy_vector_random,47,320206674,320219019,1011878505,937095224
500,12,1.5,random,legacy_vector_random,48,1087190259,1087202604,1774152564,1495593552
500,12,1.5,random,legacy_vector_random,49,934778256,934790601,1000220232,1225358202
500,12,1.5,random,legacy_vector_random,50,1243393746,1243406091,25931713,212378524
500,12,1.5,random,legacy_vector_random,51,1392713054,1392725399,1712368773,47419491
500,12,1.5,random,legacy_vector_random,52,416118125,416130470,376231398,1505119904
500,12,1.5,random,legacy_vector_random,53,1671454414,1671466759,444949961,1071013976
500,12,1.5,random,legacy_vector_random,54,302449501,302461846,1582838148,995760434
500,12,1.5,random,legacy_vector_random,55,373930496,373942841,636393475,1005833247
500,12,1.5,random,legacy_vector_random,56,632062722,632075067,806587384,1046147788
500,12,1.5,random,legacy_vector_random,57,978719856,978732201,818857774,26752649
500,12,1.5,random,legacy_vector_random,58,20635395,20647740,1508913100,1247551641
500,12,1.5,random,legacy_vector_random,59,426405538,426417883,1044395181,1445779174
500,12,1.5,random,legacy_vector_random,60,909789360,909801705,1219937975,1608146679
500,12,1.5,random,legacy_vector_random,61,531049794,531062139,1486270022,148465835
500,12,1.5,random,legacy_vector_random,62,897008505,897020850,1325714800,1694849063
500,12,1.5,random,legacy_vector_random,63,247640252,247652597,1653490826,137908272
500,12,1.5,random,legacy_vector_random,64,501016350,501028695,472723408,1744193692
500,12,1.5,random,legacy_vector_random,65,95945725,95958070,57927606,858088726
500,12,1.5,random,legacy_vector_random,66,623569819,623582164,1006338636,120003066
500,12,1.5,random,legacy_vector_random,67,455519768,455532113,1034626202,655558652
500,12,1.5,random,legacy_vector_random,68,1696637296,1696649641,309513340,431123676
500,12,1.5,random,legacy_vector_random,69,704668922,704681267,897407146,1707518294
500,12,1.5,random,legacy_vector_random,70,1586143494,1586155839,863156829,1157343695
500,12,1.5,random,legacy_vector_random,71,139411224,139423569,541957809,46667370
500,12,1.5,random,legacy_vector_random,72,333170937,333183282,694336318,1399733528
500,12,1.5,random,legacy_vector_random,73,1359405007,1359417352,1164181793,364189760
500,12,1.5,random,legacy_vector_random,74,922628695,922641040,1798685430,92601378
500,12,1.5,random,legacy_vector_random,75,1248357002,1248369347,21131890,1406650861
500,12,1.5,random,legacy_vector_random,76,1711524003,1711536348,474245832,696023300
500,12,1.5,random,legacy_vector_random,77,538011655,538024000,1645395789,1321343323
500,12,1.5,random,legacy_vector_random,78,1681789597,1681801942,113504524,468521424
500,12,1.5,random,legacy_vector_random,79,1327970066,1327982411,620859542,990318922
500,12,1.5,random,legacy_vector_random,80,48566245,48578590,1321073709,605393022
500,12,1.5,random,legacy_vector_random,81,909926804,909939149,1627281193,1397384698
500,12,1.5,random,legacy_vector_random,82,983548548,983560893,724752789,704694894
500,12,1.5,random,legacy_vector_random,83,1180053465,1180065810,409888378,1012642135
500,12,1.5,random,legacy_vector_random,84,1540816528,1540828873,843603704,1426668258
500,12,1.5,random,legacy_vector_random,85,839075132,839087477,1396370772,1255100426
500,12,1.5,random,legacy_vector_random,86,1643818084,1643830429,805926807,1281434779
500,12,1.5,random,legacy_vector_random,87,233506252,233518597,550510555,849718880
500,12,1.5,random,legacy_vector_random,88,12387146,12399491,1636335219,1367727966
500,12,1.5,random,legacy_vector_random,89,651546751,651559096,342773464,833647924
500,12,1.5,random,legacy_vector_random,90,1465485543,1465497888,24195219,438648160
500,12,1.5,random,legacy_vector_random,91,1049291547,1049303892,1751669242,1126795934
500,12,1.5,random,legacy_vector_random,92,1647177227,1647189572,70736575,1169359636
500,12,1.5,random,legacy_vector_random,93,1451610586,1451622931,831245481,797611729
500,12,1.5,random,legacy_vector_random,94,1677903799,1677916144,576791677,1416734202
500,12,1.5,random,legacy_vector_random,95,828076303,828088648,406967352,902992009
500,12,1.5,random,legacy_vector_random,96,1241660176,1241672521,265982325,1227234749
500,12,1.5,random,legacy_vector_random,97,761863592,761875937,1430069222,812152149
500,12,1.5,random,legacy_vector_random,98,1086277269,1086289614,857244712,1163092660
500,12,1.5,random,legacy_vector_random,99,42162967,42175312,1638728902,490438383
500,12,1.5,scurve,legacy_vector_scurve,0,673311237,673323582,1339168970,626444318
500,12,1.5,scurve,legacy_vector_scurve,1,1210756683,1210769028,216737758,167993402
500,12,1.5,scurve,legacy_vector_scurve,2,1653179332,1653191677,1601744139,1396675414
500,12,1.5,scurve,legacy_vector_scurve,3,1284939393,1284951738,1069654946,715451952
500,12,1.5,scurve,legacy_vector_scurve,4,977773363,977785708,1688563678,1653106675
500,12,1.5,scurve,legacy_vector_scurve,5,1477645748,1477658093,1470880526,1153505465
500,12,1.5,scurve,legacy_vector_scurve,6,1238228576,1238240921,1153890403,966739524
500,12,1.5,scurve,legacy_vector_scurve,7,1080358621,1080370966,522690796,1451282321
500,12,1.5,scurve,legacy_vector_scurve,8,783340304,783352649,1072204796,256159340
500,12,1.5,scurve,legacy_vector_scurve,9,225462573,225474918,151051269,1140275305
500,12,1.5,scurve,legacy_vector_scurve,10,1580227653,1580239998,1030252491,1640613095
500,12,1.5,scurve,legacy_vector_scurve,11,746907338,746919683,590811153,1639076016
500,12,1.5,scurve,legacy_vector_scurve,12,877121768,877134113,1209644494,570736079
500,12,1.5,scurve,legacy_vector_scurve,13,1698402328,1698414673,359782730,193444585
500,12,1.5,scurve,legacy_vector_scurve,14,1078875021,1078887366,295143243,192503979
500,12,1.5,scurve,legacy_vector_scurve,15,11052130,11064475,165474729,1495375014
500,12,1.5,scurve,legacy_vector_scurve,16,286334636,286346981,700319272,1768031167
500,12,1.5,scurve,legacy_vector_scurve,17,1795570883,1795583228,368064501,195063469
500,12,1.5,scurve,legacy_vector_scurve,18,929769258,929781603,1626573704,179067904
500,12,1.5,scurve,legacy_vector_scurve,19,1670258491,1670270836,555244479,70153603
500,12,1.5,scurve,legacy_vector_scurve,20,1564651915,1564664260,561470968,228806815
500,12,1.5,scurve,legacy_vector_scurve,21,174863452,174875797,1752895057,999166218
500,12,1.5,scurve,legacy_vector_scurve,22,1686636432,1686648777,1082999267,1731569610
500,12,1.5,scurve,legacy_vector_scurve,23,1295331732,1295344077,482287646,873558065
500,12,1.5,scurve,legacy_vector_scurve,24,255349057,255361402,551783545,1410995984
500,12,1.5,scurve,legacy_vector_scurve,25,214555786,214568131,571872287,94019333
500,12,1.5,scurve,legacy_vector_scurve,26,1452620546,1452632891,221925846,1444316710
500,12,1.5,scurve,legacy_vector_scurve,27,484467543,484479888,1636425191,1461461899
500,12,1.5,scurve,legacy_vector_scurve,28,1026619473,1026631818,1029859896,426498569
500,12,1.5,scurve,legacy_vector_scurve,29,748545715,748558060,795516519,1688585408
500,12,1.5,scurve,legacy_vector_scurve,30,726578539,726590884,1208446511,1016002306
500,12,1.5,scurve,legacy_vector_scurve,31,252875756,252888101,89674987,710407059
500,12,1.5,scurve,legacy_vector_scurve,32,819313015,819325360,1537104692,1706673935
500,12,1.5,scurve,legacy_vector_scurve,33,1534195454,1534207799,506256804,1692707588
500,12,1.5,scurve,legacy_vector_scurve,34,343545684,343558029,734408840,1444431803
500,12,1.5,scurve,legacy_vector_scurve,35,168914627,168926972,1099452766,778660282
500,12,1.5,scurve,legacy_vector_scurve,36,365674612,365686957,861740887,948711272
500,12,1.5,scurve,legacy_vector_scurve,37,1393658510,1393670855,863196718,1332745336
500,12,1.5,scurve,legacy_vector_scurve,38,752730627,752742972,1624970060,278647196
500,12,1.5,scurve,legacy_vector_scurve,39,1498912606,1498924951,1500325365,1154840082
500,12,1.5,scurve,legacy_vector_scurve,40,1433859954,1433872299,1774163382,1753900088
500,12,1.5,scurve,legacy_vector_scurve,41,795616328,795628673,1499356180,712715605
500,12,1.5,scurve,legacy_vector_scurve,42,1385561522,1385573867,342360041,1641466687
500,12,1.5,scurve,legacy_vector_scurve,43,1525304034,1525316379,282200449,327896066
500,12,1.5,scurve,legacy_vector_scurve,44,331303903,331316248,1683587406,253821043
500,12,1.5,scurve,legacy_vector_scurve,45,727581510,727593855,237542793,1523595880
500,12,1.5,scurve,legacy_vector_scurve,46,79364694,79377039,590953326,1550230434
500,12,1.5,scurve,legacy_vector_scurve,47,1573649130,1573661475,300334522,971678629
500,12,1.5,scurve,legacy_vector_scurve,48,1762405171,1762417516,1498771472,1473573286
500,12,1.5,scurve,legacy_vector_scurve,49,1781982868,1781995213,1625397082,188681884
500,12,1.5,scurve,legacy_vector_scurve,50,989720389,989732734,1332383662,616974028
500,12,1.5,scurve,legacy_vector_scurve,51,668563881,668576226,830497260,1497418765
500,12,1.5,scurve,legacy_vector_scurve,52,632767752,632780097,257558926,1685957583
500,12,1.5,scurve,legacy_vector_scurve,53,1040375645,1040387990,117516166,1091617217
500,12,1.5,scurve,legacy_vector_scurve,54,1756315952,1756328297,744610331,621873226
500,12,1.5,scurve,legacy_vector_scurve,55,373398354,373410699,1370724707,356695958
500,12,1.5,scurve,legacy_vector_scurve,56,1110278583,1110290928,868871964,1697431152
500,12,1.5,scurve,legacy_vector_scurve,57,1658828869,1658841214,1137394424,1629352460
500,12,1.5,scurve,legacy_vector_scurve,58,611471339,611483684,588795177,1692089613
500,12,1.5,scurve,legacy_vector_scurve,59,1664840373,1664852718,476824703,1762037762
500,12,1.5,scurve,legacy_vector_scurve,60,672830667,672843012,622964312,1434706082
500,12,1.5,scurve,legacy_vector_scurve,61,608090862,608103207,1017368350,331386444
500,12,1.5,scurve,legacy_vector_scurve,62,1091861244,1091873589,532672955,999129453
500,12,1.5,scurve,legacy_vector_scurve,63,1799593309,1799605654,985998943,1754282446
500,12,1.5,scurve,legacy_vector_scurve,64,543597223,543609568,138848466,1717912805
500,12,1.5,scurve,legacy_vector_scurve,65,108123065,108135410,1401062055,1458969491
500,12,1.5,scurve,legacy_vector_scurve,66,1061176336,1061188681,155988987,1220268410
500,12,1.5,scurve,legacy_vector_scurve,67,914120797,914133142,1260801789,527262384
500,12,1.5,scurve,legacy_vector_scurve,68,1131413447,1131425792,1265133905,818245911
500,12,1.5,scurve,legacy_vector_scurve,69,383927135,383939480,897952534,846677030
500,12,1.5,scurve,legacy_vector_scurve,70,283958943,283971288,1216184642,1444661958
500,12,1.5,scurve,legacy_vector_scurve,71,966340520,966352865,1379003195,56466488
500,12,1.5,scurve,legacy_vector_scurve,72,1267470591,1267482936,1056661578,768944300
500,12,1.5,scurve,legacy_vector_scurve,73,1396072205,1396084550,622630655,261008917
500,12,1.5,scurve,legacy_vector_scurve,74,1090500096,1090512441,1319249708,721162668
500,12,1.5,scurve,legacy_vector_scurve,75,630867268,630879613,1684848264,1248180074
500,12,1.5,scurve,legacy_vector_scurve,76,1462237819,1462250164,1750599174,152368841
500,12,1.5,scurve,legacy_vector_scurve,77,98171412,98183757,1171620874,1385929709
500,12,1.5,scurve,legacy_vector_scurve,78,38524253,38536598,87278069,1159243657
500,12,1.5,scurve,legacy_vector_scurve,79,299193624,299205969,1244244184,1098483072
500,12,1.5,scurve,legacy_vector_scurve,80,665301987,665314332,155620551,1467255757
500,12,1.5,scurve,legacy_vector_scurve,81,486130420,486142765,253959991,1515117751
500,12,1.5,scurve,legacy_vector_scurve,82,1541362877,1541375222,13263573,1384371158
500,12,1.5,scurve,legacy_vector_scurve,83,80459793,80472138,310397481,1420379527
500,12,1.5,scurve,legacy_vector_scurve,84,1040271934,1040284279,1593518945,23825691
500,12,1.5,scurve,legacy_vector_scurve,85,1773817229,1773829574,690917345,345727581
500,12,1.5,scurve,legacy_vector_scurve,86,751851926,751864271,554852945,1132395762
500,12,1.5,scurve,legacy_vector_scurve,87,17066849,17079194,1582401090,1718078640
500,12,1.5,scurve,legacy_vector_scurve,88,1453501291,1453513636,1569504714,163647444
500,12,1.5,scurve,legacy_vector_scurve,89,1585003326,1585015671,1176600275,1062606645
500,12,1.5,scurve,legacy_vector_scurve,90,36706904,36719249,688636108,1520475148
500,12,1.5,scurve,legacy_vector_scurve,91,442262225,442274570,227876451,1504549368
500,12,1.5,scurve,legacy_vector_scurve,92,213109060,213121405,844940760,1594386523
500,12,1.5,scurve,legacy_vector_scurve,93,1154263250,1154275595,464005966,546627452
500,12,1.5,scurve,legacy_vector_scurve,94,1103613894,1103626239,124848095,990915875
500,12,1.5,scurve,legacy_vector_scurve,95,769592893,769605238,852287655,1520618826
500,12,1.5,scurve,legacy_vector_scurve,96,1466429973,1466442318,700249910,391999093
500,12,1.5,scurve,legacy_vector_scurve,97,945897784,945910129,1532385374,130873868
500,12,1.5,scurve,legacy_vector_scurve,98,1715239991,1715252336,672439840,1688501827
500,12,1.5,scurve,legacy_vector_scurve,99,1714543923,1714556268,1534889430,1621603993
500,12,1.5,sharp,legacy_vector_sharp,0,1543535008,1543547353,964299565,158230360
500,12,1.5,sharp,legacy_vector_sharp,1,1613735472,1613747817,1779911569,564654729
500,12,1.5,sharp,legacy_vector_sharp,2,1766901584,1766913929,542715092,206542524
500,12,1.5,sharp,legacy_vector_sharp,3,1205160793,1205173138,1177271267,503664008
500,12,1.5,sharp,legacy_vector_sharp,4,1069251173,1069263518,1496336599,1492082462
500,12,1.5,sharp,legacy_vector_sharp,5,1435453611,1435465956,1799037063,1688690085
500,12,1.5,sharp,legacy_vector_sharp,6,492470949,492483294,283781300,1512324322
500,12,1.5,sharp,legacy_vector_sharp,7,327903047,327915392,1019912877,543463975
500,12,1.5,sharp,legacy_vector_sharp,8,840802794,840815139,1171997544,1341480841
500,12,1.5,sharp,legacy_vector_sharp,9,1416604283,1416616628,922097342,290817212
500,12,1.5,sharp,legacy_vector_sharp,10,174455251,174467596,1520990665,1536544200
500,12,1.5,sharp,legacy_vector_sharp,11,969121297,969133642,376373076,377007845
500,12,1.5,sharp,legacy_vector_sharp,12,1431641197,1431653542,1233296170,1706707942
500,12,1.5,sharp,legacy_vector_sharp,13,950449248,950461593,678756754,1700349712
500,12,1.5,sharp,legacy_vector_sharp,14,1285442308,1285454653,508065291,1508665667
500,12,1.5,sharp,legacy_vector_sharp,15,1265308646,1265320991,1381961341,185769812
500,12,1.5,sharp,legacy_vector_sharp,16,38008155,38020500,414426838,1130970230
500,12,1.5,sharp,legacy_vector_sharp,17,946673229,946685574,1265359480,1011046853
500,12,1.5,sharp,legacy_vector_sharp,18,408315487,408327832,1277882880,789156500
500,12,1.5,sharp,legacy_vector_sharp,19,38724572,38736917,1464378902,346954189
500,12,1.5,sharp,legacy_vector_sharp,20,475682968,475695313,1653447323,5448809
500,12,1.5,sharp,legacy_vector_sharp,21,1617651069,1617663414,761597137,377711466
500,12,1.5,sharp,legacy_vector_sharp,22,698552479,698564824,1458528416,1775192126
500,12,1.5,sharp,legacy_vector_sharp,23,910127165,910139510,94896538,1537745902
500,12,1.5,sharp,legacy_vector_sharp,24,1103122070,1103134415,860010009,934500912
500,12,1.5,sharp,legacy_vector_sharp,25,93591764,93604109,214443281,425343392
500,12,1.5,sharp,legacy_vector_sharp,26,1529976402,1529988747,57741611,371718025
500,12,1.5,sharp,legacy_vector_sharp,27,713230250,713242595,882585338,1041141265
500,12,1.5,sharp,legacy_vector_sharp,28,287364721,287377066,1409822944,791422804
500,12,1.5,sharp,legacy_vector_sharp,29,1280473938,1280486283,270906401,276548364
500,12,1.5,sharp,legacy_vector_sharp,30,429010616,429022961,536526955,899677679
500,12,1.5,sharp,legacy_vector_sharp,31,351225781,351238126,1722060922,1165719717
500,12,1.5,sharp,legacy_vector_sharp,32,1133690623,1133702968,508746360,447388684
500,12,1.5,sharp,legacy_vector_sharp,33,1516041425,1516053770,752127199,1465379197
500,12,1.5,sharp,legacy_vector_sharp,34,1300353113,1300365458,529040936,1553784650
500,12,1.5,sharp,legacy_vector_sharp,35,1421301178,1421313523,710860969,100210717
500,12,1.5,sharp,legacy_vector_sharp,36,1461505626,1461517971,711006155,1741967006
500,12,1.5,sharp,legacy_vector_sharp,37,126338347,126350692,287421929,666733808
500,12,1.5,sharp,legacy_vector_sharp,38,1451418196,1451430541,820014581,529580099
500,12,1.5,sharp,legacy_vector_sharp,39,1293734535,1293746880,734365452,702767869
500,12,1.5,sharp,legacy_vector_sharp,40,530335611,530347956,326257183,549650920
500,12,1.5,sharp,legacy_vector_sharp,41,299416783,299429128,791460838,633685872
500,12,1.5,sharp,legacy_vector_sharp,42,1483410445,1483422790,525471928,1291332577
500,12,1.5,sharp,legacy_vector_sharp,43,1173859996,1173872341,411800563,214000102
500,12,1.5,sharp,legacy_vector_sharp,44,1334831893,1334844238,74774912,1003482587
500,12,1.5,sharp,legacy_vector_sharp,45,1221492005,1221504350,875583710,823539338
500,12,1.5,sharp,legacy_vector_sharp,46,787665029,787677374,615754741,1248087002
500,12,1.5,sharp,legacy_vector_sharp,47,919175053,919187398,1004066055,670462326
500,12,1.5,sharp,legacy_vector_sharp,48,84036853,84049198,654055976,387958812
500,12,1.5,sharp,legacy_vector_sharp,49,951610892,951623237,1343386837,442312559
500,12,1.5,sharp,legacy_vector_sharp,50,1535903514,1535915859,55166725,303632969
500,12,1.5,sharp,legacy_vector_sharp,51,302189538,302201883,581663719,1356344680
500,12,1.5,sharp,legacy_vector_sharp,52,885178058,885190403,1262212236,1327543218
500,12,1.5,sharp,legacy_vector_sharp,53,631264935,631277280,1772660509,855304998
500,12,1.5,sharp,legacy_vector_sharp,54,261715129,261727474,807933110,1147646424
500,12,1.5,sharp,legacy_vector_sharp,55,326249109,326261454,445466968,585987440
500,12,1.5,sharp,legacy_vector_sharp,56,435691078,435703423,204435786,124503749
500,12,1.5,sharp,legacy_vector_sharp,57,1796889647,1796901992,817697288,1484515181
500,12,1.5,sharp,legacy_vector_sharp,58,1009792520,1009804865,285553415,727529004
500,12,1.5,sharp,legacy_vector_sharp,59,956829874,956842219,293816876,841345112
500,12,1.5,sharp,legacy_vector_sharp,60,1007755632,1007767977,749637552,962469398
500,12,1.5,sharp,legacy_vector_sharp,61,455652082,455664427,372325707,756651306
500,12,1.5,sharp,legacy_vector_sharp,62,563687223,563699568,815039402,152755215
500,12,1.5,sharp,legacy_vector_sharp,63,976348924,976361269,141516364,1099281870
500,12,1.5,sharp,legacy_vector_sharp,64,351274964,351287309,356179849,472110874
500,12,1.5,sharp,legacy_vector_sharp,65,766201775,766214120,817038960,1712207267
500,12,1.5,sharp,legacy_vector_sharp,66,351456394,351468739,131310884,1542420473
500,12,1.5,sharp,legacy_vector_sharp,67,87061760,87074105,19250323,930208021
500,12,1.5,sharp,legacy_vector_sharp,68,1657097936,1657110281,1505343687,1053339759
500,12,1.5,sharp,legacy_vector_sharp,69,239481799,239494144,1297976371,940774234
500,12,1.5,sharp,legacy_vector_sharp,70,415130562,415142907,813562380,1282313197
500,12,1.5,sharp,legacy_vector_sharp,71,161329107,161341452,983434014,501691608
500,12,1.5,sharp,legacy_vector_sharp,72,1127704187,1127716532,440409499,636436332
500,12,1.5,sharp,legacy_vector_sharp,73,1070360264,1070372609,15785339,1304326915
500,12,1.5,sharp,legacy_vector_sharp,74,360744493,360756838,1722696108,408170886
500,12,1.5,sharp,legacy_vector_sharp,75,1261319451,1261331796,622771907,846819572
500,12,1.5,sharp,legacy_vector_sharp,76,554034543,554046888,1461818595,725502676
500,12,1.5,sharp,legacy_vector_sharp,77,1400743613,1400755958,263749947,1198629823
500,12,1.5,sharp,legacy_vector_sharp,78,434059588,434071933,589816987,82266746
500,12,1.5,sharp,legacy_vector_sharp,79,29926991,29939336,1037945150,667050690
500,12,1.5,sharp,legacy_vector_sharp,80,632785740,632798085,1413770866,416869635
500,12,1.5,sharp,legacy_vector_sharp,81,824185883,824198228,548548302,1186979976
500,12,1.5,sharp,legacy_vector_sharp,82,222242491,222254836,597244808,696906656
500,12,1.5,sharp,legacy_vector_sharp,83,880929130,880941475,930673869,717630567
500,12,1.5,sharp,legacy_vector_sharp,84,1489539788,1489552133,1211502608,816829975
500,12,1.5,sharp,legacy_vector_sharp,85,1139036017,1139048362,511085415,344193117
500,12,1.5,sharp,legacy_vector_sharp,86,618063147,618075492,1421792360,340179403
500,12,1.5,sharp,legacy_vector_sharp,87,232245854,232258199,1543139462,299383817
500,12,1.5,sharp,legacy_vector_sharp,88,985469982,985482327,940351532,557527504
500,12,1.5,sharp,legacy_vector_sharp,89,247803932,247816277,112591262,758908680
500,12,1.5,sharp,legacy_vector_sharp,90,377966162,377978507,532439203,1634897213
500,12,1.5,sharp,legacy_vector_sharp,91,1624112704,1624125049,672797216,1023463316
500,12,1.5,sharp,legacy_vector_sharp,92,1103382614,1103394959,780213873,530128838
500,12,1.5,sharp,legacy_vector_sharp,93,1227717451,1227729796,129191421,290536278
500,12,1.5,sharp,legacy_vector_sharp,94,179447368,179459713,139384451,1308044613
500,12,1.5,sharp,legacy_vector_sharp,95,256133112,256145457,427514103,683152457
500,12,1.5,sharp,legacy_vector_sharp,96,44483685,44496030,1424271008,21875916
500,12,1.5,sharp,legacy_vector_sharp,97,1769065591,1769077936,1757627691,1217087916
500,12,1.5,sharp,legacy_vector_sharp,98,1571452397,1571464742,917909558,1722866084
500,12,1.5,sharp,legacy_vector_sharp,99,1519099811,1519112156,987262709,1319449553
500,12,1.5,zigzag,legacy_vector_zigzag,0,1254245730,1254258075,77862625,1292173302
500,12,1.5,zigzag,legacy_vector_zigzag,1,1714344893,1714357238,973958954,348470080
500,12,1.5,zigzag,legacy_vector_zigzag,2,1168124277,1168136622,966456145,1462545943
500,12,1.5,zigzag,legacy_vector_zigzag,3,1632834599,1632846944,1489101638,683076232
500,12,1.5,zigzag,legacy_vector_zigzag,4,918290221,918302566,1322200752,643455665
500,12,1.5,zigzag,legacy_vector_zigzag,5,756132932,756145277,1314906927,513313609
500,12,1.5,zigzag,legacy_vector_zigzag,6,591397467,591409812,230815749,1241495189
500,12,1.5,zigzag,legacy_vector_zigzag,7,673339929,673352274,1161046932,563919590
500,12,1.5,zigzag,legacy_vector_zigzag,8,337655808,337668153,266218143,166341287
500,12,1.5,zigzag,legacy_vector_zigzag,9,1052025844,1052038189,361326723,719053718
500,12,1.5,zigzag,legacy_vector_zigzag,10,1401910414,1401922759,1200289321,249745757
500,12,1.5,zigzag,legacy_vector_zigzag,11,280565833,280578178,1759101786,423079069
500,12,1.5,zigzag,legacy_vector_zigzag,12,769446155,769458500,353481735,758575648
500,12,1.5,zigzag,legacy_vector_zigzag,13,408532363,408544708,181592792,38755386
500,12,1.5,zigzag,legacy_vector_zigzag,14,513643957,513656302,1558118084,317172810
500,12,1.5,zigzag,legacy_vector_zigzag,15,770743929,770756274,1234536494,749914635
500,12,1.5,zigzag,legacy_vector_zigzag,16,178771484,178783829,1740813648,1423463693
500,12,1.5,zigzag,legacy_vector_zigzag,17,1217804231,1217816576,1153883605,1459680079
500,12,1.5,zigzag,legacy_vector_zigzag,18,116181279,116193624,1797871553,503074217
500,12,1.5,zigzag,legacy_vector_zigzag,19,273423379,273435724,899883741,83711733
500,12,1.5,zigzag,legacy_vector_zigzag,20,1032424901,1032437246,371944230,9526342
500,12,1.5,zigzag,legacy_vector_zigzag,21,1516921007,1516933352,327969302,380217847
500,12,1.5,zigzag,legacy_vector_zigzag,22,389329853,389342198,1619262430,325572384
500,12,1.5,zigzag,legacy_vector_zigzag,23,1355097722,1355110067,1632581728,1671426779
500,12,1.5,zigzag,legacy_vector_zigzag,24,1145286878,1145299223,1483543364,905273572
500,12,1.5,zigzag,legacy_vector_zigzag,25,191944962,191957307,850037905,1704420998
500,12,1.5,zigzag,legacy_vector_zigzag,26,1467988680,1468001025,881964188,1471263739
500,12,1.5,zigzag,legacy_vector_zigzag,27,1007037830,1007050175,1432147608,1729617358
500,12,1.5,zigzag,legacy_vector_zigzag,28,483993935,484006280,812296517,298391986
500,12,1.5,zigzag,legacy_vector_zigzag,29,1210701513,1210713858,234129080,1689753900
500,12,1.5,zigzag,legacy_vector_zigzag,30,174041807,174054152,236877001,89442740
500,12,1.5,zigzag,legacy_vector_zigzag,31,895830432,895842777,808284311,1365385530
500,12,1.5,zigzag,legacy_vector_zigzag,32,246362633,246374978,939755511,701246674
500,12,1.5,zigzag,legacy_vector_zigzag,33,958290756,958303101,1517285236,1788240066
500,12,1.5,zigzag,legacy_vector_zigzag,34,839016198,839028543,969526906,547454099
500,12,1.5,zigzag,legacy_vector_zigzag,35,1707288515,1707300860,211903335,29691694
500,12,1.5,zigzag,legacy_vector_zigzag,36,883827920,883840265,940496941,1384790416
500,12,1.5,zigzag,legacy_vector_zigzag,37,1445722819,1445735164,278986717,305092902
500,12,1.5,zigzag,legacy_vector_zigzag,38,1119725067,1119737412,145074166,1623954270
500,12,1.5,zigzag,legacy_vector_zigzag,39,184906606,184918951,904054829,798091481
500,12,1.5,zigzag,legacy_vector_zigzag,40,59747364,59759709,866776514,490699764
500,12,1.5,zigzag,legacy_vector_zigzag,41,1106625917,1106638262,580517373,954546878
500,12,1.5,zigzag,legacy_vector_zigzag,42,1746644228,1746656573,592350060,453354764
500,12,1.5,zigzag,legacy_vector_zigzag,43,948286103,948298448,1565250059,675917630
500,12,1.5,zigzag,legacy_vector_zigzag,44,117646012,117658357,36823297,713523806
500,12,1.5,zigzag,legacy_vector_zigzag,45,995330574,995342919,1041883871,1192670327
500,12,1.5,zigzag,legacy_vector_zigzag,46,1050726626,1050738971,22311851,1292705232
500,12,1.5,zigzag,legacy_vector_zigzag,47,1255213141,1255225486,1492580329,655967134
500,12,1.5,zigzag,legacy_vector_zigzag,48,1374377946,1374390291,1465169628,308351401
500,12,1.5,zigzag,legacy_vector_zigzag,49,720902726,720915071,1369149108,389789213
500,12,1.5,zigzag,legacy_vector_zigzag,50,1564410080,1564422425,130617058,999973436
500,12,1.5,zigzag,legacy_vector_zigzag,51,480277048,480289393,1290740057,1269364642
500,12,1.5,zigzag,legacy_vector_zigzag,52,12875945,12888290,319145704,472544590
500,12,1.5,zigzag,legacy_vector_zigzag,53,50048776,50061121,386316643,513935850
500,12,1.5,zigzag,legacy_vector_zigzag,54,781141732,781154077,906279121,1441049857
500,12,1.5,zigzag,legacy_vector_zigzag,55,52902319,52914664,1512211810,1422310178
500,12,1.5,zigzag,legacy_vector_zigzag,56,562414851,562427196,669922240,56430142
500,12,1.5,zigzag,legacy_vector_zigzag,57,951728870,951741215,945820905,1633072153
500,12,1.5,zigzag,legacy_vector_zigzag,58,84952826,84965171,1434556514,1794735370
500,12,1.5,zigzag,legacy_vector_zigzag,59,1251619639,1251631984,1341239306,648520200
500,12,1.5,zigzag,legacy_vector_zigzag,60,1292790241,1292802586,1191953817,1183198039
500,12,1.5,zigzag,legacy_vector_zigzag,61,931554116,931566461,325781360,705221773
500,12,1.5,zigzag,legacy_vector_zigzag,62,1018473435,1018485780,594540456,1107312478
500,12,1.5,zigzag,legacy_vector_zigzag,63,298781149,298793494,478486304,677251016
500,12,1.5,zigzag,legacy_vector_zigzag,64,652999385,653011730,1322488501,255369140
500,12,1.5,zigzag,legacy_vector_zigzag,65,931568677,931581022,217429498,715212917
500,12,1.5,zigzag,legacy_vector_zigzag,66,695832728,695845073,1355417191,1403857075
500,12,1.5,zigzag,legacy_vector_zigzag,67,1470615136,1470627481,1542314274,981728662
500,12,1.5,zigzag,legacy_vector_zigzag,68,648776892,648789237,1242872979,236991584
500,12,1.5,zigzag,legacy_vector_zigzag,69,1394937432,1394949777,1006864094,1226809117
500,12,1.5,zigzag,legacy_vector_zigzag,70,1022031731,1022044076,1497467794,1469697077
500,12,1.5,zigzag,legacy_vector_zigzag,71,280377465,280389810,1593328881,1438155208
500,12,1.5,zigzag,legacy_vector_zigzag,72,1016532879,1016545224,364854136,1395768689
500,12,1.5,zigzag,legacy_vector_zigzag,73,1684282334,1684294679,179943511,419509420
500,12,1.5,zigzag,legacy_vector_zigzag,74,327822769,327835114,1224342596,509444928
500,12,1.5,zigzag,legacy_vector_zigzag,75,316726674,316739019,646595200,1520191207
500,12,1.5,zigzag,legacy_vector_zigzag,76,350944722,350957067,484763835,1708796636
500,12,1.5,zigzag,legacy_vector_zigzag,77,327916763,327929108,1525987793,210475390
500,12,1.5,zigzag,legacy_vector_zigzag,78,1621283713,1621296058,906181386,29774111
500,12,1.5,zigzag,legacy_vector_zigzag,79,1087015871,1087028216,1405042302,466090801
500,12,1.5,zigzag,legacy_vector_zigzag,80,911886067,911898412,50778808,1032959868
500,12,1.5,zigzag,legacy_vector_zigzag,81,469928209,469940554,692128476,674654159
500,12,1.5,zigzag,legacy_vector_zigzag,82,237762389,237774734,299548252,221072911
500,12,1.5,zigzag,legacy_vector_zigzag,83,554749178,554761523,590079341,1329801239
500,12,1.5,zigzag,legacy_vector_zigzag,84,1416993181,1417005526,1514258137,1239940087
500,12,1.5,zigzag,legacy_vector_zigzag,85,65311485,65323830,1005884660,30855323
500,12,1.5,zigzag,legacy_vector_zigzag,86,1685142927,1685155272,314666335,637991507
500,12,1.5,zigzag,legacy_vector_zigzag,87,1516672740,1516685085,1451556255,651723742
500,12,1.5,zigzag,legacy_vector_zigzag,88,1309467954,1309480299,467824335,1349231999
500,12,1.5,zigzag,legacy_vector_zigzag,89,1696910246,1696922591,355430991,595503177
500,12,1.5,zigzag,legacy_vector_zigzag,90,88106335,88118680,1037786035,934316467
500,12,1.5,zigzag,legacy_vector_zigzag,91,35087596,35099941,735699465,620348168
500,12,1.5,zigzag,legacy_vector_zigzag,92,1070406781,1070419126,321121334,946815052
500,12,1.5,zigzag,legacy_vector_zigzag,93,793979239,793991584,1427674779,1174917848
500,12,1.5,zigzag,legacy_vector_zigzag,94,461345355,461357700,1564963075,1779946863
500,12,1.5,zigzag,legacy_vector_zigzag,95,113092513,113104858,1466402513,206026925
500,12,1.5,zigzag,legacy_vector_zigzag,96,1345309203,1345321548,1580261603,1302503071
500,12,1.5,zigzag,legacy_vector_zigzag,97,1304246627,1304258972,1194459759,456936119
500,12,1.5,zigzag,legacy_vector_zigzag,98,163595193,163607538,136540957,700491239
500,12,1.5,zigzag,legacy_vector_zigzag,99,501690492,501702837,1498489551,1135629804
500,4,2.0,random,legacy_vector_random,0,1411845250,1411857595,1328390946,1597260336
500,4,2.0,random,legacy_vector_random,1,460245694,460258039,97544468,652291081
500,4,2.0,random,legacy_vector_random,2,1562154762,1562167107,1622786479,1439703029
500,4,2.0,random,legacy_vector_random,3,1444853936,1444866281,1659782518,726115336
500,4,2.0,random,legacy_vector_random,4,1567794665,1567807010,313566155,1614097074
500,4,2.0,random,legacy_vector_random,5,354453460,354465805,1370875815,766487000
500,4,2.0,random,legacy_vector_random,6,216909748,216922093,1206431205,1194332343
500,4,2.0,random,legacy_vector_random,7,115223173,115235518,267921805,262841238
500,4,2.0,random,legacy_vector_random,8,310528029,310540374,1674518354,901895402
500,4,2.0,random,legacy_vector_random,9,608476028,608488373,1546666353,1357754389
500,4,2.0,random,legacy_vector_random,10,273352392,273364737,702327813,1294234944
500,4,2.0,random,legacy_vector_random,11,1395093117,1395105462,1571688072,1029771356
500,4,2.0,random,legacy_vector_random,12,110720626,110732971,461701515,302082852
500,4,2.0,random,legacy_vector_random,13,1321584738,1321597083,1062132365,1730077731
500,4,2.0,random,legacy_vector_random,14,759574360,759586705,280893166,1787942767
500,4,2.0,random,legacy_vector_random,15,1298016270,1298028615,1456940210,1416226731
500,4,2.0,random,legacy_vector_random,16,1572082572,1572094917,528520591,20834744
500,4,2.0,random,legacy_vector_random,17,1680436331,1680448676,760996787,38014548
500,4,2.0,random,legacy_vector_random,18,203429323,203441668,1230421382,1634390674
500,4,2.0,random,legacy_vector_random,19,66087252,66099597,1330786695,1570141190
500,4,2.0,random,legacy_vector_random,20,85456406,85468751,246441756,1111354207
500,4,2.0,random,legacy_vector_random,21,575575421,575587766,365393923,229185604
500,4,2.0,random,legacy_vector_random,22,776930160,776942505,1370313341,667178650
500,4,2.0,random,legacy_vector_random,23,910906416,910918761,1500915411,663574565
500,4,2.0,random,legacy_vector_random,24,1248524935,1248537280,988642000,240381329
500,4,2.0,random,legacy_vector_random,25,1165460112,1165472457,1392562141,1531068562
500,4,2.0,random,legacy_vector_random,26,1047854893,1047867238,599033482,1718894897
500,4,2.0,random,legacy_vector_random,27,974045677,974058022,457737547,573204237
500,4,2.0,random,legacy_vector_random,28,788955805,788968150,1167979740,1182815613
500,4,2.0,random,legacy_vector_random,29,193609236,193621581,454718270,1160963371
500,4,2.0,random,legacy_vector_random,30,791314661,791327006,1789295986,934000063
500,4,2.0,random,legacy_vector_random,31,1177994660,1178007005,919011868,1705581818
500,4,2.0,random,legacy_vector_random,32,1123395702,1123408047,721142717,705794921
500,4,2.0,random,legacy_vector_random,33,1084098609,1084110954,1015417257,1611010880
500,4,2.0,random,legacy_vector_random,34,636789387,636801732,725580604,337460777
500,4,2.0,random,legacy_vector_random,35,1613556350,1613568695,1336811573,1738177597
500,4,2.0,random,legacy_vector_random,36,596486149,596498494,1062030967,600352826
500,4,2.0,random,legacy_vector_random,37,772948559,772960904,772037943,1341935901
500,4,2.0,random,legacy_vector_random,38,1532847161,1532859506,771342873,975608391
500,4,2.0,random,legacy_vector_random,39,157960924,157973269,456242028,811583597
500,4,2.0,random,legacy_vector_random,40,1517443592,1517455937,1305696191,1788089543
500,4,2.0,random,legacy_vector_random,41,515623147,515635492,1336172950,1234223433
500,4,2.0,random,legacy_vector_random,42,193481993,193494338,37432145,837287155
500,4,2.0,random,legacy_vector_random,43,376522456,376534801,809272816,1549285601
500,4,2.0,random,legacy_vector_random,44,993092555,993104900,488815021,1570666677
500,4,2.0,random,legacy_vector_random,45,505079423,505091768,61722693,814530191
500,4,2.0,random,legacy_vector_random,46,829386964,829399309,1296795004,1630390989
500,4,2.0,random,legacy_vector_random,47,1099836239,1099848584,1228505585,1170495154
500,4,2.0,random,legacy_vector_random,48,74694923,74707268,1502851223,973054549
500,4,2.0,random,legacy_vector_random,49,804514045,804526390,1594147004,521592937
500,4,2.0,random,legacy_vector_random,50,1523849974,1523862319,1193352877,1651637725
500,4,2.0,random,legacy_vector_random,51,79926204,79938549,846851383,1534481952
500,4,2.0,random,legacy_vector_random,52,724598325,724610670,876804716,338777899
500,4,2.0,random,legacy_vector_random,53,792921454,792933799,1349120332,723748636
500,4,2.0,random,legacy_vector_random,54,228246246,228258591,1626369361,700996414
500,4,2.0,random,legacy_vector_random,55,1607634664,1607647009,1306913689,1740063417
500,4,2.0,random,legacy_vector_random,56,1361426781,1361439126,1202827511,1033591467
500,4,2.0,random,legacy_vector_random,57,582193061,582205406,969938901,1492565244
500,4,2.0,random,legacy_vector_random,58,732763556,732775901,1353986840,146391293
500,4,2.0,random,legacy_vector_random,59,679394525,679406870,47988764,364748975
500,4,2.0,random,legacy_vector_random,60,1768108024,1768120369,539148250,243693322
500,4,2.0,random,legacy_vector_random,61,1230716169,1230728514,1324134725,1414375418
500,4,2.0,random,legacy_vector_random,62,227818867,227831212,305674872,1549379037
500,4,2.0,random,legacy_vector_random,63,247926403,247938748,1708081734,364168774
500,4,2.0,random,legacy_vector_random,64,1013914290,1013926635,810257489,1347466497
500,4,2.0,random,legacy_vector_random,65,336778775,336791120,59462127,328576172
500,4,2.0,random,legacy_vector_random,66,69460065,69472410,1430978635,1335676227
500,4,2.0,random,legacy_vector_random,67,1127877604,1127889949,1135108276,1480996003
500,4,2.0,random,legacy_vector_random,68,48459515,48471860,447092450,1565347577
500,4,2.0,random,legacy_vector_random,69,1531081171,1531093516,1337626352,1097508375
500,4,2.0,random,legacy_vector_random,70,1018924170,1018936515,770475628,1783669290
500,4,2.0,random,legacy_vector_random,71,201222359,201234704,1327649342,279693225
500,4,2.0,random,legacy_vector_random,72,560000893,560013238,882016136,456515471
500,4,2.0,random,legacy_vector_random,73,813706962,813719307,1287170776,995696205
500,4,2.0,random,legacy_vector_random,74,1689975394,1689987739,1390897362,57081116
500,4,2.0,random,legacy_vector_random,75,59366713,59379058,1676216902,105250545
500,4,2.0,random,legacy_vector_random,76,28926385,28938730,1108131385,1368171798
500,4,2.0,random,legacy_vector_random,77,399276158,399288503,657043331,1589529138
500,4,2.0,random,legacy_vector_random,78,1584247645,1584259990,1024841612,523431081
500,4,2.0,random,legacy_vector_random,79,573140318,573152663,297581419,1611820436
500,4,2.0,random,legacy_vector_random,80,541739480,541751825,978385714,1371508461
500,4,2.0,random,legacy_vector_random,81,217942075,217954420,1594409369,105053302
500,4,2.0,random,legacy_vector_random,82,502401212,502413557,400619527,977905372
500,4,2.0,random,legacy_vector_random,83,727446148,727458493,1764215807,993113784
500,4,2.0,random,legacy_vector_random,84,909551464,909563809,510019391,92732087
500,4,2.0,random,legacy_vector_random,85,1296141837,1296154182,182676013,806851414
500,4,2.0,random,legacy_vector_random,86,1006352619,1006364964,1659975787,621502353
500,4,2.0,random,legacy_vector_random,87,394912252,394924597,1222075810,413323563
500,4,2.0,random,legacy_vector_random,88,138799387,138811732,1224243102,1363436009
500,4,2.0,random,legacy_vector_random,89,820562580,820574925,699121278,493810853
500,4,2.0,random,legacy_vector_random,90,1525344936,1525357281,309840115,1784464626
500,4,2.0,random,legacy_vector_random,91,885954552,885966897,1620359947,1570621007
500,4,2.0,random,legacy_vector_random,92,1490155193,1490167538,857000899,160127579
500,4,2.0,random,legacy_vector_random,93,1015388146,1015400491,1523404462,918741147
500,4,2.0,random,legacy_vector_random,94,614363792,614376137,494603304,1783860938
500,4,2.0,random,legacy_vector_random,95,591667560,591679905,340817342,1030949996
500,4,2.0,random,legacy_vector_random,96,349304297,349316642,1435466169,1394669818
500,4,2.0,random,legacy_vector_random,97,4871918,4884263,1567459644,898527654
500,4,2.0,random,legacy_vector_random,98,760001717,760014062,1186422309,904582275
500,4,2.0,random,legacy_vector_random,99,167209394,167221739,1388730664,526032354
500,4,2.0,scurve,legacy_vector_scurve,0,251903901,251916246,602743803,387086478
500,4,2.0,scurve,legacy_vector_scurve,1,1055827504,1055839849,586848781,1498498363
500,4,2.0,scurve,legacy_vector_scurve,2,763291087,763303432,1105126776,263099968
500,4,2.0,scurve,legacy_vector_scurve,3,182652234,182664579,853103488,561953631
500,4,2.0,scurve,legacy_vector_scurve,4,682070012,682082357,996635563,1727145703
500,4,2.0,scurve,legacy_vector_scurve,5,1572687630,1572699975,880296156,138648467
500,4,2.0,scurve,legacy_vector_scurve,6,765881104,765893449,498067667,1302027479
500,4,2.0,scurve,legacy_vector_scurve,7,632192267,632204612,868341000,1565413138
500,4,2.0,scurve,legacy_vector_scurve,8,1002838581,1002850926,974911736,1505852494
500,4,2.0,scurve,legacy_vector_scurve,9,1311276496,1311288841,173879650,1014017638
500,4,2.0,scurve,legacy_vector_scurve,10,616491459,616503804,1759014027,933159527
500,4,2.0,scurve,legacy_vector_scurve,11,1323731190,1323743535,1683000244,1352532172
500,4,2.0,scurve,legacy_vector_scurve,12,297089887,297102232,981762013,136758256
500,4,2.0,scurve,legacy_vector_scurve,13,926461802,926474147,418735663,688652328
500,4,2.0,scurve,legacy_vector_scurve,14,180152657,180165002,1562626196,1370594720
500,4,2.0,scurve,legacy_vector_scurve,15,655023021,655035366,979913276,1221958105
500,4,2.0,scurve,legacy_vector_scurve,16,792509027,792521372,955398584,1099846597
500,4,2.0,scurve,legacy_vector_scurve,17,1099850459,1099862804,625045160,381566578
500,4,2.0,scurve,legacy_vector_scurve,18,93191246,93203591,866309193,1009106872
500,4,2.0,scurve,legacy_vector_scurve,19,946921035,946933380,1775365739,1722544248
500,4,2.0,scurve,legacy_vector_scurve,20,742135872,742148217,1648147602,1471494765
500,4,2.0,scurve,legacy_vector_scurve,21,330828217,330840562,303215082,909533432
500,4,2.0,scurve,legacy_vector_scurve,22,1659958611,1659970956,1472132012,899561024
500,4,2.0,scurve,legacy_vector_scurve,23,1337380630,1337392975,786077997,1565648599
500,4,2.0,scurve,legacy_vector_scurve,24,99985114,99997459,1572768183,1640255189
500,4,2.0,scurve,legacy_vector_scurve,25,1436432376,1436444721,1756658013,786341968
500,4,2.0,scurve,legacy_vector_scurve,26,232256241,232268586,433611943,1513771476
500,4,2.0,scurve,legacy_vector_scurve,27,266543438,266555783,966571814,1593867461
500,4,2.0,scurve,legacy_vector_scurve,28,797220428,797232773,1020746986,312626901
500,4,2.0,scurve,legacy_vector_scurve,29,1759331246,1759343591,657864034,205210048
500,4,2.0,scurve,legacy_vector_scurve,30,1746889254,1746901599,1749466027,1764971310
500,4,2.0,scurve,legacy_vector_scurve,31,120188513,120200858,624189375,1215282340
500,4,2.0,scurve,legacy_vector_scurve,32,1031976214,1031988559,706366736,1710110056
500,4,2.0,scurve,legacy_vector_scurve,33,973710832,973723177,1690212828,734382058
500,4,2.0,scurve,legacy_vector_scurve,34,1332024937,1332037282,729430875,671986227
500,4,2.0,scurve,legacy_vector_scurve,35,1797423178,1797435523,647860419,498497937
500,4,2.0,scurve,legacy_vector_scurve,36,121236798,121249143,113963956,1781525352
500,4,2.0,scurve,legacy_vector_scurve,37,672217730,672230075,105621110,359353639
500,4,2.0,scurve,legacy_vector_scurve,38,1685651401,1685663746,1588333761,1234131314
500,4,2.0,scurve,legacy_vector_scurve,39,354862202,354874547,1585221909,213968632
500,4,2.0,scurve,legacy_vector_scurve,40,142433275,142445620,1172777509,520161895
500,4,2.0,scurve,legacy_vector_scurve,41,506834104,506846449,143678704,531701743
500,4,2.0,scurve,legacy_vector_scurve,42,1443131008,1443143353,977848723,319975821
500,4,2.0,scurve,legacy_vector_scurve,43,1071150382,1071162727,1666384979,204955637
500,4,2.0,scurve,legacy_vector_scurve,44,426337187,426349532,1144288813,1123477611
500,4,2.0,scurve,legacy_vector_scurve,45,1764030555,1764042900,1534256362,1346893893
500,4,2.0,scurve,legacy_vector_scurve,46,1544656317,1544668662,396536592,1493456063
500,4,2.0,scurve,legacy_vector_scurve,47,764813073,764825418,757388298,1560711503
500,4,2.0,scurve,legacy_vector_scurve,48,585735460,585747805,444489849,1573382085
500,4,2.0,scurve,legacy_vector_scurve,49,381151654,381163999,1022450621,1298164093
500,4,2.0,scurve,legacy_vector_scurve,50,1101687281,1101699626,696746850,1325912322
500,4,2.0,scurve,legacy_vector_scurve,51,867680916,867693261,416308603,1629694894
500,4,2.0,scurve,legacy_vector_scurve,52,1348738438,1348750783,1273184570,503858054
500,4,2.0,scurve,legacy_vector_scurve,53,714687030,714699375,555434024,673180952
500,4,2.0,scurve,legacy_vector_scurve,54,410622262,410634607,1017777562,1596066306
500,4,2.0,scurve,legacy_vector_scurve,55,508575293,508587638,178827383,1455484138
500,4,2.0,scurve,legacy_vector_scurve,56,153998120,154010465,1434479289,143024418
500,4,2.0,scurve,legacy_vector_scurve,57,169451037,169463382,34810397,1691631073
500,4,2.0,scurve,legacy_vector_scurve,58,862538338,862550683,882994299,897609162
500,4,2.0,scurve,legacy_vector_scurve,59,1272243112,1272255457,1529963170,1475927981
500,4,2.0,scurve,legacy_vector_scurve,60,1169311039,1169323384,505781896,176791045
500,4,2.0,scurve,legacy_vector_scurve,61,1050602523,1050614868,531655491,439499663
500,4,2.0,scurve,legacy_vector_scurve,62,262533749,262546094,1601132110,1689074043
500,4,2.0,scurve,legacy_vector_scurve,63,220127915,220140260,744575335,1011278425
500,4,2.0,scurve,legacy_vector_scurve,64,1329171092,1329183437,675665612,937957926
500,4,2.0,scurve,legacy_vector_scurve,65,538369657,538382002,1361134131,1327339196
500,4,2.0,scurve,legacy_vector_scurve,66,1056333920,1056346265,893743436,1704034340
500,4,2.0,scurve,legacy_vector_scurve,67,1120992097,1121004442,1616425439,1574353357
500,4,2.0,scurve,legacy_vector_scurve,68,1302244449,1302256794,966406148,1612829827
500,4,2.0,scurve,legacy_vector_scurve,69,1471509231,1471521576,895214464,1411522296
500,4,2.0,scurve,legacy_vector_scurve,70,1447546971,1447559316,1561171997,938313470
500,4,2.0,scurve,legacy_vector_scurve,71,156702491,156714836,1737117275,1775453600
500,4,2.0,scurve,legacy_vector_scurve,72,777526275,777538620,1001703665,42467848
500,4,2.0,scurve,legacy_vector_scurve,73,1296142452,1296154797,1319149718,1455212109
500,4,2.0,scurve,legacy_vector_scurve,74,1269491708,1269504053,358152201,404270637
500,4,2.0,scurve,legacy_vector_scurve,75,540916246,540928591,1689779527,843762361
500,4,2.0,scurve,legacy_vector_scurve,76,1192183148,1192195493,580713765,1664661274
500,4,2.0,scurve,legacy_vector_scurve,77,1170958992,1170971337,1305187806,407469172
500,4,2.0,scurve,legacy_vector_scurve,78,1637534092,1637546437,1588376692,984817979
500,4,2.0,scurve,legacy_vector_scurve,79,1224353754,1224366099,1269806755,1519221447
500,4,2.0,scurve,legacy_vector_scurve,80,1594706613,1594718958,934448121,1049537135
500,4,2.0,scurve,legacy_vector_scurve,81,601712171,601724516,252297763,367367224
500,4,2.0,scurve,legacy_vector_scurve,82,535190403,535202748,1079966573,281605464
500,4,2.0,scurve,legacy_vector_scurve,83,1180179622,1180191967,1322614642,329015530
500,4,2.0,scurve,legacy_vector_scurve,84,1684296945,1684309290,613797182,723223099
500,4,2.0,scurve,legacy_vector_scurve,85,865657139,865669484,1725249375,1458202030
500,4,2.0,scurve,legacy_vector_scurve,86,1115106467,1115118812,312048313,1774267062
500,4,2.0,scurve,legacy_vector_scurve,87,559075139,559087484,1282883827,1568827578
500,4,2.0,scurve,legacy_vector_scurve,88,957786894,957799239,888709101,209619322
500,4,2.0,scurve,legacy_vector_scurve,89,1382237782,1382250127,352793491,238843613
500,4,2.0,scurve,legacy_vector_scurve,90,353453558,353465903,740359368,1567062937
500,4,2.0,scurve,legacy_vector_scurve,91,60270239,60282584,1462995406,772843898
500,4,2.0,scurve,legacy_vector_scurve,92,437059655,437072000,1487403920,922768607
500,4,2.0,scurve,legacy_vector_scurve,93,347565469,347577814,1583860952,815714781
500,4,2.0,scurve,legacy_vector_scurve,94,220307523,220319868,556696764,800406788
500,4,2.0,scurve,legacy_vector_scurve,95,1433278931,1433291276,900526286,781479756
500,4,2.0,scurve,legacy_vector_scurve,96,1272067261,1272079606,960049106,88563600
500,4,2.0,scurve,legacy_vector_scurve,97,1418449050,1418461395,1599531807,797198884
500,4,2.0,scurve,legacy_vector_scurve,98,1552773751,1552786096,986346994,161103285
500,4,2.0,scurve,legacy_vector_scurve,99,372381457,372393802,1366718951,681323830
500,4,2.0,sharp,legacy_vector_sharp,0,310745465,310757810,1040176564,91057884
500,4,2.0,sharp,legacy_vector_sharp,1,1068540210,1068552555,1182374514,1288831736
500,4,2.0,sharp,legacy_vector_sharp,2,1549243537,1549255882,1389726274,1637776917
500,4,2.0,sharp,legacy_vector_sharp,3,333235552,333247897,429145200,1596696582
500,4,2.0,sharp,legacy_vector_sharp,4,1798288963,1798301308,1106565465,189100416
500,4,2.0,sharp,legacy_vector_sharp,5,1208781151,1208793496,570481040,900583894
500,4,2.0,sharp,legacy_vector_sharp,6,1292531935,1292544280,1441614797,1320811423
500,4,2.0,sharp,legacy_vector_sharp,7,1517718423,1517730768,1590989184,429321327
500,4,2.0,sharp,legacy_vector_sharp,8,1741881955,1741894300,1463217069,168801807
500,4,2.0,sharp,legacy_vector_sharp,9,1278354507,1278366852,175762038,417641630
500,4,2.0,sharp,legacy_vector_sharp,10,637185755,637198100,1547993560,175071547
500,4,2.0,sharp,legacy_vector_sharp,11,1501421205,1501433550,1418470296,580317822
500,4,2.0,sharp,legacy_vector_sharp,12,285259917,285272262,1440102031,31537983
500,4,2.0,sharp,legacy_vector_sharp,13,1574819072,1574831417,493903152,233000509
500,4,2.0,sharp,legacy_vector_sharp,14,1165667171,1165679516,635703409,553768512
500,4,2.0,sharp,legacy_vector_sharp,15,1120421265,1120433610,1371577258,12636278
500,4,2.0,sharp,legacy_vector_sharp,16,881633509,881645854,1546234934,464499465
500,4,2.0,sharp,legacy_vector_sharp,17,155966544,155978889,1071586284,1673878535
500,4,2.0,sharp,legacy_vector_sharp,18,1771276060,1771288405,433759612,964858973
500,4,2.0,sharp,legacy_vector_sharp,19,654189173,654201518,1503879722,1577729107
500,4,2.0,sharp,legacy_vector_sharp,20,93233381,93245726,1570800448,1117058946
500,4,2.0,sharp,legacy_vector_sharp,21,6841303,6853648,581586296,828501217
500,4,2.0,sharp,legacy_vector_sharp,22,56945683,56958028,542967076,1712845948
500,4,2.0,sharp,legacy_vector_sharp,23,104142658,104155003,1111978470,1531508496
500,4,2.0,sharp,legacy_vector_sharp,24,867617943,867630288,22689670,1459094837
500,4,2.0,sharp,legacy_vector_sharp,25,700926713,700939058,1461579550,741295549
500,4,2.0,sharp,legacy_vector_sharp,26,661887779,661900124,1466970360,435853185
500,4,2.0,sharp,legacy_vector_sharp,27,872079498,872091843,977147687,83181791
500,4,2.0,sharp,legacy_vector_sharp,28,1549769566,1549781911,255115405,1173719827
500,4,2.0,sharp,legacy_vector_sharp,29,45625543,45637888,1438995827,934511254
500,4,2.0,sharp,legacy_vector_sharp,30,348863518,348875863,715253618,1149102108
500,4,2.0,sharp,legacy_vector_sharp,31,432966932,432979277,725191247,514710693
500,4,2.0,sharp,legacy_vector_sharp,32,1480927177,1480939522,101226118,922015163
500,4,2.0,sharp,legacy_vector_sharp,33,1647336717,1647349062,1159756219,1117634621
500,4,2.0,sharp,legacy_vector_sharp,34,671567764,671580109,1683099564,143093509
500,4,2.0,sharp,legacy_vector_sharp,35,787756531,787768876,1179479494,764074931
500,4,2.0,sharp,legacy_vector_sharp,36,460523771,460536116,1642616364,1689778487
500,4,2.0,sharp,legacy_vector_sharp,37,1075738063,1075750408,666596221,547673465
500,4,2.0,sharp,legacy_vector_sharp,38,278424242,278436587,1716174108,136558793
500,4,2.0,sharp,legacy_vector_sharp,39,287619529,287631874,1157842080,724875797
500,4,2.0,sharp,legacy_vector_sharp,40,1160809078,1160821423,78126131,353219729
500,4,2.0,sharp,legacy_vector_sharp,41,1208452540,1208464885,1008629211,1163375253
500,4,2.0,sharp,legacy_vector_sharp,42,477992238,478004583,663766855,1508312965
500,4,2.0,sharp,legacy_vector_sharp,43,671097376,671109721,683970385,409107014
500,4,2.0,sharp,legacy_vector_sharp,44,1440789839,1440802184,1601100833,622670371
500,4,2.0,sharp,legacy_vector_sharp,45,1223252243,1223264588,354636533,787358074
500,4,2.0,sharp,legacy_vector_sharp,46,712431508,712443853,1307354954,1111555032
500,4,2.0,sharp,legacy_vector_sharp,47,580093755,580106100,505102505,1249529959
500,4,2.0,sharp,legacy_vector_sharp,48,624053971,624066316,583649830,679455508
500,4,2.0,sharp,legacy_vector_sharp,49,510531492,510543837,1612351284,507958899
500,4,2.0,sharp,legacy_vector_sharp,50,1301052668,1301065013,20037159,1795844938
500,4,2.0,sharp,legacy_vector_sharp,51,1407454992,1407467337,353543666,627506983
500,4,2.0,sharp,legacy_vector_sharp,52,26426013,26438358,1480922982,769860907
500,4,2.0,sharp,legacy_vector_sharp,53,763361424,763373769,1196964120,377488596
500,4,2.0,sharp,legacy_vector_sharp,54,867236718,867249063,924993313,454686436
500,4,2.0,sharp,legacy_vector_sharp,55,517947078,517959423,899405409,455643328
500,4,2.0,sharp,legacy_vector_sharp,56,1336579656,1336592001,1164534705,461111424
500,4,2.0,sharp,legacy_vector_sharp,57,770143566,770155911,820929164,669335666
500,4,2.0,sharp,legacy_vector_sharp,58,858897686,858910031,820084414,316548298
500,4,2.0,sharp,legacy_vector_sharp,59,1609905994,1609918339,459339858,973237194
500,4,2.0,sharp,legacy_vector_sharp,60,1284264815,1284277160,397444921,579119606
500,4,2.0,sharp,legacy_vector_sharp,61,717932839,717945184,1723173441,1436708416
500,4,2.0,sharp,legacy_vector_sharp,62,1171654358,1171666703,135167081,1433363565
500,4,2.0,sharp,legacy_vector_sharp,63,1388328515,1388340860,1782853853,679451565
500,4,2.0,sharp,legacy_vector_sharp,64,486567887,486580232,988885059,1541366100
500,4,2.0,sharp,legacy_vector_sharp,65,1689782168,1689794513,845589178,592206610
500,4,2.0,sharp,legacy_vector_sharp,66,523692037,523704382,416243484,1290230882
500,4,2.0,sharp,legacy_vector_sharp,67,1252418682,1252431027,606792432,366393907
500,4,2.0,sharp,legacy_vector_sharp,68,1015537902,1015550247,145495325,1017458801
500,4,2.0,sharp,legacy_vector_sharp,69,887582953,887595298,1196980300,480332751
500,4,2.0,sharp,legacy_vector_sharp,70,1520150941,1520163286,185282426,270297977
500,4,2.0,sharp,legacy_vector_sharp,71,1292542366,1292554711,405174991,1744714723
500,4,2.0,sharp,legacy_vector_sharp,72,1285938128,1285950473,1267651084,1418340081
500,4,2.0,sharp,legacy_vector_sharp,73,925067366,925079711,504102803,63466597
500,4,2.0,sharp,legacy_vector_sharp,74,543831253,543843598,1078299449,813447326
500,4,2.0,sharp,legacy_vector_sharp,75,1176610331,1176622676,1766520712,1082705201
500,4,2.0,sharp,legacy_vector_sharp,76,238318016,238330361,1645908906,1652408577
500,4,2.0,sharp,legacy_vector_sharp,77,490317293,490329638,268737354,805550104
500,4,2.0,sharp,legacy_vector_sharp,78,1224002631,1224014976,993761575,1234205723
500,4,2.0,sharp,legacy_vector_sharp,79,378474582,378486927,136196044,1746328632
500,4,2.0,sharp,legacy_vector_sharp,80,372198360,372210705,535996749,1420143740
500,4,2.0,sharp,legacy_vector_sharp,81,547505814,547518159,214402767,1333721830
500,4,2.0,sharp,legacy_vector_sharp,82,1158716893,1158729238,887818730,289601590
500,4,2.0,sharp,legacy_vector_sharp,83,1187564650,1187576995,1482725050,272491689
500,4,2.0,sharp,legacy_vector_sharp,84,1051583861,1051596206,1692932687,1411651841
500,4,2.0,sharp,legacy_vector_sharp,85,426292729,426305074,1787875011,1280230101
500,4,2.0,sharp,legacy_vector_sharp,86,1782412708,1782425053,1748379019,1492103838
500,4,2.0,sharp,legacy_vector_sharp,87,586586821,586599166,699731071,119394680
500,4,2.0,sharp,legacy_vector_sharp,88,64624176,64636521,515154119,1321982257
500,4,2.0,sharp,legacy_vector_sharp,89,9111001,9123346,1309623207,409965507
500,4,2.0,sharp,legacy_vector_sharp,90,134061035,134073380,1717673636,1707032094
500,4,2.0,sharp,legacy_vector_sharp,91,1651932374,1651944719,4854048,1395400806
500,4,2.0,sharp,legacy_vector_sharp,92,759158674,759171019,169356186,1094802634
500,4,2.0,sharp,legacy_vector_sharp,93,981642767,981655112,830994595,922105521
500,4,2.0,sharp,legacy_vector_sharp,94,729870828,729883173,1253650439,16883430
500,4,2.0,sharp,legacy_vector_sharp,95,718289919,718302264,1370434798,1239542591
500,4,2.0,sharp,legacy_vector_sharp,96,78520942,78533287,1196747480,740153082
500,4,2.0,sharp,legacy_vector_sharp,97,248400030,248412375,524392303,1734741864
500,4,2.0,sharp,legacy_vector_sharp,98,1271491972,1271504317,1685318970,263159948
500,4,2.0,sharp,legacy_vector_sharp,99,1087205414,1087217759,701660909,653038630
500,4,2.0,zigzag,legacy_vector_zigzag,0,621795339,621807684,374575337,1422222025
500,4,2.0,zigzag,legacy_vector_zigzag,1,478452941,478465286,99069585,847888243
500,4,2.0,zigzag,legacy_vector_zigzag,2,1429313361,1429325706,956179212,1537492053
500,4,2.0,zigzag,legacy_vector_zigzag,3,114838754,114851099,1338380769,104646890
500,4,2.0,zigzag,legacy_vector_zigzag,4,1523410102,1523422447,905752973,624251924
500,4,2.0,zigzag,legacy_vector_zigzag,5,1766020512,1766032857,1685584316,966990485
500,4,2.0,zigzag,legacy_vector_zigzag,6,836985590,836997935,1326711383,139705277
500,4,2.0,zigzag,legacy_vector_zigzag,7,806740096,806752441,1213396843,689665129
500,4,2.0,zigzag,legacy_vector_zigzag,8,1025697363,1025709708,571228149,1631294024
500,4,2.0,zigzag,legacy_vector_zigzag,9,1465912274,1465924619,1017686502,1537633243
500,4,2.0,zigzag,legacy_vector_zigzag,10,192641302,192653647,1495401716,1447962659
500,4,2.0,zigzag,legacy_vector_zigzag,11,1614726575,1614738920,243303502,1260340291
500,4,2.0,zigzag,legacy_vector_zigzag,12,810625038,810637383,304785208,1417842640
500,4,2.0,zigzag,legacy_vector_zigzag,13,1287653893,1287666238,1712840376,763102367
500,4,2.0,zigzag,legacy_vector_zigzag,14,1797068471,1797080816,975513422,1015828473
500,4,2.0,zigzag,legacy_vector_zigzag,15,750412038,750424383,368983777,155234008
500,4,2.0,zigzag,legacy_vector_zigzag,16,189200066,189212411,520058857,479327693
500,4,2.0,zigzag,legacy_vector_zigzag,17,513247632,513259977,1239597458,917523744
500,4,2.0,zigzag,legacy_vector_zigzag,18,587055920,587068265,911286470,728865814
500,4,2.0,zigzag,legacy_vector_zigzag,19,770404140,770416485,670024763,855545480
500,4,2.0,zigzag,legacy_vector_zigzag,20,2751052,2763397,477163306,572752844
500,4,2.0,zigzag,legacy_vector_zigzag,21,1093702428,1093714773,1350817464,253218529
500,4,2.0,zigzag,legacy_vector_zigzag,22,1110297942,1110310287,1033308710,901199332
500,4,2.0,zigzag,legacy_vector_zigzag,23,1122774569,1122786914,229898560,745576086
500,4,2.0,zigzag,legacy_vector_zigzag,24,217927121,217939466,651085116,588822364
500,4,2.0,zigzag,legacy_vector_zigzag,25,1266371282,1266383627,1703914233,985038740
500,4,2.0,zigzag,legacy_vector_zigzag,26,425013730,425026075,990825770,1624844008
500,4,2.0,zigzag,legacy_vector_zigzag,27,636887022,636899367,1086013968,1432015403
500,4,2.0,zigzag,legacy_vector_zigzag,28,1565478283,1565490628,74824370,1372397439
500,4,2.0,zigzag,legacy_vector_zigzag,29,696259589,696271934,694896264,1650535549
500,4,2.0,zigzag,legacy_vector_zigzag,30,102454610,102466955,910996783,1784522002
500,4,2.0,zigzag,legacy_vector_zigzag,31,297802095,297814440,1618715900,409749827
500,4,2.0,zigzag,legacy_vector_zigzag,32,296134720,296147065,890590847,1291385497
500,4,2.0,zigzag,legacy_vector_zigzag,33,287603762,287616107,3681292,852691749
500,4,2.0,zigzag,legacy_vector_zigzag,34,1668501806,1668514151,913553367,930026895
500,4,2.0,zigzag,legacy_vector_zigzag,35,451637812,451650157,1031016335,1026103326
500,4,2.0,zigzag,legacy_vector_zigzag,36,522682701,522695046,1734568761,254749367
500,4,2.0,zigzag,legacy_vector_zigzag,37,1051185571,1051197916,1564217318,1578111593
500,4,2.0,zigzag,legacy_vector_zigzag,38,1355566990,1355579335,182942671,485344163
500,4,2.0,zigzag,legacy_vector_zigzag,39,1253872568,1253884913,1628563350,862296439
500,4,2.0,zigzag,legacy_vector_zigzag,40,953431802,953444147,1077048678,960322957
500,4,2.0,zigzag,legacy_vector_zigzag,41,335149357,335161702,405432926,802741957
500,4,2.0,zigzag,legacy_vector_zigzag,42,88996676,89009021,1702642366,863317532
500,4,2.0,zigzag,legacy_vector_zigzag,43,554349771,554362116,90880329,308823244
500,4,2.0,zigzag,legacy_vector_zigzag,44,772277783,772290128,248432744,702251029
500,4,2.0,zigzag,legacy_vector_zigzag,45,102940219,102952564,1608669074,1452392072
500,4,2.0,zigzag,legacy_vector_zigzag,46,1201956738,1201969083,120980819,171506769
500,4,2.0,zigzag,legacy_vector_zigzag,47,1739559940,1739572285,1074621307,1155869748
500,4,2.0,zigzag,legacy_vector_zigzag,48,1712369909,1712382254,1205687225,1390799729
500,4,2.0,zigzag,legacy_vector_zigzag,49,882818419,882830764,1422884543,1770304532
500,4,2.0,zigzag,legacy_vector_zigzag,50,288219510,288231855,927071905,23411769
500,4,2.0,zigzag,legacy_vector_zigzag,51,968309295,968321640,63496356,1465004841
500,4,2.0,zigzag,legacy_vector_zigzag,52,381494816,381507161,1528041073,909165361
500,4,2.0,zigzag,legacy_vector_zigzag,53,1312120770,1312133115,45187306,1484636583
500,4,2.0,zigzag,legacy_vector_zigzag,54,183671908,183684253,1409739401,521379077
500,4,2.0,zigzag,legacy_vector_zigzag,55,1297439622,1297451967,1665723320,152100142
500,4,2.0,zigzag,legacy_vector_zigzag,56,489040598,489052943,116793198,581614773
500,4,2.0,zigzag,legacy_vector_zigzag,57,171948984,171961329,584178186,158103492
500,4,2.0,zigzag,legacy_vector_zigzag,58,563074074,563086419,1446081766,1126583017
500,4,2.0,zigzag,legacy_vector_zigzag,59,918627115,918639460,854272442,333274298
500,4,2.0,zigzag,legacy_vector_zigzag,60,1146983720,1146996065,323264141,1416049926
500,4,2.0,zigzag,legacy_vector_zigzag,61,1586898116,1586910461,978955105,176366001
500,4,2.0,zigzag,legacy_vector_zigzag,62,1263712942,1263725287,123526388,421403195
500,4,2.0,zigzag,legacy_vector_zigzag,63,1682241594,1682253939,27317153,712687860
500,4,2.0,zigzag,legacy_vector_zigzag,64,117442523,117454868,1362766852,728474816
500,4,2.0,zigzag,legacy_vector_zigzag,65,743195622,743207967,1609889936,255468605
500,4,2.0,zigzag,legacy_vector_zigzag,66,1352102792,1352115137,778799047,113806623
500,4,2.0,zigzag,legacy_vector_zigzag,67,750251243,750263588,1514414865,677496141
500,4,2.0,zigzag,legacy_vector_zigzag,68,1155979412,1155991757,716339549,1731489746
500,4,2.0,zigzag,legacy_vector_zigzag,69,1761586602,1761598947,1749676999,1578833993
500,4,2.0,zigzag,legacy_vector_zigzag,70,42240048,42252393,160855990,1446456153
500,4,2.0,zigzag,legacy_vector_zigzag,71,1091236979,1091249324,1224600701,1484849506
500,4,2.0,zigzag,legacy_vector_zigzag,72,1417401443,1417413788,1691754331,1036841106
500,4,2.0,zigzag,legacy_vector_zigzag,73,1766548233,1766560578,539990875,676627675
500,4,2.0,zigzag,legacy_vector_zigzag,74,1333490504,1333502849,590814905,643705900
500,4,2.0,zigzag,legacy_vector_zigzag,75,451216742,451229087,219191938,1011558310
500,4,2.0,zigzag,legacy_vector_zigzag,76,1488706482,1488718827,119459576,1307077201
500,4,2.0,zigzag,legacy_vector_zigzag,77,213556252,213568597,856915504,114618553
500,4,2.0,zigzag,legacy_vector_zigzag,78,1166283553,1166295898,32349495,990786177
500,4,2.0,zigzag,legacy_vector_zigzag,79,976676651,976688996,630201347,1087617745
500,4,2.0,zigzag,legacy_vector_zigzag,80,813794133,813806478,178680811,1101972499
500,4,2.0,zigzag,legacy_vector_zigzag,81,945281779,945294124,1223368067,809750521
500,4,2.0,zigzag,legacy_vector_zigzag,82,248089298,248101643,726732180,388900974
500,4,2.0,zigzag,legacy_vector_zigzag,83,1209215184,1209227529,450529437,347382557
500,4,2.0,zigzag,legacy_vector_zigzag,84,862520487,862532832,958221138,171134384
500,4,2.0,zigzag,legacy_vector_zigzag,85,1471524855,1471537200,217183795,296465364
500,4,2.0,zigzag,legacy_vector_zigzag,86,1402977671,1402990016,1097614345,898213513
500,4,2.0,zigzag,legacy_vector_zigzag,87,511280838,511293183,1165112804,738704343
500,4,2.0,zigzag,legacy_vector_zigzag,88,1316634386,1316646731,999540240,72421533
500,4,2.0,zigzag,legacy_vector_zigzag,89,660939696,660952041,1397684481,1701650503
500,4,2.0,zigzag,legacy_vector_zigzag,90,1781976774,1781989119,1115654428,1759098551
500,4,2.0,zigzag,legacy_vector_zigzag,91,1046660144,1046672489,1573697684,576162984
500,4,2.0,zigzag,legacy_vector_zigzag,92,1109429161,1109441506,1347482162,958295349
500,4,2.0,zigzag,legacy_vector_zigzag,93,1400828480,1400840825,1663799435,1676910792
500,4,2.0,zigzag,legacy_vector_zigzag,94,55229508,55241853,1046088645,1306596226
500,4,2.0,zigzag,legacy_vector_zigzag,95,1391526777,1391539122,1410190579,1557348750
500,4,2.0,zigzag,legacy_vector_zigzag,96,1605570824,1605583169,790145448,747809206
500,4,2.0,zigzag,legacy_vector_zigzag,97,531836311,531848656,542536304,737788094
500,4,2.0,zigzag,legacy_vector_zigzag,98,474435132,474447477,1043974358,1012016608
500,4,2.0,zigzag,legacy_vector_zigzag,99,553107394,553119739,1114867856,324389942
500,12,2.0,random,legacy_vector_random,0,1262457200,1262469545,1545643340,1144971129
500,12,2.0,random,legacy_vector_random,1,594922977,594935322,374525147,912826215
500,12,2.0,random,legacy_vector_random,2,887049731,887062076,1065828737,159176297
500,12,2.0,random,legacy_vector_random,3,531149751,531162096,645315594,254330475
500,12,2.0,random,legacy_vector_random,4,1447252385,1447264730,471158109,992713879
500,12,2.0,random,legacy_vector_random,5,583658725,583671070,960591035,258983088
500,12,2.0,random,legacy_vector_random,6,1695058785,1695071130,951255107,323391477
500,12,2.0,random,legacy_vector_random,7,856792070,856804415,1529580365,800197395
500,12,2.0,random,legacy_vector_random,8,1330896613,1330908958,905226736,1285397375
500,12,2.0,random,legacy_vector_random,9,368179995,368192340,304881300,1024784752
500,12,2.0,random,legacy_vector_random,10,881756144,881768489,1129838068,1238746
500,12,2.0,random,legacy_vector_random,11,212337810,212350155,419664405,510177726
500,12,2.0,random,legacy_vector_random,12,832599764,832612109,317819490,1361989443
500,12,2.0,random,legacy_vector_random,13,1160967413,1160979758,134557623,722618847
500,12,2.0,random,legacy_vector_random,14,880347576,880359921,438980969,1740161233
500,12,2.0,random,legacy_vector_random,15,75108956,75121301,1265127748,1439417411
500,12,2.0,random,legacy_vector_random,16,1501681253,1501693598,1465879805,1285101856
500,12,2.0,random,legacy_vector_random,17,467981832,467994177,142461426,843172911
500,12,2.0,random,legacy_vector_random,18,1096294084,1096306429,283507500,1690348321
500,12,2.0,random,legacy_vector_random,19,1423142907,1423155252,953891005,705488908
500,12,2.0,random,legacy_vector_random,20,1519305542,1519317887,304890793,751794681
500,12,2.0,random,legacy_vector_random,21,879191080,879203425,889854468,1205687803
500,12,2.0,random,legacy_vector_random,22,335029538,335041883,321290548,123213886
500,12,2.0,random,legacy_vector_random,23,117040889,117053234,1054919670,1575714414
500,12,2.0,random,legacy_vector_random,24,1373064869,1373077214,505655911,1663909768
500,12,2.0,random,legacy_vector_random,25,524149138,524161483,838973168,1733086313
500,12,2.0,random,legacy_vector_random,26,879330997,879343342,1238397857,1793110730
500,12,2.0,random,legacy_vector_random,27,271732677,271745022,115023755,1150366642
500,12,2.0,random,legacy_vector_random,28,814772649,814784994,1530105940,66678427
500,12,2.0,random,legacy_vector_random,29,495564121,495576466,442434152,234974629
500,12,2.0,random,legacy_vector_random,30,1278492805,1278505150,412346184,673677682
500,12,2.0,random,legacy_vector_random,31,1086160864,1086173209,325751515,1320988375
500,12,2.0,random,legacy_vector_random,32,163457959,163470304,217867782,1522026096
500,12,2.0,random,legacy_vector_random,33,894838391,894850736,381230823,1597713501
500,12,2.0,random,legacy_vector_random,34,890727371,890739716,231648409,775921907
500,12,2.0,random,legacy_vector_random,35,1396802653,1396814998,890082787,1582749169
500,12,2.0,random,legacy_vector_random,36,1791337646,1791349991,1040029608,69643626
500,12,2.0,random,legacy_vector_random,37,1183382919,1183395264,1765389671,4717695
500,12,2.0,random,legacy_vector_random,38,1490020915,1490033260,182497444,871182219
500,12,2.0,random,legacy_vector_random,39,1300855775,1300868120,854116679,1216485680
500,12,2.0,random,legacy_vector_random,40,25144645,25156990,795296659,815082744
500,12,2.0,random,legacy_vector_random,41,1041015206,1041027551,921148832,151661863
500,12,2.0,random,legacy_vector_random,42,77530052,77542397,1502385843,1061796090
500,12,2.0,random,legacy_vector_random,43,750545711,750558056,38644372,1091604368
500,12,2.0,random,legacy_vector_random,44,1130120983,1130133328,573611415,626670341
500,12,2.0,random,legacy_vector_random,45,59638065,59650410,202217557,1458943851
500,12,2.0,random,legacy_vector_random,46,1740045643,1740057988,946846114,380788450
500,12,2.0,random,legacy_vector_random,47,181901909,181914254,44774912,1667855826
500,12,2.0,random,legacy_vector_random,48,1429563160,1429575505,459490878,105267385
500,12,2.0,random,legacy_vector_random,49,1694188889,1694201234,1010704016,1446256581
500,12,2.0,random,legacy_vector_random,50,120175917,120188262,1688531605,937790804
500,12,2.0,random,legacy_vector_random,51,1003512504,1003524849,1534102225,620786364
500,12,2.0,random,legacy_vector_random,52,759546056,759558401,1197644271,1364609133
500,12,2.0,random,legacy_vector_random,53,653480579,653492924,350359190,718816183
500,12,2.0,random,legacy_vector_random,54,448452706,448465051,954579814,693902540
500,12,2.0,random,legacy_vector_random,55,742000805,742013150,50809352,1665201606
500,12,2.0,random,legacy_vector_random,56,954934674,954947019,506647357,15126595
500,12,2.0,random,legacy_vector_random,57,1279089125,1279101470,373958642,1144113647
500,12,2.0,random,legacy_vector_random,58,1444746447,1444758792,1453829436,453713667
500,12,2.0,random,legacy_vector_random,59,41578534,41590879,1159942696,280962892
500,12,2.0,random,legacy_vector_random,60,953558513,953570858,1393510597,768833541
500,12,2.0,random,legacy_vector_random,61,36979590,36991935,232084739,1245826248
500,12,2.0,random,legacy_vector_random,62,1669512267,1669524612,636455206,389155612
500,12,2.0,random,legacy_vector_random,63,1666767634,1666779979,1484742062,1404771910
500,12,2.0,random,legacy_vector_random,64,137527825,137540170,426280641,1439883183
500,12,2.0,random,legacy_vector_random,65,1387978123,1387990468,1753497151,280282144
500,12,2.0,random,legacy_vector_random,66,1659892940,1659905285,1112656366,430085422
500,12,2.0,random,legacy_vector_random,67,90354480,90366825,902686967,1357706469
500,12,2.0,random,legacy_vector_random,68,705165661,705178006,816404676,1235917411
500,12,2.0,random,legacy_vector_random,69,1645435082,1645447427,450242193,1314933054
500,12,2.0,random,legacy_vector_random,70,476666047,476678392,182319431,1152234628
500,12,2.0,random,legacy_vector_random,71,1184944840,1184957185,1714596906,740310450
500,12,2.0,random,legacy_vector_random,72,696571312,696583657,224593718,595436910
500,12,2.0,random,legacy_vector_random,73,1462732031,1462744376,423715493,357002615
500,12,2.0,random,legacy_vector_random,74,1322136256,1322148601,303041737,717796821
500,12,2.0,random,legacy_vector_random,75,1182290277,1182302622,1101713041,598276872
500,12,2.0,random,legacy_vector_random,76,1533408812,1533421157,671135598,91438107
500,12,2.0,random,legacy_vector_random,77,1427799250,1427811595,211702289,1269811278
500,12,2.0,random,legacy_vector_random,78,1628206191,1628218536,753667211,1474644913
500,12,2.0,random,legacy_vector_random,79,1274949228,1274961573,1781413831,1311054750
500,12,2.0,random,legacy_vector_random,80,1571685586,1571697931,1280357342,1779882486
500,12,2.0,random,legacy_vector_random,81,369830558,369842903,940251939,1211097514
500,12,2.0,random,legacy_vector_random,82,800638910,800651255,498456779,1212843222
500,12,2.0,random,legacy_vector_random,83,4265682,4278027,1643047159,1785028763
500,12,2.0,random,legacy_vector_random,84,701915200,701927545,1571213869,884991863
500,12,2.0,random,legacy_vector_random,85,909320504,909332849,514947340,835810715
500,12,2.0,random,legacy_vector_random,86,1710188280,1710200625,1705647025,356151233
500,12,2.0,random,legacy_vector_random,87,716102366,716114711,1313205244,264066975
500,12,2.0,random,legacy_vector_random,88,479117347,479129692,468525144,208779554
500,12,2.0,random,legacy_vector_random,89,1536917731,1536930076,1538885066,1321624998
500,12,2.0,random,legacy_vector_random,90,435700318,435712663,714774367,1157914487
500,12,2.0,random,legacy_vector_random,91,137469332,137481677,448480085,188776627
500,12,2.0,random,legacy_vector_random,92,158676197,158688542,441910079,1640790753
500,12,2.0,random,legacy_vector_random,93,853242866,853255211,1442789215,1737343800
500,12,2.0,random,legacy_vector_random,94,1738964522,1738976867,483971329,991096764
500,12,2.0,random,legacy_vector_random,95,1226016173,1226028518,1637081535,765292643
500,12,2.0,random,legacy_vector_random,96,281028912,281041257,1239697880,1717106668
500,12,2.0,random,legacy_vector_random,97,1651607875,1651620220,1112118964,78256454
500,12,2.0,random,legacy_vector_random,98,256790122,256802467,1545995043,232942636
500,12,2.0,random,legacy_vector_random,99,474337349,474349694,931247185,1432648087
500,12,2.0,scurve,legacy_vector_scurve,0,586848159,586860504,966155871,388097957
500,12,2.0,scurve,legacy_vector_scurve,1,1678472932,1678485277,929169765,766169594
500,12,2.0,scurve,legacy_vector_scurve,2,706125287,706137632,1407342662,263433476
500,12,2.0,scurve,legacy_vector_scurve,3,1441152996,1441165341,607231486,1030559990
500,12,2.0,scurve,legacy_vector_scurve,4,1538375887,1538388232,1431753853,252746727
500,12,2.0,scurve,legacy_vector_scurve,5,324570939,324583284,297497171,1412668958
500,12,2.0,scurve,legacy_vector_scurve,6,1383482303,1383494648,640023878,1406248618
500,12,2.0,scurve,legacy_vector_scurve,7,1024505121,1024517466,240577682,103398871
500,12,2.0,scurve,legacy_vector_scurve,8,1689329799,1689342144,1150290226,828700667
500,12,2.0,scurve,legacy_vector_scurve,9,653079224,653091569,793673642,1027282684
500,12,2.0,scurve,legacy_vector_scurve,10,50242437,50254782,928405176,1532669223
500,12,2.0,scurve,legacy_vector_scurve,11,391131002,391143347,1799656904,896087186
500,12,2.0,scurve,legacy_vector_scurve,12,1032734076,1032746421,1725080514,848558275
500,12,2.0,scurve,legacy_vector_scurve,13,1617784157,1617796502,798122166,797933851
500,12,2.0,scurve,legacy_vector_scurve,14,368597950,368610295,919929568,713579721
500,12,2.0,scurve,legacy_vector_scurve,15,1192187559,1192199904,290980275,1436707673
500,12,2.0,scurve,legacy_vector_scurve,16,1367135729,1367148074,1653814802,266299711
500,12,2.0,scurve,legacy_vector_scurve,17,497896089,497908434,1525938070,1085284999
500,12,2.0,scurve,legacy_vector_scurve,18,1515012933,1515025278,932246502,1294880284
500,12,2.0,scurve,legacy_vector_scurve,19,398632373,398644718,137419641,1661392683
500,12,2.0,scurve,legacy_vector_scurve,20,1192726202,1192738547,1435119459,1561846011
500,12,2.0,scurve,legacy_vector_scurve,21,1436631047,1436643392,1287493096,1359180865
500,12,2.0,scurve,legacy_vector_scurve,22,1193315661,1193328006,1362706322,189443035
500,12,2.0,scurve,legacy_vector_scurve,23,1484418861,1484431206,1674933074,374836625
500,12,2.0,scurve,legacy_vector_scurve,24,1327913124,1327925469,1780491601,976297909
500,12,2.0,scurve,legacy_vector_scurve,25,415033474,415045819,581449587,424918877
500,12,2.0,scurve,legacy_vector_scurve,26,774182020,774194365,1691335112,1317904312
500,12,2.0,scurve,legacy_vector_scurve,27,1446538449,1446550794,155362812,1506554173
500,12,2.0,scurve,legacy_vector_scurve,28,477309251,477321596,491857143,251779324
500,12,2.0,scurve,legacy_vector_scurve,29,190791041,190803386,1193835013,945177436
500,12,2.0,scurve,legacy_vector_scurve,30,1307479477,1307491822,53598394,489191591
500,12,2.0,scurve,legacy_vector_scurve,31,1289944622,1289956967,1321236065,1580113507
500,12,2.0,scurve,legacy_vector_scurve,32,1002061401,1002073746,1504371273,63398074
500,12,2.0,scurve,legacy_vector_scurve,33,1321547139,1321559484,465851630,698312925
500,12,2.0,scurve,legacy_vector_scurve,34,1327910433,1327922778,1669411058,1114370252
500,12,2.0,scurve,legacy_vector_scurve,35,770049256,770061601,1183741819,1571916668
500,12,2.0,scurve,legacy_vector_scurve,36,100695707,100708052,282917584,264425443
500,12,2.0,scurve,legacy_vector_scurve,37,1159429869,1159442214,102354047,1742458364
500,12,2.0,scurve,legacy_vector_scurve,38,198744320,198756665,112160255,1561663
500,12,2.0,scurve,legacy_vector_scurve,39,1557940778,1557953123,977854224,138253208
500,12,2.0,scurve,legacy_vector_scurve,40,106247475,106259820,1756125617,1175891311
500,12,2.0,scurve,legacy_vector_scurve,41,179631930,179644275,1778342530,1640323050
500,12,2.0,scurve,legacy_vector_scurve,42,641142338,641154683,330964507,1159797595
500,12,2.0,scurve,legacy_vector_scurve,43,1490420214,1490432559,525260592,1300028383
500,12,2.0,scurve,legacy_vector_scurve,44,800581705,800594050,458050314,1645960730
500,12,2.0,scurve,legacy_vector_scurve,45,578893588,578905933,1585891545,516598656
500,12,2.0,scurve,legacy_vector_scurve,46,1380152229,1380164574,354683334,122922344
500,12,2.0,scurve,legacy_vector_scurve,47,1589709194,1589721539,356574106,546217817
500,12,2.0,scurve,legacy_vector_scurve,48,384523413,384535758,824219023,686672141
500,12,2.0,scurve,legacy_vector_scurve,49,158608979,158621324,277160195,780198114
500,12,2.0,scurve,legacy_vector_scurve,50,58207301,58219646,1068080413,1240022385
500,12,2.0,scurve,legacy_vector_scurve,51,648483362,648495707,1568587822,1326949587
500,12,2.0,scurve,legacy_vector_scurve,52,939395859,939408204,1516033442,1775298401
500,12,2.0,scurve,legacy_vector_scurve,53,564863456,564875801,1549424149,122341021
500,12,2.0,scurve,legacy_vector_scurve,54,1428294730,1428307075,1619301655,1032578347
500,12,2.0,scurve,legacy_vector_scurve,55,636761935,636774280,681234732,1035701737
500,12,2.0,scurve,legacy_vector_scurve,56,933097747,933110092,617887249,628802395
500,12,2.0,scurve,legacy_vector_scurve,57,904964349,904976694,108474243,161290427
500,12,2.0,scurve,legacy_vector_scurve,58,1520146909,1520159254,1658944760,427544988
500,12,2.0,scurve,legacy_vector_scurve,59,1470991449,1471003794,890363384,1187743840
500,12,2.0,scurve,legacy_vector_scurve,60,1370990993,1371003338,1429645817,315305211
500,12,2.0,scurve,legacy_vector_scurve,61,893986301,893998646,431224419,917701507
500,12,2.0,scurve,legacy_vector_scurve,62,417292499,417304844,503177478,256330801
500,12,2.0,scurve,legacy_vector_scurve,63,130605075,130617420,1343009951,487798403
500,12,2.0,scurve,legacy_vector_scurve,64,258430473,258442818,1582978172,735239458
500,12,2.0,scurve,legacy_vector_scurve,65,1736294704,1736307049,497921329,953729903
500,12,2.0,scurve,legacy_vector_scurve,66,614270302,614282647,848422923,45406652
500,12,2.0,scurve,legacy_vector_scurve,67,864588430,864600775,885820661,139586017
500,12,2.0,scurve,legacy_vector_scurve,68,784658426,784670771,1065097452,1471808295
500,12,2.0,scurve,legacy_vector_scurve,69,27843115,27855460,1127018669,792093297
500,12,2.0,scurve,legacy_vector_scurve,70,547416951,547429296,538247058,1753478531
500,12,2.0,scurve,legacy_vector_scurve,71,1103092046,1103104391,1009047542,1365681755
500,12,2.0,scurve,legacy_vector_scurve,72,1472816929,1472829274,1682265158,192509108
500,12,2.0,scurve,legacy_vector_scurve,73,118529312,118541657,273613218,187356883
500,12,2.0,scurve,legacy_vector_scurve,74,66914059,66926404,1619633354,267574324
500,12,2.0,scurve,legacy_vector_scurve,75,141369937,141382282,1259613097,1627939441
500,12,2.0,scurve,legacy_vector_scurve,76,1744287823,1744300168,663834777,1405394538
500,12,2.0,scurve,legacy_vector_scurve,77,206358629,206370974,642912670,708051207
500,12,2.0,scurve,legacy_vector_scurve,78,1578343007,1578355352,1247264108,514977165
500,12,2.0,scurve,legacy_vector_scurve,79,888087729,888100074,1697990664,783367578
500,12,2.0,scurve,legacy_vector_scurve,80,1196940032,1196952377,334804781,995276777
500,12,2.0,scurve,legacy_vector_scurve,81,490041651,490053996,1448133163,1787270127
500,12,2.0,scurve,legacy_vector_scurve,82,322402214,322414559,902767083,1732985308
500,12,2.0,scurve,legacy_vector_scurve,83,330921236,330933581,1745094528,14764635
500,12,2.0,scurve,legacy_vector_scurve,84,737848517,737860862,565685538,1294508015
500,12,2.0,scurve,legacy_vector_scurve,85,1651502729,1651515074,978181851,222298291
500,12,2.0,scurve,legacy_vector_scurve,86,666371339,666383684,35771201,109476714
500,12,2.0,scurve,legacy_vector_scurve,87,121319541,121331886,1511881469,94963095
500,12,2.0,scurve,legacy_vector_scurve,88,1720869683,1720882028,200510223,493358184
500,12,2.0,scurve,legacy_vector_scurve,89,1294547668,1294560013,286902598,1373954303
500,12,2.0,scurve,legacy_vector_scurve,90,1501683794,1501696139,234353240,1323254998
500,12,2.0,scurve,legacy_vector_scurve,91,199856428,199868773,922361270,1782646640
500,12,2.0,scurve,legacy_vector_scurve,92,186295231,186307576,128497227,1355877780
500,12,2.0,scurve,legacy_vector_scurve,93,1193876900,1193889245,1157640301,999966097
500,12,2.0,scurve,legacy_vector_scurve,94,1713294613,1713306958,326118308,1599664072
500,12,2.0,scurve,legacy_vector_scurve,95,991544667,991557012,667096920,1286784890
500,12,2.0,scurve,legacy_vector_scurve,96,362437585,362449930,939694233,1441843808
500,12,2.0,scurve,legacy_vector_scurve,97,1617994299,1618006644,1600151233,700394418
500,12,2.0,scurve,legacy_vector_scurve,98,1563777796,1563790141,1766847575,1324393367
500,12,2.0,scurve,legacy_vector_scurve,99,1594171553,1594183898,1400805469,58629557
500,12,2.0,sharp,legacy_vector_sharp,0,1527641477,1527653822,1698848278,1179136184
500,12,2.0,sharp,legacy_vector_sharp,1,1106665821,1106678166,382050560,1763370376
500,12,2.0,sharp,legacy_vector_sharp,2,1435844837,1435857182,42430412,675324617
500,12,2.0,sharp,legacy_vector_sharp,3,235674829,235687174,1204008239,583167668
500,12,2.0,sharp,legacy_vector_sharp,4,818404359,818416704,572242387,1486881176
500,12,2.0,sharp,legacy_vector_sharp,5,559316975,559329320,826493232,1668177557
500,12,2.0,sharp,legacy_vector_sharp,6,599819481,599831826,417542362,205352955
500,12,2.0,sharp,legacy_vector_sharp,7,486523648,486535993,794652134,664884867
500,12,2.0,sharp,legacy_vector_sharp,8,510027251,510039596,1292583734,1340840349
500,12,2.0,sharp,legacy_vector_sharp,9,1424798337,1424810682,742873200,1221031257
500,12,2.0,sharp,legacy_vector_sharp,10,916765174,916777519,1277224570,1001156055
500,12,2.0,sharp,legacy_vector_sharp,11,1798869001,1798881346,401373183,1160411654
500,12,2.0,sharp,legacy_vector_sharp,12,1289536416,1289548761,1321341000,1266729639
500,12,2.0,sharp,legacy_vector_sharp,13,1698688901,1698701246,532643579,75370371
500,12,2.0,sharp,legacy_vector_sharp,14,815876467,815888812,1230058997,701785942
500,12,2.0,sharp,legacy_vector_sharp,15,1797975130,1797987475,1739584313,470888680
500,12,2.0,sharp,legacy_vector_sharp,16,830034129,830046474,1285367981,1496748897
500,12,2.0,sharp,legacy_vector_sharp,17,1120246061,1120258406,1471010134,679412969
500,12,2.0,sharp,legacy_vector_sharp,18,1213576000,1213588345,525884551,183001315
500,12,2.0,sharp,legacy_vector_sharp,19,1191931976,1191944321,845977118,1334675778
500,12,2.0,sharp,legacy_vector_sharp,20,717419610,717431955,1024905499,234288212
500,12,2.0,sharp,legacy_vector_sharp,21,475292025,475304370,760168954,1768466169
500,12,2.0,sharp,legacy_vector_sharp,22,122017008,122029353,709996284,518002163
500,12,2.0,sharp,legacy_vector_sharp,23,1362372995,1362385340,263584475,1149784747
500,12,2.0,sharp,legacy_vector_sharp,24,637106603,637118948,154856379,152461760
500,12,2.0,sharp,legacy_vector_sharp,25,262860856,262873201,1412734780,1693043791
500,12,2.0,sharp,legacy_vector_sharp,26,284763461,284775806,566607247,578510540
500,12,2.0,sharp,legacy_vector_sharp,27,1500295641,1500307986,57112559,1249455378
500,12,2.0,sharp,legacy_vector_sharp,28,475664072,475676417,600116200,345364979
500,12,2.0,sharp,legacy_vector_sharp,29,1079153589,1079165934,197910157,1436065387
500,12,2.0,sharp,legacy_vector_sharp,30,1595480894,1595493239,1023318908,1046909913
500,12,2.0,sharp,legacy_vector_sharp,31,576441925,576454270,57872996,1108541970
500,12,2.0,sharp,legacy_vector_sharp,32,1721564536,1721576881,316396589,219263636
500,12,2.0,sharp,legacy_vector_sharp,33,334902344,334914689,302110723,157548334
500,12,2.0,sharp,legacy_vector_sharp,34,1670324218,1670336563,178057127,1091600779
500,12,2.0,sharp,legacy_vector_sharp,35,1177199494,1177211839,531977954,37007227
500,12,2.0,sharp,legacy_vector_sharp,36,1464302397,1464314742,531416686,1525910142
500,12,2.0,sharp,legacy_vector_sharp,37,456720363,456732708,1390575163,1766670604
500,12,2.0,sharp,legacy_vector_sharp,38,32455916,32468261,65183350,322828567
500,12,2.0,sharp,legacy_vector_sharp,39,1345156175,1345168520,1473673001,1657059887
500,12,2.0,sharp,legacy_vector_sharp,40,344333418,344345763,892532874,1731119216
500,12,2.0,sharp,legacy_vector_sharp,41,1429831597,1429843942,1732325553,737978453
500,12,2.0,sharp,legacy_vector_sharp,42,121019639,121031984,1754567657,1343335098
500,12,2.0,sharp,legacy_vector_sharp,43,551900322,551912667,237212103,12354361
500,12,2.0,sharp,legacy_vector_sharp,44,1093195276,1093207621,877203216,819942985
500,12,2.0,sharp,legacy_vector_sharp,45,1561100630,1561112975,705297564,1213695348
500,12,2.0,sharp,legacy_vector_sharp,46,1116869729,1116882074,162124398,675436520
500,12,2.0,sharp,legacy_vector_sharp,47,454875963,454888308,74901336,712648196
500,12,2.0,sharp,legacy_vector_sharp,48,477904580,477916925,1480074043,1611429621
500,12,2.0,sharp,legacy_vector_sharp,49,647780869,647793214,1411515006,227908736
500,12,2.0,sharp,legacy_vector_sharp,50,60130403,60142748,698603531,1658786429
500,12,2.0,sharp,legacy_vector_sharp,51,1504830735,1504843080,271435321,221322444
500,12,2.0,sharp,legacy_vector_sharp,52,359399706,359412051,212087420,130649089
500,12,2.0,sharp,legacy_vector_sharp,53,442605678,442618023,605079388,735026196
500,12,2.0,sharp,legacy_vector_sharp,54,1144334606,1144346951,400244934,278730489
500,12,2.0,sharp,legacy_vector_sharp,55,31737703,31750048,537177888,768082196
500,12,2.0,sharp,legacy_vector_sharp,56,1680999739,1681012084,337389545,106342989
500,12,2.0,sharp,legacy_vector_sharp,57,1336504332,1336516677,608450841,419522647
500,12,2.0,sharp,legacy_vector_sharp,58,771355113,771367458,755395667,1399999801
500,12,2.0,sharp,legacy_vector_sharp,59,665044665,665057010,1351288388,1096069645
500,12,2.0,sharp,legacy_vector_sharp,60,1513581032,1513593377,901170703,1466876325
500,12,2.0,sharp,legacy_vector_sharp,61,858817808,858830153,1561069049,1754022810
500,12,2.0,sharp,legacy_vector_sharp,62,1550765954,1550778299,1765193399,886051429
500,12,2.0,sharp,legacy_vector_sharp,63,1258475346,1258487691,992368524,561989609
500,12,2.0,sharp,legacy_vector_sharp,64,1600965194,1600977539,475872623,1311568375
500,12,2.0,sharp,legacy_vector_sharp,65,224500491,224512836,840290249,588855650
500,12,2.0,sharp,legacy_vector_sharp,66,1317559227,1317571572,1689304515,767057170
500,12,2.0,sharp,legacy_vector_sharp,67,1198522875,1198535220,1586556541,75070585
500,12,2.0,sharp,legacy_vector_sharp,68,902112688,902125033,1649061572,488562008
500,12,2.0,sharp,legacy_vector_sharp,69,1631679159,1631691504,360879969,13709908
500,12,2.0,sharp,legacy_vector_sharp,70,262832675,262845020,731959001,203443711
500,12,2.0,sharp,legacy_vector_sharp,71,1667936197,1667948542,311920389,1432595127
500,12,2.0,sharp,legacy_vector_sharp,72,1406725818,1406738163,1648517155,10607599
500,12,2.0,sharp,legacy_vector_sharp,73,429665866,429678211,192751597,607588085
500,12,2.0,sharp,legacy_vector_sharp,74,773414546,773426891,871788494,283665012
500,12,2.0,sharp,legacy_vector_sharp,75,1706687558,1706699903,1491961069,1392441971
500,12,2.0,sharp,legacy_vector_sharp,76,37395919,37408264,300170853,879591584
500,12,2.0,sharp,legacy_vector_sharp,77,1477170384,1477182729,556527616,1577767599
500,12,2.0,sharp,legacy_vector_sharp,78,1485791578,1485803923,503230214,1697121305
500,12,2.0,sharp,legacy_vector_sharp,79,1217048812,1217061157,680887399,453142024
500,12,2.0,sharp,legacy_vector_sharp,80,967155424,967167769,323135472,1185047121
500,12,2.0,sharp,legacy_vector_sharp,81,131833837,131846182,403685164,725489394
500,12,2.0,sharp,legacy_vector_sharp,82,146042827,146055172,799450294,918657497
500,12,2.0,sharp,legacy_vector_sharp,83,272262975,272275320,1068958525,45835298
500,12,2.0,sharp,legacy_vector_sharp,84,1005853778,1005866123,1025302894,1082062175
500,12,2.0,sharp,legacy_vector_sharp,85,560110921,560123266,192447567,674099392
500,12,2.0,sharp,legacy_vector_sharp,86,618904409,618916754,30459770,771343329
500,12,2.0,sharp,legacy_vector_sharp,87,1338115676,1338128021,379894381,151831132
500,12,2.0,sharp,legacy_vector_sharp,88,1433052613,1433064958,1489683755,874932901
500,12,2.0,sharp,legacy_vector_sharp,89,1045371236,1045383581,1052062653,877850688
500,12,2.0,sharp,legacy_vector_sharp,90,1303983229,1303995574,1800007215,543444893
500,12,2.0,sharp,legacy_vector_sharp,91,754646703,754659048,1172873585,1389637788
500,12,2.0,sharp,legacy_vector_sharp,92,72184134,72196479,1356337935,617153020
500,12,2.0,sharp,legacy_vector_sharp,93,1415516059,1415528404,1690003381,1119006935
500,12,2.0,sharp,legacy_vector_sharp,94,1436152968,1436165313,1534246284,1076283385
500,12,2.0,sharp,legacy_vector_sharp,95,1542276608,1542288953,395334389,1702020405
500,12,2.0,sharp,legacy_vector_sharp,96,422555935,422568280,198165597,22760312
500,12,2.0,sharp,legacy_vector_sharp,97,524964286,524976631,1117540586,317431222
500,12,2.0,sharp,legacy_vector_sharp,98,1080298604,1080310949,1649575534,659869051
500,12,2.0,sharp,legacy_vector_sharp,99,384479216,384491561,1696966219,952999202
500,12,2.0,zigzag,legacy_vector_zigzag,0,1288104393,1288116738,1623566283,268553415
500,12,2.0,zigzag,legacy_vector_zigzag,1,71554099,71566444,1203920115,517115436
500,12,2.0,zigzag,legacy_vector_zigzag,2,899333646,899345991,991110392,1560596865
500,12,2.0,zigzag,legacy_vector_zigzag,3,1406225400,1406237745,745488452,427398531
500,12,2.0,zigzag,legacy_vector_zigzag,4,508831655,508844000,876653831,999311384
500,12,2.0,zigzag,legacy_vector_zigzag,5,1103192958,1103205303,72991483,1450584483
500,12,2.0,zigzag,legacy_vector_zigzag,6,932429026,932441371,231630710,912713619
500,12,2.0,zigzag,legacy_vector_zigzag,7,1575907794,1575920139,1219294622,259691761
500,12,2.0,zigzag,legacy_vector_zigzag,8,859254379,859266724,1569339053,1246825774
500,12,2.0,zigzag,legacy_vector_zigzag,9,529324072,529336417,1193953754,1064435408
500,12,2.0,zigzag,legacy_vector_zigzag,10,1380623551,1380635896,276963231,621764622
500,12,2.0,zigzag,legacy_vector_zigzag,11,1500522903,1500535248,933705142,91891221
500,12,2.0,zigzag,legacy_vector_zigzag,12,1125925771,1125938116,1703999512,1652329528
500,12,2.0,zigzag,legacy_vector_zigzag,13,1558642976,1558655321,750237187,72701369
500,12,2.0,zigzag,legacy_vector_zigzag,14,1323736155,1323748500,1483192534,860969972
500,12,2.0,zigzag,legacy_vector_zigzag,15,665852229,665864574,1470198423,477832040
500,12,2.0,zigzag,legacy_vector_zigzag,16,1271917223,1271929568,1720615055,1004649609
500,12,2.0,zigzag,legacy_vector_zigzag,17,1181969738,1181982083,1420141108,431670418
500,12,2.0,zigzag,legacy_vector_zigzag,18,1332940383,1332952728,1417501477,714812714
500,12,2.0,zigzag,legacy_vector_zigzag,19,249264712,249277057,551561037,1458144526
500,12,2.0,zigzag,legacy_vector_zigzag,20,448690240,448702585,511907412,1616346151
500,12,2.0,zigzag,legacy_vector_zigzag,21,547620134,547632479,401556048,1238686392
500,12,2.0,zigzag,legacy_vector_zigzag,22,1223604737,1223617082,1545884034,1796587580
500,12,2.0,zigzag,legacy_vector_zigzag,23,1444876354,1444888699,108108921,499057640
500,12,2.0,zigzag,legacy_vector_zigzag,24,1460018883,1460031228,155241425,1783526932
500,12,2.0,zigzag,legacy_vector_zigzag,25,253363130,253375475,1112468613,929643883
500,12,2.0,zigzag,legacy_vector_zigzag,26,1607813145,1607825490,572930874,1536446307
500,12,2.0,zigzag,legacy_vector_zigzag,27,1137557539,1137569884,1419259550,492998278
500,12,2.0,zigzag,legacy_vector_zigzag,28,1269023778,1269036123,1114868564,65517430
500,12,2.0,zigzag,legacy_vector_zigzag,29,505600856,505613201,1154444083,493034174
500,12,2.0,zigzag,legacy_vector_zigzag,30,496689166,496701511,792100742,1298551048
500,12,2.0,zigzag,legacy_vector_zigzag,31,924048312,924060657,1265829841,1497105723
500,12,2.0,zigzag,legacy_vector_zigzag,32,1453606223,1453618568,1526433078,1722328789
500,12,2.0,zigzag,legacy_vector_zigzag,33,1228985383,1228997728,1591245141,501235828
500,12,2.0,zigzag,legacy_vector_zigzag,34,1676781405,1676793750,301311230,471277348
500,12,2.0,zigzag,legacy_vector_zigzag,35,1106495937,1106508282,162953705,593927612
500,12,2.0,zigzag,legacy_vector_zigzag,36,680125411,680137756,1774171111,1389819399
500,12,2.0,zigzag,legacy_vector_zigzag,37,525534775,525547120,281585055,1758853568
500,12,2.0,zigzag,legacy_vector_zigzag,38,723522397,723534742,1267862106,1557901130
500,12,2.0,zigzag,legacy_vector_zigzag,39,359397186,359409531,1573934177,1244368461
500,12,2.0,zigzag,legacy_vector_zigzag,40,353147697,353160042,338971620,640181732
500,12,2.0,zigzag,legacy_vector_zigzag,41,345854417,345866762,124247001,134792550
500,12,2.0,zigzag,legacy_vector_zigzag,42,171493535,171505880,1761130761,642031940
500,12,2.0,zigzag,legacy_vector_zigzag,43,156107846,156120191,503205553,1387811713
500,12,2.0,zigzag,legacy_vector_zigzag,44,1362776089,1362788434,571986215,798469710
500,12,2.0,zigzag,legacy_vector_zigzag,45,708038022,708050367,735603326,64867490
500,12,2.0,zigzag,legacy_vector_zigzag,46,920716222,920728567,35228427,790372145
500,12,2.0,zigzag,legacy_vector_zigzag,47,379470519,379482864,849089104,758120947
500,12,2.0,zigzag,legacy_vector_zigzag,48,1561331789,1561344134,1519776655,86459179
500,12,2.0,zigzag,legacy_vector_zigzag,49,1234402269,1234414614,192542232,1039126875
500,12,2.0,zigzag,legacy_vector_zigzag,50,63096476,63108821,521685664,1254968152
500,12,2.0,zigzag,legacy_vector_zigzag,51,144143342,144155687,919130137,230218059
500,12,2.0,zigzag,legacy_vector_zigzag,52,299800387,299812732,48315591,419457771
500,12,2.0,zigzag,legacy_vector_zigzag,53,1099053410,1099065755,1281314255,645949403
500,12,2.0,zigzag,legacy_vector_zigzag,54,1069384745,1069397090,1326652259,1714101700
500,12,2.0,zigzag,legacy_vector_zigzag,55,1774839015,1774851360,1525927132,532031688
500,12,2.0,zigzag,legacy_vector_zigzag,56,557025818,557038163,1501415311,706479756
500,12,2.0,zigzag,legacy_vector_zigzag,57,1609671537,1609683882,559475688,1744688821
500,12,2.0,zigzag,legacy_vector_zigzag,58,1491929036,1491941381,884943069,1712801685
500,12,2.0,zigzag,legacy_vector_zigzag,59,1763858148,1763870493,638266421,790746351
500,12,2.0,zigzag,legacy_vector_zigzag,60,1696988815,1697001160,1288353910,1750633293
500,12,2.0,zigzag,legacy_vector_zigzag,61,1319928284,1319940629,403312692,1037646934
500,12,2.0,zigzag,legacy_vector_zigzag,62,1171223936,1171236281,1522217363,838671171
500,12,2.0,zigzag,legacy_vector_zigzag,63,469964303,469976648,487153748,674470114
500,12,2.0,zigzag,legacy_vector_zigzag,64,1755533816,1755546161,164143310,309345882
500,12,2.0,zigzag,legacy_vector_zigzag,65,1611396531,1611408876,80313020,1604867375
500,12,2.0,zigzag,legacy_vector_zigzag,66,81807247,81819592,563494968,497385242
500,12,2.0,zigzag,legacy_vector_zigzag,67,739220572,739232917,1178341052,1697902567
500,12,2.0,zigzag,legacy_vector_zigzag,68,256190701,256203046,942784737,742975228
500,12,2.0,zigzag,legacy_vector_zigzag,69,1140080107,1140092452,427296680,1499178538
500,12,2.0,zigzag,legacy_vector_zigzag,70,35864341,35876686,997452022,1548304389
500,12,2.0,zigzag,legacy_vector_zigzag,71,1430703978,1430716323,360118404,1544317017
500,12,2.0,zigzag,legacy_vector_zigzag,72,1219865718,1219878063,293729347,1362885573
500,12,2.0,zigzag,legacy_vector_zigzag,73,834093100,834105445,674755575,1629281803
500,12,2.0,zigzag,legacy_vector_zigzag,74,1028189616,1028201961,1348621248,852952308
500,12,2.0,zigzag,legacy_vector_zigzag,75,526168802,526181147,1405226178,442337163
500,12,2.0,zigzag,legacy_vector_zigzag,76,393281256,393293601,521349825,821266897
500,12,2.0,zigzag,legacy_vector_zigzag,77,1056265940,1056278285,908314299,1675486099
500,12,2.0,zigzag,legacy_vector_zigzag,78,693776340,693788685,346108273,844134967
500,12,2.0,zigzag,legacy_vector_zigzag,79,1416048682,1416061027,187081044,514718020
500,12,2.0,zigzag,legacy_vector_zigzag,80,1509045746,1509058091,1448450749,1045947698
500,12,2.0,zigzag,legacy_vector_zigzag,81,73429323,73441668,1106538439,1400783880
500,12,2.0,zigzag,legacy_vector_zigzag,82,232618711,232631056,492289426,750495718
500,12,2.0,zigzag,legacy_vector_zigzag,83,429846766,429859111,1050822417,1449704367
500,12,2.0,zigzag,legacy_vector_zigzag,84,944599299,944611644,1556198522,1685471395
500,12,2.0,zigzag,legacy_vector_zigzag,85,1411941412,1411953757,116231578,754265461
500,12,2.0,zigzag,legacy_vector_zigzag,86,1566181109,1566193454,888248267,1184009671
500,12,2.0,zigzag,legacy_vector_zigzag,87,1500243241,1500255586,384240078,526625541
500,12,2.0,zigzag,legacy_vector_zigzag,88,206171160,206183505,1446503504,1315957142
500,12,2.0,zigzag,legacy_vector_zigzag,89,893225562,893237907,1146873695,204727444
500,12,2.0,zigzag,legacy_vector_zigzag,90,1491059858,1491072203,220233666,1392703187
500,12,2.0,zigzag,legacy_vector_zigzag,91,1397333869,1397346214,776386848,896022634
500,12,2.0,zigzag,legacy_vector_zigzag,92,1441956133,1441968478,412595341,1322753218
500,12,2.0,zigzag,legacy_vector_zigzag,93,190061163,190073508,732572223,1449941763
500,12,2.0,zigzag,legacy_vector_zigzag,94,878198148,878210493,71078473,1168686728
500,12,2.0,zigzag,legacy_vector_zigzag,95,28604019,28616364,1099033215,94026121
500,12,2.0,zigzag,legacy_vector_zigzag,96,141634709,141647054,54890655,95220849
500,12,2.0,zigzag,legacy_vector_zigzag,97,1495966027,1495978372,448065544,1762484388
500,12,2.0,zigzag,legacy_vector_zigzag,98,540156315,540168660,468639777,36267709
500,12,2.0,zigzag,legacy_vector_zigzag,99,475566447,475578792,1651270071,66779034
500,4,2.5,random,legacy_vector_random,0,1743475248,1743487593,1545853743,239522254
500,4,2.5,random,legacy_vector_random,1,526763,539108,1592605607,956968758
500,4,2.5,random,legacy_vector_random,2,853192920,853205265,615571197,289282569
500,4,2.5,random,legacy_vector_random,3,1752894390,1752906735,920068683,147116674
500,4,2.5,random,legacy_vector_random,4,8731362,8743707,1321986120,420354062
500,4,2.5,random,legacy_vector_random,5,1057166998,1057179343,1181638994,435811434
500,4,2.5,random,legacy_vector_random,6,792944903,792957248,1386810503,501171660
500,4,2.5,random,legacy_vector_random,7,544780172,544792517,1327254531,801153706
500,4,2.5,random,legacy_vector_random,8,459571652,459583997,1294497352,1710245491
500,4,2.5,random,legacy_vector_random,9,1262944416,1262956761,106078524,131978926
500,4,2.5,random,legacy_vector_random,10,1194273968,1194286313,1689767411,900542880
500,4,2.5,random,legacy_vector_random,11,1259086651,1259098996,515358035,1698629843
500,4,2.5,random,legacy_vector_random,12,1181387367,1181399712,458716331,1754361417
500,4,2.5,random,legacy_vector_random,13,708691426,708703771,602181022,630081130
500,4,2.5,random,legacy_vector_random,14,269660232,269672577,1347286879,971174622
500,4,2.5,random,legacy_vector_random,15,1363403805,1363416150,1754780796,868964530
500,4,2.5,random,legacy_vector_random,16,620421320,620433665,810748363,1158197593
500,4,2.5,random,legacy_vector_random,17,1602113181,1602125526,1644264014,22240216
500,4,2.5,random,legacy_vector_random,18,30415208,30427553,1220520419,472282392
500,4,2.5,random,legacy_vector_random,19,960875678,960888023,753957944,315204187
500,4,2.5,random,legacy_vector_random,20,701804483,701816828,1347457388,1424423372
500,4,2.5,random,legacy_vector_random,21,575669343,575681688,628027811,885907811
500,4,2.5,random,legacy_vector_random,22,512179403,512191748,310690355,753057479
500,4,2.5,random,legacy_vector_random,23,1408846126,1408858471,858805969,1547295543
500,4,2.5,random,legacy_vector_random,24,869094602,869106947,328788424,1125504069
500,4,2.5,random,legacy_vector_random,25,630066709,630079054,310777705,857381636
500,4,2.5,random,legacy_vector_random,26,1144633576,1144645921,901693347,1546032357
500,4,2.5,random,legacy_vector_random,27,1276777629,1276789974,382972036,1018465358
500,4,2.5,random,legacy_vector_random,28,551553108,551565453,1049954147,53931384
500,4,2.5,random,legacy_vector_random,29,1595065492,1595077837,1716105455,461062660
500,4,2.5,random,legacy_vector_random,30,1779793537,1779805882,1569313627,225821910
500,4,2.5,random,legacy_vector_random,31,1486212802,1486225147,733589784,524399103
500,4,2.5,random,legacy_vector_random,32,1084008525,1084020870,837744757,253281413
500,4,2.5,random,legacy_vector_random,33,869545494,869557839,239104227,982296197
500,4,2.5,random,legacy_vector_random,34,695258054,695270399,48487430,1127460921
500,4,2.5,random,legacy_vector_random,35,1204004459,1204016804,791550290,15017832
500,4,2.5,random,legacy_vector_random,36,36230187,36242532,652018922,1323228925
500,4,2.5,random,legacy_vector_random,37,764059622,764071967,831158346,402527017
500,4,2.5,random,legacy_vector_random,38,602584886,602597231,1308721199,1318473286
500,4,2.5,random,legacy_vector_random,39,1101212890,1101225235,199829632,1026056574
500,4,2.5,random,legacy_vector_random,40,765563678,765576023,855272120,1707562596
500,4,2.5,random,legacy_vector_random,41,513367148,513379493,635798777,331678933
500,4,2.5,random,legacy_vector_random,42,895885318,895897663,1323666504,288630590
500,4,2.5,random,legacy_vector_random,43,714552945,714565290,712315253,1338483186
500,4,2.5,random,legacy_vector_random,44,466775935,466788280,243391644,582220784
500,4,2.5,random,legacy_vector_random,45,299055290,299067635,528457022,215653915
500,4,2.5,random,legacy_vector_random,46,1144170029,1144182374,313491652,147491280
500,4,2.5,random,legacy_vector_random,47,234016341,234028686,1289358390,693635430
500,4,2.5,random,legacy_vector_random,48,917302705,917315050,1380704814,1432054613
500,4,2.5,random,legacy_vector_random,49,872360302,872372647,543163742,429766491
500,4,2.5,random,legacy_vector_random,50,555997781,556010126,1405996854,1720591996
500,4,2.5,random,legacy_vector_random,51,617944600,617956945,119067276,500148423
500,4,2.5,random,legacy_vector_random,52,621021490,621033835,1485365184,371260933
500,4,2.5,random,legacy_vector_random,53,1757248906,1757261251,763369048,723835869
500,4,2.5,random,legacy_vector_random,54,851218119,851230464,368365274,1465424107
500,4,2.5,random,legacy_vector_random,55,1423090074,1423102419,906506924,504255332
500,4,2.5,random,legacy_vector_random,56,13889706,13902051,1533514549,359458900
500,4,2.5,random,legacy_vector_random,57,1506497775,1506510120,1028195011,537472408
500,4,2.5,random,legacy_vector_random,58,1035619211,1035631556,1557065153,1430329371
500,4,2.5,random,legacy_vector_random,59,38592122,38604467,248495679,1514529824
500,4,2.5,random,legacy_vector_random,60,380525441,380537786,336733246,1233910598
500,4,2.5,random,legacy_vector_random,61,649659725,649672070,629006363,927701477
500,4,2.5,random,legacy_vector_random,62,1385904248,1385916593,987364118,10418705
500,4,2.5,random,legacy_vector_random,63,162229900,162242245,389040778,1216042671
500,4,2.5,random,legacy_vector_random,64,893966530,893978875,1411949913,141452495
500,4,2.5,random,legacy_vector_random,65,1532571956,1532584301,799158119,424636274
500,4,2.5,random,legacy_vector_random,66,1405488570,1405500915,890845136,879895249
500,4,2.5,random,legacy_vector_random,67,34484117,34496462,983945068,250846925
500,4,2.5,random,legacy_vector_random,68,638308328,638320673,1074208437,1217622770
500,4,2.5,random,legacy_vector_random,69,934171297,934183642,393062682,877835080
500,4,2.5,random,legacy_vector_random,70,229815522,229827867,898754137,1488136484
500,4,2.5,random,legacy_vector_random,71,1328457421,1328469766,1696655094,629930098
500,4,2.5,random,legacy_vector_random,72,472097674,472110019,125588679,1456994008
500,4,2.5,random,legacy_vector_random,73,1587254654,1587266999,168377181,755986913
500,4,2.5,random,legacy_vector_random,74,1270018135,1270030480,1442535707,160155204
500,4,2.5,random,legacy_vector_random,75,538125755,538138100,380152631,39470147
500,4,2.5,random,legacy_vector_random,76,706901357,706913702,590932939,904870038
500,4,2.5,random,legacy_vector_random,77,335407419,335419764,1143264845,402201659
500,4,2.5,random,legacy_vector_random,78,789435459,789447804,945092256,1435581360
500,4,2.5,random,legacy_vector_random,79,509514977,509527322,538960076,704709180
500,4,2.5,random,legacy_vector_random,80,1742887549,1742899894,1133321447,1111023050
500,4,2.5,random,legacy_vector_random,81,982324244,982336589,1044896510,1054226979
500,4,2.5,random,legacy_vector_random,82,1254806657,1254819002,136317927,140331944
500,4,2.5,random,legacy_vector_random,83,890464050,890476395,1133496053,325527017
500,4,2.5,random,legacy_vector_random,84,950710391,950722736,1781800190,732711116
500,4,2.5,random,legacy_vector_random,85,743504689,743517034,1012772351,239280956
500,4,2.5,random,legacy_vector_random,86,437255116,437267461,1367626051,356613349
500,4,2.5,random,legacy_vector_random,87,1710953823,1710966168,205299508,376544437
500,4,2.5,random,legacy_vector_random,88,805529771,805542116,235223522,441696296
500,4,2.5,random,legacy_vector_random,89,611123116,611135461,442605904,26134523
500,4,2.5,random,legacy_vector_random,90,1558474864,1558487209,850486096,1126051568
500,4,2.5,random,legacy_vector_random,91,254235247,254247592,1535792722,16649787
500,4,2.5,random,legacy_vector_random,92,78412343,78424688,688511827,432891998
500,4,2.5,random,legacy_vector_random,93,623133494,623145839,284353912,314060230
500,4,2.5,random,legacy_vector_random,94,257415221,257427566,1172553790,647437485
500,4,2.5,random,legacy_vector_random,95,1205381182,1205393527,1775884124,516803927
500,4,2.5,random,legacy_vector_random,96,354285535,354297880,458766160,1652599632
500,4,2.5,random,legacy_vector_random,97,1298025472,1298037817,590512088,792460532
500,4,2.5,random,legacy_vector_random,98,234155599,234167944,206608543,1277850996
500,4,2.5,random,legacy_vector_random,99,129497253,129509598,156780330,189774762
500,4,2.5,scurve,legacy_vector_scurve,0,1481927083,1481939428,3244980,1783958983
500,4,2.5,scurve,legacy_vector_scurve,1,207151524,207163869,1001336629,1188654976
500,4,2.5,scurve,legacy_vector_scurve,2,1404125569,1404137914,1770414776,1354519697
500,4,2.5,scurve,legacy_vector_scurve,3,539135179,539147524,929350149,111934479
500,4,2.5,scurve,legacy_vector_scurve,4,828255482,828267827,1064168123,1147297681
500,4,2.5,scurve,legacy_vector_scurve,5,1564289203,1564301548,980539472,674604218
500,4,2.5,scurve,legacy_vector_scurve,6,503439397,503451742,341204340,938867087
500,4,2.5,scurve,legacy_vector_scurve,7,76954086,76966431,1226141691,380487548
500,4,2.5,scurve,legacy_vector_scurve,8,325462431,325474776,761493742,629232304
500,4,2.5,scurve,legacy_vector_scurve,9,805743643,805755988,715419469,1474494671
500,4,2.5,scurve,legacy_vector_scurve,10,826102878,826115223,1220496972,942009198
500,4,2.5,scurve,legacy_vector_scurve,11,342149404,342161749,842076752,635589338
500,4,2.5,scurve,legacy_vector_scurve,12,596289027,596301372,1262045109,616544803
500,4,2.5,scurve,legacy_vector_scurve,13,1729652340,1729664685,833930316,276431699
500,4,2.5,scurve,legacy_vector_scurve,14,1494567919,1494580264,1324013748,166065698
500,4,2.5,scurve,legacy_vector_scurve,15,198806091,198818436,1397777713,1630328449
500,4,2.5,scurve,legacy_vector_scurve,16,580071908,580084253,1528371592,78261457
500,4,2.5,scurve,legacy_vector_scurve,17,1193484030,1193496375,1358027575,904684407
500,4,2.5,scurve,legacy_vector_scurve,18,87593360,87605705,1762410093,335084192
500,4,2.5,scurve,legacy_vector_scurve,19,217573453,217585798,490764335,1091018593
500,4,2.5,scurve,legacy_vector_scurve,20,826641759,826654104,587589071,757984492
500,4,2.5,scurve,legacy_vector_scurve,21,1186792344,1186804689,969347501,772260887
500,4,2.5,scurve,legacy_vector_scurve,22,1348306982,1348319327,475784327,362454715
500,4,2.5,scurve,legacy_vector_scurve,23,1534618963,1534631308,1358105856,178124994
500,4,2.5,scurve,legacy_vector_scurve,24,1184841157,1184853502,1483047108,56129501
500,4,2.5,scurve,legacy_vector_scurve,25,697901486,697913831,533665866,754749162
500,4,2.5,scurve,legacy_vector_scurve,26,302926042,302938387,636850866,682778017
500,4,2.5,scurve,legacy_vector_scurve,27,233246271,233258616,935625240,827630858
500,4,2.5,scurve,legacy_vector_scurve,28,734810469,734822814,282188802,928708743
500,4,2.5,scurve,legacy_vector_scurve,29,1354612321,1354624666,366176047,101255267
500,4,2.5,scurve,legacy_vector_scurve,30,863222557,863234902,461848584,53610929
500,4,2.5,scurve,legacy_vector_scurve,31,532483726,532496071,86222648,1222743750
500,4,2.5,scurve,legacy_vector_scurve,32,1025281713,1025294058,627901836,1221297480
500,4,2.5,scurve,legacy_vector_scurve,33,928379988,928392333,544615732,692844912
500,4,2.5,scurve,legacy_vector_scurve,34,200008887,200021232,460209966,1734595326
500,4,2.5,scurve,legacy_vector_scurve,35,733746353,733758698,583290445,350729680
500,4,2.5,scurve,legacy_vector_scurve,36,1370226642,1370238987,233323759,990271640
500,4,2.5,scurve,legacy_vector_scurve,37,1799736005,1799748350,1365558746,723178157
500,4,2.5,scurve,legacy_vector_scurve,38,1126487884,1126500229,94042721,1320201466
500,4,2.5,scurve,legacy_vector_scurve,39,1350318482,1350330827,84272228,458909649
500,4,2.5,scurve,legacy_vector_scurve,40,1608400250,1608412595,997302332,520295100
500,4,2.5,scurve,legacy_vector_scurve,41,1275432403,1275444748,760472558,692691533
500,4,2.5,scurve,legacy_vector_scurve,42,517564352,517576697,1266183172,652896494
500,4,2.5,scurve,legacy_vector_scurve,43,821338969,821351314,661904364,127945907
500,4,2.5,scurve,legacy_vector_scurve,44,320416654,320428999,1502874050,292171983
500,4,2.5,scurve,legacy_vector_scurve,45,1123327965,1123340310,387807868,1075102791
500,4,2.5,scurve,legacy_vector_scurve,46,1599904424,1599916769,1476991389,458447781
500,4,2.5,scurve,legacy_vector_scurve,47,1730584286,1730596631,1760944751,1577449821
500,4,2.5,scurve,legacy_vector_scurve,48,1538997310,1539009655,1397495994,162102996
500,4,2.5,scurve,legacy_vector_scurve,49,499209931,499222276,677949763,1099669502
500,4,2.5,scurve,legacy_vector_scurve,50,1354963432,1354975777,1623057343,1536642185
500,4,2.5,scurve,legacy_vector_scurve,51,63802825,63815170,1279234532,56959517
500,4,2.5,scurve,legacy_vector_scurve,52,1082720302,1082732647,1382177618,211526283
500,4,2.5,scurve,legacy_vector_scurve,53,252065551,252077896,308258343,324907676
500,4,2.5,scurve,legacy_vector_scurve,54,925056177,925068522,132955366,241294394
500,4,2.5,scurve,legacy_vector_scurve,55,919573849,919586194,878915856,951400355
500,4,2.5,scurve,legacy_vector_scurve,56,1068995596,1069007941,320973141,606057012
500,4,2.5,scurve,legacy_vector_scurve,57,1328147640,1328159985,539349206,1021154161
500,4,2.5,scurve,legacy_vector_scurve,58,703743762,703756107,1555954300,1626880965
500,4,2.5,scurve,legacy_vector_scurve,59,1098052190,1098064535,1641010118,838310677
500,4,2.5,scurve,legacy_vector_scurve,60,1533521434,1533533779,1166388328,1011929166
500,4,2.5,scurve,legacy_vector_scurve,61,1119780115,1119792460,1669349583,838687410
500,4,2.5,scurve,legacy_vector_scurve,62,885300725,885313070,1313825345,102169674
500,4,2.5,scurve,legacy_vector_scurve,63,1701183115,1701195460,1149316937,1606030184
500,4,2.5,scurve,legacy_vector_scurve,64,461498206,461510551,699174048,1651248907
500,4,2.5,scurve,legacy_vector_scurve,65,1368505855,1368518200,912600407,1315605510
500,4,2.5,scurve,legacy_vector_scurve,66,1240741318,1240753663,1530491525,1009811796
500,4,2.5,scurve,legacy_vector_scurve,67,688412776,688425121,992140191,1587958641
500,4,2.5,scurve,legacy_vector_scurve,68,1418015551,1418027896,1426988127,655297679
500,4,2.5,scurve,legacy_vector_scurve,69,630422981,630435326,1467372030,423050130
500,4,2.5,scurve,legacy_vector_scurve,70,947671207,947683552,1061021764,1455705996
500,4,2.5,scurve,legacy_vector_scurve,71,1123973030,1123985375,1410119978,413944738
500,4,2.5,scurve,legacy_vector_scurve,72,317575271,317587616,1025003708,1162079470
500,4,2.5,scurve,legacy_vector_scurve,73,1528495442,1528507787,776589883,133437763
500,4,2.5,scurve,legacy_vector_scurve,74,127087080,127099425,231692548,1144131201
500,4,2.5,scurve,legacy_vector_scurve,75,19284083,19296428,1119618508,1421176755
500,4,2.5,scurve,legacy_vector_scurve,76,922505236,922517581,187631472,387385998
500,4,2.5,scurve,legacy_vector_scurve,77,1426748971,1426761316,1780711980,74387782
500,4,2.5,scurve,legacy_vector_scurve,78,218265673,218278018,1561425534,1580778134
500,4,2.5,scurve,legacy_vector_scurve,79,1213884842,1213897187,538378403,1321685862
500,4,2.5,scurve,legacy_vector_scurve,80,1073713225,1073725570,459276554,1556440882
500,4,2.5,scurve,legacy_vector_scurve,81,820313697,820326042,454273758,1575965647
500,4,2.5,scurve,legacy_vector_scurve,82,52171379,52183724,1577610181,1597056416
500,4,2.5,scurve,legacy_vector_scurve,83,1498159797,1498172142,650302438,1286933374
500,4,2.5,scurve,legacy_vector_scurve,84,951395584,951407929,1214612466,1630950771
500,4,2.5,scurve,legacy_vector_scurve,85,793830915,793843260,1245023034,1657769862
500,4,2.5,scurve,legacy_vector_scurve,86,1007094647,1007106992,143089135,133395335
500,4,2.5,scurve,legacy_vector_scurve,87,1270289304,1270301649,587763041,943582753
500,4,2.5,scurve,legacy_vector_scurve,88,1314492333,1314504678,1048129934,925356778
500,4,2.5,scurve,legacy_vector_scurve,89,827290663,827303008,1368196215,230742052
500,4,2.5,scurve,legacy_vector_scurve,90,1540564726,1540577071,1283263091,572502759
500,4,2.5,scurve,legacy_vector_scurve,91,1432302099,1432314444,970548329,1595135879
500,4,2.5,scurve,legacy_vector_scurve,92,938693860,938706205,643769998,25465695
500,4,2.5,scurve,legacy_vector_scurve,93,1510740918,1510753263,89610051,1051518644
500,4,2.5,scurve,legacy_vector_scurve,94,149004613,149016958,253554211,241991001
500,4,2.5,scurve,legacy_vector_scurve,95,1651802153,1651814498,1752110804,686852478
500,4,2.5,scurve,legacy_vector_scurve,96,469272024,469284369,1716616703,451418640
500,4,2.5,scurve,legacy_vector_scurve,97,1269261933,1269274278,413866492,559949345
500,4,2.5,scurve,legacy_vector_scurve,98,387218688,387231033,1284708268,1476861364
500,4,2.5,scurve,legacy_vector_scurve,99,1521071132,1521083477,636647253,610298029
500,4,2.5,sharp,legacy_vector_sharp,0,568035599,568047944,1240442348,1749825078
500,4,2.5,sharp,legacy_vector_sharp,1,376421430,376433775,1676084346,202884523
500,4,2.5,sharp,legacy_vector_sharp,2,1224518028,1224530373,351318070,1368609608
500,4,2.5,sharp,legacy_vector_sharp,3,1008272144,1008284489,365382783,1286628693
500,4,2.5,sharp,legacy_vector_sharp,4,222963446,222975791,425939941,944851773
500,4,2.5,sharp,legacy_vector_sharp,5,1307426219,1307438564,1407721301,128111554
500,4,2.5,sharp,legacy_vector_sharp,6,331934698,331947043,540891768,1291988134
500,4,2.5,sharp,legacy_vector_sharp,7,1110138208,1110150553,1591658621,906046585
500,4,2.5,sharp,legacy_vector_sharp,8,852429192,852441537,1590839984,1754269054
500,4,2.5,sharp,legacy_vector_sharp,9,1038790274,1038802619,368197650,98290551
500,4,2.5,sharp,legacy_vector_sharp,10,880486447,880498792,1745471693,829532701
500,4,2.5,sharp,legacy_vector_sharp,11,1297358306,1297370651,13930395,445074176
500,4,2.5,sharp,legacy_vector_sharp,12,860725996,860738341,748354945,1229951822
500,4,2.5,sharp,legacy_vector_sharp,13,1376561798,1376574143,176575830,586512521
500,4,2.5,sharp,legacy_vector_sharp,14,672256468,672268813,1095061591,615336119
500,4,2.5,sharp,legacy_vector_sharp,15,1607116148,1607128493,1014893590,423650802
500,4,2.5,sharp,legacy_vector_sharp,16,168756309,168768654,394648058,27055585
500,4,2.5,sharp,legacy_vector_sharp,17,1519262606,1519274951,874981025,1151885307
500,4,2.5,sharp,legacy_vector_sharp,18,465441682,465454027,760058648,176956417
500,4,2.5,sharp,legacy_vector_sharp,19,1756989280,1757001625,842842874,1478510709
500,4,2.5,sharp,legacy_vector_sharp,20,765239611,765251956,79548587,1331739228
500,4,2.5,sharp,legacy_vector_sharp,21,49771133,49783478,749956743,1363902872
500,4,2.5,sharp,legacy_vector_sharp,22,1107135330,1107147675,345587686,1134745744
500,4,2.5,sharp,legacy_vector_sharp,23,370362693,370375038,1012735854,925548618
500,4,2.5,sharp,legacy_vector_sharp,24,1155999922,1156012267,1793043328,629731666
500,4,2.5,sharp,legacy_vector_sharp,25,446619742,446632087,345466564,1212115318
500,4,2.5,sharp,legacy_vector_sharp,26,385447151,385459496,1095202797,1760955548
500,4,2.5,sharp,legacy_vector_sharp,27,1429769759,1429782104,1703686812,1236744516
500,4,2.5,sharp,legacy_vector_sharp,28,560904922,560917267,301512347,648817630
500,4,2.5,sharp,legacy_vector_sharp,29,1140745131,1140757476,216322105,88863258
500,4,2.5,sharp,legacy_vector_sharp,30,544472658,544485003,17558921,1656192557
500,4,2.5,sharp,legacy_vector_sharp,31,448817968,448830313,260309422,304460885
500,4,2.5,sharp,legacy_vector_sharp,32,383629371,383641716,452335693,1537435200
500,4,2.5,sharp,legacy_vector_sharp,33,598781119,598793464,1663023481,511463956
500,4,2.5,sharp,legacy_vector_sharp,34,84081709,84094054,244538949,366788916
500,4,2.5,sharp,legacy_vector_sharp,35,924722619,924734964,1621150727,1761177156
500,4,2.5,sharp,legacy_vector_sharp,36,1441581400,1441593745,1426784113,1184840745
500,4,2.5,sharp,legacy_vector_sharp,37,650122101,650134446,749042976,1573595110
500,4,2.5,sharp,legacy_vector_sharp,38,1435975605,1435987950,1663107989,1112442666
500,4,2.5,sharp,legacy_vector_sharp,39,1541940526,1541952871,640717606,1147232826
500,4,2.5,sharp,legacy_vector_sharp,40,1013980388,1013992733,78833279,259258257
500,4,2.5,sharp,legacy_vector_sharp,41,614573099,614585444,726266296,528540025
500,4,2.5,sharp,legacy_vector_sharp,42,1413411986,1413424331,525728979,1285470871
500,4,2.5,sharp,legacy_vector_sharp,43,1783163483,1783175828,222553719,1344668268
500,4,2.5,sharp,legacy_vector_sharp,44,1794728685,1794741030,1142138432,1080379218
500,4,2.5,sharp,legacy_vector_sharp,45,1046831136,1046843481,638618794,509841939
500,4,2.5,sharp,legacy_vector_sharp,46,1152420054,1152432399,416568740,595405137
500,4,2.5,sharp,legacy_vector_sharp,47,611297090,611309435,1360295694,1084305330
500,4,2.5,sharp,legacy_vector_sharp,48,1146053103,1146065448,272114923,980166237
500,4,2.5,sharp,legacy_vector_sharp,49,436210460,436222805,769264289,1222868700
500,4,2.5,sharp,legacy_vector_sharp,50,1574738610,1574750955,1678934562,669237821
500,4,2.5,sharp,legacy_vector_sharp,51,163169585,163181930,609016230,1331712515
500,4,2.5,sharp,legacy_vector_sharp,52,427953478,427965823,621987374,135558612
500,4,2.5,sharp,legacy_vector_sharp,53,1094419115,1094431460,1367891080,828963974
500,4,2.5,sharp,legacy_vector_sharp,54,1124631968,1124644313,943343232,1470430605
500,4,2.5,sharp,legacy_vector_sharp,55,1176992959,1177005304,981960173,785862015
500,4,2.5,sharp,legacy_vector_sharp,56,951366541,951378886,842714721,616644215
500,4,2.5,sharp,legacy_vector_sharp,57,804162491,804174836,1726314697,1170313830
500,4,2.5,sharp,legacy_vector_sharp,58,475372982,475385327,1136596923,843190317
500,4,2.5,sharp,legacy_vector_sharp,59,738755661,738768006,267206046,1679309654
500,4,2.5,sharp,legacy_vector_sharp,60,121067644,121079989,904756800,1735366366
500,4,2.5,sharp,legacy_vector_sharp,61,1518005372,1518017717,492277660,1099938599
500,4,2.5,sharp,legacy_vector_sharp,62,1428061615,1428073960,1707515778,1773179513
500,4,2.5,sharp,legacy_vector_sharp,63,1632207251,1632219596,999326606,1634601275
500,4,2.5,sharp,legacy_vector_sharp,64,1074804548,1074816893,380333726,809607401
500,4,2.5,sharp,legacy_vector_sharp,65,1215648485,1215660830,670470582,376142230
500,4,2.5,sharp,legacy_vector_sharp,66,1078888629,1078900974,1734552687,569528598
500,4,2.5,sharp,legacy_vector_sharp,67,449822397,449834742,731142929,412906193
500,4,2.5,sharp,legacy_vector_sharp,68,1756302440,1756314785,1381235783,1485269177
500,4,2.5,sharp,legacy_vector_sharp,69,874232227,874244572,151162323,1413308703
500,4,2.5,sharp,legacy_vector_sharp,70,507428649,507440994,1461060768,556405918
500,4,2.5,sharp,legacy_vector_sharp,71,245713109,245725454,651861079,991348971
500,4,2.5,sharp,legacy_vector_sharp,72,806181467,806193812,589008301,1596753007
500,4,2.5,sharp,legacy_vector_sharp,73,721666403,721678748,1568624737,582669252
500,4,2.5,sharp,legacy_vector_sharp,74,1480236403,1480248748,299377610,978316060
500,4,2.5,sharp,legacy_vector_sharp,75,698330523,698342868,899218165,332866077
500,4,2.5,sharp,legacy_vector_sharp,76,624981013,624993358,1062851294,968488060
500,4,2.5,sharp,legacy_vector_sharp,77,1234718012,1234730357,1691640409,17020200
500,4,2.5,sharp,legacy_vector_sharp,78,1425618938,1425631283,771033701,183286201
500,4,2.5,sharp,legacy_vector_sharp,79,1527212937,1527225282,1655861722,568702261
500,4,2.5,sharp,legacy_vector_sharp,80,1791891082,1791903427,1679044265,1476009415
500,4,2.5,sharp,legacy_vector_sharp,81,398055789,398068134,1774652960,1009998943
500,4,2.5,sharp,legacy_vector_sharp,82,1086102943,1086115288,1605594130,1061910906
500,4,2.5,sharp,legacy_vector_sharp,83,611761631,611773976,1195321926,1373400540
500,4,2.5,sharp,legacy_vector_sharp,84,1494877559,1494889904,1243991881,1424509904
500,4,2.5,sharp,legacy_vector_sharp,85,1280251524,1280263869,1625974959,702194520
500,4,2.5,sharp,legacy_vector_sharp,86,1658249826,1658262171,149986061,392149994
500,4,2.5,sharp,legacy_vector_sharp,87,109515791,109528136,1785930771,780973154
500,4,2.5,sharp,legacy_vector_sharp,88,641129856,641142201,892695502,471216776
500,4,2.5,sharp,legacy_vector_sharp,89,300906018,300918363,1040482560,1208708432
500,4,2.5,sharp,legacy_vector_sharp,90,300619409,300631754,1076973794,848064083
500,4,2.5,sharp,legacy_vector_sharp,91,1060615305,1060627650,864758029,1029041223
500,4,2.5,sharp,legacy_vector_sharp,92,952112610,952124955,1615614494,510675345
500,4,2.5,sharp,legacy_vector_sharp,93,630677432,630689777,617842108,1076100940
500,4,2.5,sharp,legacy_vector_sharp,94,1528826528,1528838873,709139020,1066793688
500,4,2.5,sharp,legacy_vector_sharp,95,1231254195,1231266540,1495863405,479853009
500,4,2.5,sharp,legacy_vector_sharp,96,1508331081,1508343426,1614552361,1592261171
500,4,2.5,sharp,legacy_vector_sharp,97,1383690903,1383703248,1359386251,1289359027
500,4,2.5,sharp,legacy_vector_sharp,98,1243731565,1243743910,310098085,920214257
500,4,2.5,sharp,legacy_vector_sharp,99,412072522,412084867,728938513,764130657
500,4,2.5,zigzag,legacy_vector_zigzag,0,739569829,739582174,179591012,1464587126
500,4,2.5,zigzag,legacy_vector_zigzag,1,215093975,215106320,472812515,617283264
500,4,2.5,zigzag,legacy_vector_zigzag,2,839989604,840001949,173414091,987559274
500,4,2.5,zigzag,legacy_vector_zigzag,3,1010507082,1010519427,1301174042,81535895
500,4,2.5,zigzag,legacy_vector_zigzag,4,1166833424,1166845769,1412551828,549317802
500,4,2.5,zigzag,legacy_vector_zigzag,5,653149797,653162142,229817574,614701067
500,4,2.5,zigzag,legacy_vector_zigzag,6,1395780666,1395793011,444373226,319620449
500,4,2.5,zigzag,legacy_vector_zigzag,7,33600161,33612506,1699554547,874966809
500,4,2.5,zigzag,legacy_vector_zigzag,8,1612450344,1612462689,154948977,715634870
500,4,2.5,zigzag,legacy_vector_zigzag,9,784849876,784862221,627221462,901922127
500,4,2.5,zigzag,legacy_vector_zigzag,10,1147875980,1147888325,1222136593,1366898536
500,4,2.5,zigzag,legacy_vector_zigzag,11,642010354,642022699,85714983,535624202
500,4,2.5,zigzag,legacy_vector_zigzag,12,346317159,346329504,885738638,745162180
500,4,2.5,zigzag,legacy_vector_zigzag,13,715734463,715746808,433855044,1120084684
500,4,2.5,zigzag,legacy_vector_zigzag,14,385105557,385117902,280126446,1734101034
500,4,2.5,zigzag,legacy_vector_zigzag,15,101482545,101494890,81774802,1569244397
500,4,2.5,zigzag,legacy_vector_zigzag,16,780598778,780611123,991635909,1045687740
500,4,2.5,zigzag,legacy_vector_zigzag,17,1791343461,1791355806,1656897348,626437215
500,4,2.5,zigzag,legacy_vector_zigzag,18,1414877426,1414889771,678724523,1354555368
500,4,2.5,zigzag,legacy_vector_zigzag,19,1586855561,1586867906,1118000377,1749371649
500,4,2.5,zigzag,legacy_vector_zigzag,20,687868600,687880945,1793310259,292608950
500,4,2.5,zigzag,legacy_vector_zigzag,21,12934803,12947148,682959460,1601688345
500,4,2.5,zigzag,legacy_vector_zigzag,22,1470388147,1470400492,45379103,329833723
500,4,2.5,zigzag,legacy_vector_zigzag,23,1627764597,1627776942,1086078215,1648216799
500,4,2.5,zigzag,legacy_vector_zigzag,24,939740738,939753083,1026309663,1473780488
500,4,2.5,zigzag,legacy_vector_zigzag,25,905760795,905773140,1557724735,639504209
500,4,2.5,zigzag,legacy_vector_zigzag,26,604626468,604638813,1554316480,1298378483
500,4,2.5,zigzag,legacy_vector_zigzag,27,1732131925,1732144270,1541848779,1565344941
500,4,2.5,zigzag,legacy_vector_zigzag,28,1135352746,1135365091,13898558,825339185
500,4,2.5,zigzag,legacy_vector_zigzag,29,425478262,425490607,1178630551,1632099059
500,4,2.5,zigzag,legacy_vector_zigzag,30,1252546601,1252558946,1161145422,1517903560
500,4,2.5,zigzag,legacy_vector_zigzag,31,1011685242,1011697587,276592858,374813452
500,4,2.5,zigzag,legacy_vector_zigzag,32,1366508593,1366520938,689310137,953031561
500,4,2.5,zigzag,legacy_vector_zigzag,33,1739551178,1739563523,1012678675,392714054
500,4,2.5,zigzag,legacy_vector_zigzag,34,89511309,89523654,784267817,402340119
500,4,2.5,zigzag,legacy_vector_zigzag,35,1573362032,1573374377,1430105119,1227028770
500,4,2.5,zigzag,legacy_vector_zigzag,36,1443092397,1443104742,1481184919,812886703
500,4,2.5,zigzag,legacy_vector_zigzag,37,1212459460,1212471805,1396308895,171738928
500,4,2.5,zigzag,legacy_vector_zigzag,38,1435957061,1435969406,904692444,1346505721
500,4,2.5,zigzag,legacy_vector_zigzag,39,1626324676,1626337021,1030930006,1128596636
500,4,2.5,zigzag,legacy_vector_zigzag,40,825926505,825938850,484434200,17715275
500,4,2.5,zigzag,legacy_vector_zigzag,41,93137369,93149714,1525769329,777863032
500,4,2.5,zigzag,legacy_vector_zigzag,42,900511407,900523752,569429157,1311166868
500,4,2.5,zigzag,legacy_vector_zigzag,43,940298968,940311313,1209807555,731295148
500,4,2.5,zigzag,legacy_vector_zigzag,44,1536165320,1536177665,1401690507,297389897
500,4,2.5,zigzag,legacy_vector_zigzag,45,723281630,723293975,1044456138,1119732214
500,4,2.5,zigzag,legacy_vector_zigzag,46,125990763,126003108,660568740,268522069
500,4,2.5,zigzag,legacy_vector_zigzag,47,1239821382,1239833727,409151474,289217348
500,4,2.5,zigzag,legacy_vector_zigzag,48,756497340,756509685,107456326,588161105
500,4,2.5,zigzag,legacy_vector_zigzag,49,907912633,907924978,1610436359,1340354449
500,4,2.5,zigzag,legacy_vector_zigzag,50,1553154668,1553167013,322721592,530619922
500,4,2.5,zigzag,legacy_vector_zigzag,51,483611417,483623762,853891235,837189349
500,4,2.5,zigzag,legacy_vector_zigzag,52,985874374,985886719,127696382,346102034
500,4,2.5,zigzag,legacy_vector_zigzag,53,641769684,641782029,726253022,205275920
500,4,2.5,zigzag,legacy_vector_zigzag,54,359209163,359221508,1288650722,903279450
500,4,2.5,zigzag,legacy_vector_zigzag,55,1553106773,1553119118,1392389631,861874380
500,4,2.5,zigzag,legacy_vector_zigzag,56,1354553814,1354566159,930620499,846767180
500,4,2.5,zigzag,legacy_vector_zigzag,57,1176330461,1176342806,1399340774,1008295610
500,4,2.5,zigzag,legacy_vector_zigzag,58,1048171062,1048183407,907576578,1443217716
500,4,2.5,zigzag,legacy_vector_zigzag,59,164494322,164506667,1429346211,128008288
500,4,2.5,zigzag,legacy_vector_zigzag,60,590684963,590697308,1214617495,547918892
500,4,2.5,zigzag,legacy_vector_zigzag,61,1509328328,1509340673,8598350,1352154049
500,4,2.5,zigzag,legacy_vector_zigzag,62,330618899,330631244,1430794082,1271439690
500,4,2.5,zigzag,legacy_vector_zigzag,63,1743372358,1743384703,1306020204,1775439625
500,4,2.5,zigzag,legacy_vector_zigzag,64,1634022623,1634034968,1742584746,1423662525
500,4,2.5,zigzag,legacy_vector_zigzag,65,552343233,552355578,257196402,960293924
500,4,2.5,zigzag,legacy_vector_zigzag,66,672841636,672853981,873161179,147283554
500,4,2.5,zigzag,legacy_vector_zigzag,67,518053841,518066186,149201066,1295584360
500,4,2.5,zigzag,legacy_vector_zigzag,68,1729899861,1729912206,98320016,885259540
500,4,2.5,zigzag,legacy_vector_zigzag,69,10044542,10056887,835750896,1070085812
500,4,2.5,zigzag,legacy_vector_zigzag,70,1679790391,1679802736,113882236,236035989
500,4,2.5,zigzag,legacy_vector_zigzag,71,1723443068,1723455413,231967523,1202260505
500,4,2.5,zigzag,legacy_vector_zigzag,72,749604280,749616625,1403774456,1371516296
500,4,2.5,zigzag,legacy_vector_zigzag,73,1334391614,1334403959,1370848600,823950585
500,4,2.5,zigzag,legacy_vector_zigzag,74,980999417,981011762,1682312812,782565689
500,4,2.5,zigzag,legacy_vector_zigzag,75,825841502,825853847,327445508,1672242681
500,4,2.5,zigzag,legacy_vector_zigzag,76,1161992638,1162004983,1059522142,348621930
500,4,2.5,zigzag,legacy_vector_zigzag,77,894032644,894044989,1762647729,1600007730
500,4,2.5,zigzag,legacy_vector_zigzag,78,487668829,487681174,1647241786,1693281354
500,4,2.5,zigzag,legacy_vector_zigzag,79,503784503,503796848,810726471,403460029
500,4,2.5,zigzag,legacy_vector_zigzag,80,754631696,754644041,344369313,581696119
500,4,2.5,zigzag,legacy_vector_zigzag,81,340634884,340647229,927128704,1074957070
500,4,2.5,zigzag,legacy_vector_zigzag,82,1734868226,1734880571,415160326,1331321434
500,4,2.5,zigzag,legacy_vector_zigzag,83,294045377,294057722,358598744,1125941868
500,4,2.5,zigzag,legacy_vector_zigzag,84,463471426,463483771,1334799674,817746853
500,4,2.5,zigzag,legacy_vector_zigzag,85,1107832680,1107845025,578276694,418655769
500,4,2.5,zigzag,legacy_vector_zigzag,86,715920019,715932364,1014784254,1715413588
500,4,2.5,zigzag,legacy_vector_zigzag,87,458470406,458482751,1673203615,758275970
500,4,2.5,zigzag,legacy_vector_zigzag,88,171144057,171156402,328805538,750732301
500,4,2.5,zigzag,legacy_vector_zigzag,89,262250295,262262640,1476643002,43544581
500,4,2.5,zigzag,legacy_vector_zigzag,90,179066713,179079058,729650903,35176349
500,4,2.5,zigzag,legacy_vector_zigzag,91,1026837812,1026850157,90044858,742604537
500,4,2.5,zigzag,legacy_vector_zigzag,92,4568729,4581074,227825911,1473911797
500,4,2.5,zigzag,legacy_vector_zigzag,93,923734079,923746424,1009691815,929248374
500,4,2.5,zigzag,legacy_vector_zigzag,94,1507227873,1507240218,587802944,1587191687
500,4,2.5,zigzag,legacy_vector_zigzag,95,1214416714,1214429059,1047196454,828553953
500,4,2.5,zigzag,legacy_vector_zigzag,96,667452725,667465070,1704962119,962373471
500,4,2.5,zigzag,legacy_vector_zigzag,97,1746135219,1746147564,495317947,249451222
500,4,2.5,zigzag,legacy_vector_zigzag,98,336880381,336892726,116731454,762182240
500,4,2.5,zigzag,legacy_vector_zigzag,99,514217568,514229913,315802243,1620583297
500,12,2.5,random,legacy_vector_random,0,170854461,170866806,651816961,1262420078
500,12,2.5,random,legacy_vector_random,1,578749229,578761574,339857669,30973640
500,12,2.5,random,legacy_vector_random,2,795559894,795572239,692731329,425902650
500,12,2.5,random,legacy_vector_random,3,139835940,139848285,46317887,1376780944
500,12,2.5,random,legacy_vector_random,4,1185138775,1185151120,886803194,1630241620
500,12,2.5,random,legacy_vector_random,5,878466407,878478752,489250025,1439702896
500,12,2.5,random,legacy_vector_random,6,1579178440,1579190785,441615,947953195
500,12,2.5,random,legacy_vector_random,7,1776151926,1776164271,696472153,1615517317
500,12,2.5,random,legacy_vector_random,8,1167436393,1167448738,241065410,1190807465
500,12,2.5,random,legacy_vector_random,9,344240778,344253123,1673860498,743106706
500,12,2.5,random,legacy_vector_random,10,1143275887,1143288232,891573419,1678876781
500,12,2.5,random,legacy_vector_random,11,1503944417,1503956762,1199690794,215572869
500,12,2.5,random,legacy_vector_random,12,1460040106,1460052451,1477897957,122700925
500,12,2.5,random,legacy_vector_random,13,579546155,579558500,1482256060,645124870
500,12,2.5,random,legacy_vector_random,14,234259787,234272132,1717648229,1184048975
500,12,2.5,random,legacy_vector_random,15,559893810,559906155,1458265896,17473140
500,12,2.5,random,legacy_vector_random,16,490129584,490141929,1403312017,3814757
500,12,2.5,random,legacy_vector_random,17,486191324,486203669,1530339039,847411446
500,12,2.5,random,legacy_vector_random,18,1782794701,1782807046,249871632,1107297189
500,12,2.5,random,legacy_vector_random,19,417439396,417451741,632983830,1013160676
500,12,2.5,random,legacy_vector_random,20,1447573049,1447585394,201333905,1184856185
500,12,2.5,random,legacy_vector_random,21,1230737031,1230749376,1634439622,1512557914
500,12,2.5,random,legacy_vector_random,22,368777203,368789548,1563297832,160576378
500,12,2.5,random,legacy_vector_random,23,1303428934,1303441279,619651794,813175058
500,12,2.5,random,legacy_vector_random,24,277385029,277397374,1200907926,1721797566
500,12,2.5,random,legacy_vector_random,25,944935877,944948222,665759737,1775990357
500,12,2.5,random,legacy_vector_random,26,1067547208,1067559553,675408783,786242162
500,12,2.5,random,legacy_vector_random,27,899777963,899790308,319999190,99364674
500,12,2.5,random,legacy_vector_random,28,1205484692,1205497037,468391640,89754078
500,12,2.5,random,legacy_vector_random,29,162781658,162794003,918425427,815725259
500,12,2.5,random,legacy_vector_random,30,1039560635,1039572980,787885162,469159216
500,12,2.5,random,legacy_vector_random,31,1400769987,1400782332,814604540,1704751020
500,12,2.5,random,legacy_vector_random,32,996999607,997011952,840080752,71258510
500,12,2.5,random,legacy_vector_random,33,1371042273,1371054618,733704425,1798056578
500,12,2.5,random,legacy_vector_random,34,1277136673,1277149018,1322648864,893536457
500,12,2.5,random,legacy_vector_random,35,425763400,425775745,622381458,185434429
500,12,2.5,random,legacy_vector_random,36,1704267802,1704280147,1709723969,1605330450
500,12,2.5,random,legacy_vector_random,37,1563132809,1563145154,1094093223,870344361
500,12,2.5,random,legacy_vector_random,38,296190496,296202841,1278914754,1332095371
500,12,2.5,random,legacy_vector_random,39,1174136173,1174148518,627219731,1107656731
500,12,2.5,random,legacy_vector_random,40,1787681396,1787693741,674107375,241838127
500,12,2.5,random,legacy_vector_random,41,602365045,602377390,1724519451,1427016119
500,12,2.5,random,legacy_vector_random,42,1048658299,1048670644,699369987,716430007
500,12,2.5,random,legacy_vector_random,43,1132718895,1132731240,1119201089,527316281
500,12,2.5,random,legacy_vector_random,44,1107451109,1107463454,167070774,1705725201
500,12,2.5,random,legacy_vector_random,45,445879607,445891952,1626890022,1793388624
500,12,2.5,random,legacy_vector_random,46,450831130,450843475,1141568792,784016479
500,12,2.5,random,legacy_vector_random,47,165047081,165059426,83490398,1065986888
500,12,2.5,random,legacy_vector_random,48,209898912,209911257,279145910,19243909
500,12,2.5,random,legacy_vector_random,49,598375803,598388148,1517516530,278263979
500,12,2.5,random,legacy_vector_random,50,1309748052,1309760397,1452633817,14790617
500,12,2.5,random,legacy_vector_random,51,798008856,798021201,823905611,633290510
500,12,2.5,random,legacy_vector_random,52,692373738,692386083,1115233474,315515285
500,12,2.5,random,legacy_vector_random,53,1010240532,1010252877,853214777,466487235
500,12,2.5,random,legacy_vector_random,54,1662593336,1662605681,1450954462,1763019232
500,12,2.5,random,legacy_vector_random,55,1483221231,1483233576,1337907081,432924616
500,12,2.5,random,legacy_vector_random,56,1474842832,1474855177,1650266666,1798400891
500,12,2.5,random,legacy_vector_random,57,582985480,582997825,1666821017,202327824
500,12,2.5,random,legacy_vector_random,58,1619299411,1619311756,407261316,1143871764
500,12,2.5,random,legacy_vector_random,59,401927056,401939401,525297833,1182794828
500,12,2.5,random,legacy_vector_random,60,1424774704,1424787049,1542269720,1786653828
500,12,2.5,random,legacy_vector_random,61,281005232,281017577,222368996,1259842902
500,12,2.5,random,legacy_vector_random,62,391897343,391909688,64379589,1506373815
500,12,2.5,random,legacy_vector_random,63,1637406360,1637418705,873246440,1036091754
500,12,2.5,random,legacy_vector_random,64,1096345641,1096357986,1496529727,856063644
500,12,2.5,random,legacy_vector_random,65,785390976,785403321,580260476,1270838742
500,12,2.5,random,legacy_vector_random,66,321201907,321214252,946198728,1345155193
500,12,2.5,random,legacy_vector_random,67,1790839409,1790851754,388070343,292957985
500,12,2.5,random,legacy_vector_random,68,270143319,270155664,1161584717,358710518
500,12,2.5,random,legacy_vector_random,69,151419994,151432339,1168623699,1149297141
500,12,2.5,random,legacy_vector_random,70,55480320,55492665,1140444939,1383181385
500,12,2.5,random,legacy_vector_random,71,771897001,771909346,1152281310,1617291045
500,12,2.5,random,legacy_vector_random,72,741239663,741252008,681635524,1046746440
500,12,2.5,random,legacy_vector_random,73,1048665647,1048677992,156862298,99197697
500,12,2.5,random,legacy_vector_random,74,1577645484,1577657829,790226401,972399414
500,12,2.5,random,legacy_vector_random,75,1523815409,1523827754,619646725,1054885746
500,12,2.5,random,legacy_vector_random,76,1458738013,1458750358,1002227280,1656569605
500,12,2.5,random,legacy_vector_random,77,1054969128,1054981473,1767682590,436566172
500,12,2.5,random,legacy_vector_random,78,392494359,392506704,1205724683,1570915241
500,12,2.5,random,legacy_vector_random,79,924083795,924096140,151378475,117881174
500,12,2.5,random,legacy_vector_random,80,1422540816,1422553161,202575046,101412182
500,12,2.5,random,legacy_vector_random,81,409369109,409381454,1741036508,864941024
500,12,2.5,random,legacy_vector_random,82,1338695495,1338707840,270684206,303970569
500,12,2.5,random,legacy_vector_random,83,1569318198,1569330543,576411499,1420980171
500,12,2.5,random,legacy_vector_random,84,850017287,850029632,1228686170,1581613349
500,12,2.5,random,legacy_vector_random,85,1268449353,1268461698,1004599934,137710555
500,12,2.5,random,legacy_vector_random,86,952955305,952967650,427001899,175746292
500,12,2.5,random,legacy_vector_random,87,38802698,38815043,1129957543,4479855
500,12,2.5,random,legacy_vector_random,88,641882703,641895048,651989213,724231876
500,12,2.5,random,legacy_vector_random,89,1548372805,1548385150,1625498636,1584681369
500,12,2.5,random,legacy_vector_random,90,371335102,371347447,1655406828,546322782
500,12,2.5,random,legacy_vector_random,91,1575634283,1575646628,1280717798,1497225877
500,12,2.5,random,legacy_vector_random,92,723527831,723540176,872981127,641665452
500,12,2.5,random,legacy_vector_random,93,532299833,532312178,1422582480,1208510034
500,12,2.5,random,legacy_vector_random,94,642303877,642316222,233597295,1524798309
500,12,2.5,random,legacy_vector_random,95,1605772710,1605785055,1247209739,36556091
500,12,2.5,random,legacy_vector_random,96,579978628,579990973,785295093,1443002410
500,12,2.5,random,legacy_vector_random,97,546958615,546970960,213707652,819901338
500,12,2.5,random,legacy_vector_random,98,1562456830,1562469175,406085741,755521431
500,12,2.5,random,legacy_vector_random,99,313842580,313854925,426129880,1134355770
500,12,2.5,scurve,legacy_vector_scurve,0,467945251,467957596,1375601602,627850657
500,12,2.5,scurve,legacy_vector_scurve,1,551635297,551647642,507285920,214809181
500,12,2.5,scurve,legacy_vector_scurve,2,425230463,425242808,795857666,7587925
500,12,2.5,scurve,legacy_vector_scurve,3,1132257192,1132269537,623965006,1065480972
500,12,2.5,scurve,legacy_vector_scurve,4,843470891,843483236,1411385516,413750169
500,12,2.5,scurve,legacy_vector_scurve,5,18583485,18595830,1118193835,1204013938
500,12,2.5,scurve,legacy_vector_scurve,6,607491154,607503499,995307703,720436430
500,12,2.5,scurve,legacy_vector_scurve,7,3352910,3365255,962327815,358950696
500,12,2.5,scurve,legacy_vector_scurve,8,500132967,500145312,577152207,316056225
500,12,2.5,scurve,legacy_vector_scurve,9,1378223815,1378236160,1002641101,1166237795
500,12,2.5,scurve,legacy_vector_scurve,10,1169259380,1169271725,145731071,1042452408
500,12,2.5,scurve,legacy_vector_scurve,11,242094970,242107315,1290809704,1084553519
500,12,2.5,scurve,legacy_vector_scurve,12,655218821,655231166,1347989407,1098016800
500,12,2.5,scurve,legacy_vector_scurve,13,324926616,324938961,149798817,1725892029
500,12,2.5,scurve,legacy_vector_scurve,14,1265678272,1265690617,631789721,1542854750
500,12,2.5,scurve,legacy_vector_scurve,15,396408494,396420839,914385730,560817982
500,12,2.5,scurve,legacy_vector_scurve,16,315728596,315740941,336815239,691426136
500,12,2.5,scurve,legacy_vector_scurve,17,1241040362,1241052707,914758378,1590448001
500,12,2.5,scurve,legacy_vector_scurve,18,1099250621,1099262966,1251605879,164774190
500,12,2.5,scurve,legacy_vector_scurve,19,769687563,769699908,233019150,1016482100
500,12,2.5,scurve,legacy_vector_scurve,20,603185656,603198001,655873318,1105726520
500,12,2.5,scurve,legacy_vector_scurve,21,452223586,452235931,1694406747,998983539
500,12,2.5,scurve,legacy_vector_scurve,22,771928416,771940761,128824808,1045583883
500,12,2.5,scurve,legacy_vector_scurve,23,1244193780,1244206125,217652501,839119893
500,12,2.5,scurve,legacy_vector_scurve,24,1133625536,1133637881,679888648,1626708156
500,12,2.5,scurve,legacy_vector_scurve,25,1083548127,1083560472,1728507374,342140328
500,12,2.5,scurve,legacy_vector_scurve,26,691751369,691763714,962488949,581053168
500,12,2.5,scurve,legacy_vector_scurve,27,510191211,510203556,1266395831,454694834
500,12,2.5,scurve,legacy_vector_scurve,28,591134026,591146371,608678666,951932094
500,12,2.5,scurve,legacy_vector_scurve,29,1564390062,1564402407,1645754495,893818257
500,12,2.5,scurve,legacy_vector_scurve,30,1532486080,1532498425,251040681,148846731
500,12,2.5,scurve,legacy_vector_scurve,31,294581267,294593612,1757303623,1162366416
500,12,2.5,scurve,legacy_vector_scurve,32,694601985,694614330,1145133657,160847727
500,12,2.5,scurve,legacy_vector_scurve,33,1161248507,1161260852,1594105673,1311932196
500,12,2.5,scurve,legacy_vector_scurve,34,822549910,822562255,1535001515,173122243
500,12,2.5,scurve,legacy_vector_scurve,35,535479707,535492052,864190389,1393437875
500,12,2.5,scurve,legacy_vector_scurve,36,649004217,649016562,480627674,436497106
500,12,2.5,scurve,legacy_vector_scurve,37,1047766950,1047779295,1076330974,398639639
500,12,2.5,scurve,legacy_vector_scurve,38,1777147225,1777159570,1288974122,258754233
500,12,2.5,scurve,legacy_vector_scurve,39,1443036719,1443049064,1407390891,142431468
500,12,2.5,scurve,legacy_vector_scurve,40,1196435864,1196448209,958718771,1727184099
500,12,2.5,scurve,legacy_vector_scurve,41,943584925,943597270,841661426,765015333
500,12,2.5,scurve,legacy_vector_scurve,42,313585531,313597876,1029842136,1227656944
500,12,2.5,scurve,legacy_vector_scurve,43,296398073,296410418,1748971376,963029973
500,12,2.5,scurve,legacy_vector_scurve,44,225723395,225735740,165425937,1038688918
500,12,2.5,scurve,legacy_vector_scurve,45,581401828,581414173,1464845934,837499225
500,12,2.5,scurve,legacy_vector_scurve,46,144904876,144917221,407915686,1636452874
500,12,2.5,scurve,legacy_vector_scurve,47,320060500,320072845,34505357,536867117
500,12,2.5,scurve,legacy_vector_scurve,48,1414988767,1415001112,1262084306,314663004
500,12,2.5,scurve,legacy_vector_scurve,49,555223094,555235439,980804791,1336303451
500,12,2.5,scurve,legacy_vector_scurve,50,41904219,41916564,361171934,1715947026
500,12,2.5,scurve,legacy_vector_scurve,51,815310645,815322990,1769646092,155427652
500,12,2.5,scurve,legacy_vector_scurve,52,972065236,972077581,385264517,274269114
500,12,2.5,scurve,legacy_vector_scurve,53,1237986359,1237998704,256253008,1639251745
500,12,2.5,scurve,legacy_vector_scurve,54,1369834234,1369846579,1098128977,1324765142
500,12,2.5,scurve,legacy_vector_scurve,55,948829143,948841488,578795560,857862648
500,12,2.5,scurve,legacy_vector_scurve,56,710903109,710915454,718906480,1692516278
500,12,2.5,scurve,legacy_vector_scurve,57,1570945156,1570957501,510935519,830035136
500,12,2.5,scurve,legacy_vector_scurve,58,708003621,708015966,1375162911,456938259
500,12,2.5,scurve,legacy_vector_scurve,59,1419384333,1419396678,70767574,1040155168
500,12,2.5,scurve,legacy_vector_scurve,60,1318648561,1318660906,141078190,1791327017
500,12,2.5,scurve,legacy_vector_scurve,61,1654614597,1654626942,1494937001,1594721223
500,12,2.5,scurve,legacy_vector_scurve,62,1410466475,1410478820,179029069,265566987
500,12,2.5,scurve,legacy_vector_scurve,63,645062327,645074672,668449391,1407188206
500,12,2.5,scurve,legacy_vector_scurve,64,473034321,473046666,1292277283,1086175879
500,12,2.5,scurve,legacy_vector_scurve,65,1268704713,1268717058,1110431559,172522525
500,12,2.5,scurve,legacy_vector_scurve,66,1305250649,1305262994,723493062,209750265
500,12,2.5,scurve,legacy_vector_scurve,67,1221585469,1221597814,772008164,1334767118
500,12,2.5,scurve,legacy_vector_scurve,68,1691721910,1691734255,364856707,378580542
500,12,2.5,scurve,legacy_vector_scurve,69,284390429,284402774,1431821406,663374452
500,12,2.5,scurve,legacy_vector_scurve,70,1242648336,1242660681,816072786,132413298
500,12,2.5,scurve,legacy_vector_scurve,71,1554427913,1554440258,1353815865,1265091790
500,12,2.5,scurve,legacy_vector_scurve,72,1614554848,1614567193,223708686,1149905668
500,12,2.5,scurve,legacy_vector_scurve,73,1339216118,1339228463,669411921,521571727
500,12,2.5,scurve,legacy_vector_scurve,74,856100401,856112746,1758635825,41478771
500,12,2.5,scurve,legacy_vector_scurve,75,282974399,282986744,584909932,412690009
500,12,2.5,scurve,legacy_vector_scurve,76,117741269,117753614,1491254942,1774782406
500,12,2.5,scurve,legacy_vector_scurve,77,1382449371,1382461716,648923021,519881024
500,12,2.5,scurve,legacy_vector_scurve,78,218205483,218217828,1145101720,1531001378
500,12,2.5,scurve,legacy_vector_scurve,79,1355691955,1355704300,1297152958,1479210001
500,12,2.5,scurve,legacy_vector_scurve,80,905247453,905259798,1497207072,1300090888
500,12,2.5,scurve,legacy_vector_scurve,81,319400289,319412634,707058146,681441292
500,12,2.5,scurve,legacy_vector_scurve,82,597117913,597130258,12482396,741950908
500,12,2.5,scurve,legacy_vector_scurve,83,591228037,591240382,1267763878,923043307
500,12,2.5,scurve,legacy_vector_scurve,84,1595120391,1595132736,557138774,1312528979
500,12,2.5,scurve,legacy_vector_scurve,85,355583729,355596074,678967297,793464779
500,12,2.5,scurve,legacy_vector_scurve,86,1777693860,1777706205,528510649,972913677
500,12,2.5,scurve,legacy_vector_scurve,87,640059536,640071881,1181777241,1296985562
500,12,2.5,scurve,legacy_vector_scurve,88,663706644,663718989,1452683921,1587267878
500,12,2.5,scurve,legacy_vector_scurve,89,1644193688,1644206033,970853357,635123382
500,12,2.5,scurve,legacy_vector_scurve,90,1184281436,1184293781,1616485682,408488365
500,12,2.5,scurve,legacy_vector_scurve,91,1287984340,1287996685,1314218991,101087970
500,12,2.5,scurve,legacy_vector_scurve,92,1078452036,1078464381,1302165499,73005450
500,12,2.5,scurve,legacy_vector_scurve,93,935529446,935541791,1278613782,1579773329
500,12,2.5,scurve,legacy_vector_scurve,94,59618439,59630784,1490449041,393131374
500,12,2.5,scurve,legacy_vector_scurve,95,761138146,761150491,990854565,623459121
500,12,2.5,scurve,legacy_vector_scurve,96,127222105,127234450,1366484662,713270155
500,12,2.5,scurve,legacy_vector_scurve,97,623831561,623843906,32898974,171133504
500,12,2.5,scurve,legacy_vector_scurve,98,1178385476,1178397821,1783967998,1461184109
500,12,2.5,scurve,legacy_vector_scurve,99,25206589,25218934,1236066017,222504775
500,12,2.5,sharp,legacy_vector_sharp,0,1169108189,1169120534,754080253,1603241797
500,12,2.5,sharp,legacy_vector_sharp,1,1594136939,1594149284,1464789678,328246005
500,12,2.5,sharp,legacy_vector_sharp,2,10727676,10740021,1145803114,230049683
500,12,2.5,sharp,legacy_vector_sharp,3,1467926759,1467939104,1472175024,862512665
500,12,2.5,sharp,legacy_vector_sharp,4,1430195540,1430207885,587509665,678068813
500,12,2.5,sharp,legacy_vector_sharp,5,1090815294,1090827639,259554139,868453450
500,12,2.5,sharp,legacy_vector_sharp,6,289355171,289367516,1289549619,698033568
500,12,2.5,sharp,legacy_vector_sharp,7,507752104,507764449,1746736487,1452208202
500,12,2.5,sharp,legacy_vector_sharp,8,202083724,202096069,487964831,1749099205
500,12,2.5,sharp,legacy_vector_sharp,9,681984578,681996923,44504205,321236259
500,12,2.5,sharp,legacy_vector_sharp,10,1510600582,1510612927,1205198855,1531371440
500,12,2.5,sharp,legacy_vector_sharp,11,527084222,527096567,1369174693,737771583
500,12,2.5,sharp,legacy_vector_sharp,12,956857912,956870257,908711255,132721746
500,12,2.5,sharp,legacy_vector_sharp,13,1160211186,1160223531,159307730,220816508
500,12,2.5,sharp,legacy_vector_sharp,14,1478238374,1478250719,912955965,1517798588
500,12,2.5,sharp,legacy_vector_sharp,15,723005799,723018144,1537505394,35362419
500,12,2.5,sharp,legacy_vector_sharp,16,1573512613,1573524958,1360367510,1508251197
500,12,2.5,sharp,legacy_vector_sharp,17,1773960619,1773972964,1715239062,1420391232
500,12,2.5,sharp,legacy_vector_sharp,18,257197991,257210336,906097809,820290012
500,12,2.5,sharp,legacy_vector_sharp,19,1540281832,1540294177,1723808438,1083305389
500,12,2.5,sharp,legacy_vector_sharp,20,1508248761,1508261106,240649613,1157533228
500,12,2.5,sharp,legacy_vector_sharp,21,701574984,701587329,17851147,322522053
500,12,2.5,sharp,legacy_vector_sharp,22,304760958,304773303,783679227,1381949693
500,12,2.5,sharp,legacy_vector_sharp,23,1357099829,1357112174,891441001,578572089
500,12,2.5,sharp,legacy_vector_sharp,24,1201634982,1201647327,319617053,1448922281
500,12,2.5,sharp,legacy_vector_sharp,25,334287876,334300221,1234834928,101615540
500,12,2.5,sharp,legacy_vector_sharp,26,1131717996,1131730341,1536378630,755855658
500,12,2.5,sharp,legacy_vector_sharp,27,691962244,691974589,1600684886,1481741945
500,12,2.5,sharp,legacy_vector_sharp,28,450573468,450585813,756381869,20904141
500,12,2.5,sharp,legacy_vector_sharp,29,1299760714,1299773059,150338297,1770645404
500,12,2.5,sharp,legacy_vector_sharp,30,1793690468,1793702813,83743003,339936045
500,12,2.5,sharp,legacy_vector_sharp,31,941324736,941337081,1295080487,418776837
500,12,2.5,sharp,legacy_vector_sharp,32,1743614914,1743627259,914095315,1022740913
500,12,2.5,sharp,legacy_vector_sharp,33,592813229,592825574,379914600,1720656499
500,12,2.5,sharp,legacy_vector_sharp,34,1450060297,1450072642,612718595,1765455860
500,12,2.5,sharp,legacy_vector_sharp,35,1470101006,1470113351,45097179,1170171994
500,12,2.5,sharp,legacy_vector_sharp,36,1739097737,1739110082,839989986,600523614
500,12,2.5,sharp,legacy_vector_sharp,37,1645814294,1645826639,744918437,1616109376
500,12,2.5,sharp,legacy_vector_sharp,38,1682464465,1682476810,838606465,946058297
500,12,2.5,sharp,legacy_vector_sharp,39,1267335835,1267348180,1640092310,1412984159
500,12,2.5,sharp,legacy_vector_sharp,40,1081046775,1081059120,940959651,1204373340
500,12,2.5,sharp,legacy_vector_sharp,41,1079086682,1079099027,1019738837,54782291
500,12,2.5,sharp,legacy_vector_sharp,42,1735332917,1735345262,1422053932,181253236
500,12,2.5,sharp,legacy_vector_sharp,43,1412385254,1412397599,1343969360,1251559597
500,12,2.5,sharp,legacy_vector_sharp,44,1279984573,1279996918,402250396,1166971995
500,12,2.5,sharp,legacy_vector_sharp,45,407147591,407159936,447629956,257158928
500,12,2.5,sharp,legacy_vector_sharp,46,419897862,419910207,829872664,1216425922
500,12,2.5,sharp,legacy_vector_sharp,47,1113856242,1113868587,921237170,1400680525
500,12,2.5,sharp,legacy_vector_sharp,48,107030856,107043201,928150124,1556965251
500,12,2.5,sharp,legacy_vector_sharp,49,1074578603,1074590948,54961460,370462700
500,12,2.5,sharp,legacy_vector_sharp,50,1067830246,1067842591,1586432162,1377713628
500,12,2.5,sharp,legacy_vector_sharp,51,1512271142,1512283487,730779334,345785569
500,12,2.5,sharp,legacy_vector_sharp,52,1004896394,1004908739,337541337,1326386614
500,12,2.5,sharp,legacy_vector_sharp,53,1747626129,1747638474,1091375879,178748927
500,12,2.5,sharp,legacy_vector_sharp,54,1493235166,1493247511,208359754,339480553
500,12,2.5,sharp,legacy_vector_sharp,55,112479594,112491939,1639268635,1112590901
500,12,2.5,sharp,legacy_vector_sharp,56,375301306,375313651,655336390,1087101834
500,12,2.5,sharp,legacy_vector_sharp,57,120909173,120921518,15644553,573737751
500,12,2.5,sharp,legacy_vector_sharp,58,46528145,46540490,127501534,106884476
500,12,2.5,sharp,legacy_vector_sharp,59,1451683637,1451695982,273812863,1371067399
500,12,2.5,sharp,legacy_vector_sharp,60,797275106,797287451,18738049,143273180
500,12,2.5,sharp,legacy_vector_sharp,61,1070815925,1070828270,588468724,424946361
500,12,2.5,sharp,legacy_vector_sharp,62,1519884317,1519896662,1778379177,1321908300
500,12,2.5,sharp,legacy_vector_sharp,63,930860017,930872362,68095737,700870799
500,12,2.5,sharp,legacy_vector_sharp,64,1306031621,1306043966,1209370879,1285424735
500,12,2.5,sharp,legacy_vector_sharp,65,1352548705,1352561050,1556777510,928060887
500,12,2.5,sharp,legacy_vector_sharp,66,1739354818,1739367163,801952977,1245569588
500,12,2.5,sharp,legacy_vector_sharp,67,1175633492,1175645837,1414424143,3852004
500,12,2.5,sharp,legacy_vector_sharp,68,521115640,521127985,1133610200,880311386
500,12,2.5,sharp,legacy_vector_sharp,69,55835208,55847553,1343155975,659974345
500,12,2.5,sharp,legacy_vector_sharp,70,718381794,718394139,723508311,866405362
500,12,2.5,sharp,legacy_vector_sharp,71,874718105,874730450,682342120,1556130325
500,12,2.5,sharp,legacy_vector_sharp,72,1323081670,1323094015,210129200,1585746100
500,12,2.5,sharp,legacy_vector_sharp,73,60204090,60216435,578013864,1534595575
500,12,2.5,sharp,legacy_vector_sharp,74,1434288702,1434301047,19553159,1083233277
500,12,2.5,sharp,legacy_vector_sharp,75,1364909858,1364922203,1117669873,1774256291
500,12,2.5,sharp,legacy_vector_sharp,76,756660587,756672932,1167011312,494818563
500,12,2.5,sharp,legacy_vector_sharp,77,1229790214,1229802559,1626232850,583929393
500,12,2.5,sharp,legacy_vector_sharp,78,1761215121,1761227466,944675574,645616489
500,12,2.5,sharp,legacy_vector_sharp,79,571424099,571436444,951282845,1570202529
500,12,2.5,sharp,legacy_vector_sharp,80,787321456,787333801,1554744092,999654400
500,12,2.5,sharp,legacy_vector_sharp,81,1318874377,1318886722,1463918775,973442595
500,12,2.5,sharp,legacy_vector_sharp,82,1647374685,1647387030,1738168691,494597894
500,12,2.5,sharp,legacy_vector_sharp,83,1032424789,1032437134,959128011,879238914
500,12,2.5,sharp,legacy_vector_sharp,84,624682654,624694999,1791892658,1499982989
500,12,2.5,sharp,legacy_vector_sharp,85,1166698950,1166711295,662113577,514921454
500,12,2.5,sharp,legacy_vector_sharp,86,910467343,910479688,400132007,1556275897
500,12,2.5,sharp,legacy_vector_sharp,87,231729433,231741778,875892848,1787076351
500,12,2.5,sharp,legacy_vector_sharp,88,1232620982,1232633327,172496760,846861163
500,12,2.5,sharp,legacy_vector_sharp,89,236085996,236098341,902428207,380715678
500,12,2.5,sharp,legacy_vector_sharp,90,1189255806,1189268151,598574916,332611927
500,12,2.5,sharp,legacy_vector_sharp,91,687769889,687782234,1499396950,1756205951
500,12,2.5,sharp,legacy_vector_sharp,92,1050952340,1050964685,1072837175,418946772
500,12,2.5,sharp,legacy_vector_sharp,93,98170305,98182650,649662131,694334031
500,12,2.5,sharp,legacy_vector_sharp,94,649820136,649832481,1515877889,820233647
500,12,2.5,sharp,legacy_vector_sharp,95,1052552689,1052565034,1377399315,686068218
500,12,2.5,sharp,legacy_vector_sharp,96,1194453722,1194466067,973249217,137201341
500,12,2.5,sharp,legacy_vector_sharp,97,1073351669,1073364014,288250015,1689373518
500,12,2.5,sharp,legacy_vector_sharp,98,1105489042,1105501387,595529727,232858441
500,12,2.5,sharp,legacy_vector_sharp,99,783562025,783574370,318014108,1450494400
500,12,2.5,zigzag,legacy_vector_zigzag,0,1764945268,1764957613,1141715051,1785075044
500,12,2.5,zigzag,legacy_vector_zigzag,1,1252065150,1252077495,142583713,768874277
500,12,2.5,zigzag,legacy_vector_zigzag,2,647048858,647061203,224446521,728095600
500,12,2.5,zigzag,legacy_vector_zigzag,3,274251887,274264232,1487458816,989626131
500,12,2.5,zigzag,legacy_vector_zigzag,4,1690614520,1690626865,809573981,7124439
500,12,2.5,zigzag,legacy_vector_zigzag,5,1034005974,1034018319,1420446236,1187633915
500,12,2.5,zigzag,legacy_vector_zigzag,6,1233824476,1233836821,1437268377,891048224
500,12,2.5,zigzag,legacy_vector_zigzag,7,644943733,644956078,1109644862,1634656534
500,12,2.5,zigzag,legacy_vector_zigzag,8,1332935904,1332948249,556322698,1129391244
500,12,2.5,zigzag,legacy_vector_zigzag,9,112793312,112805657,742451789,1417151289
500,12,2.5,zigzag,legacy_vector_zigzag,10,1108447278,1108459623,312876620,700014775
500,12,2.5,zigzag,legacy_vector_zigzag,11,654611568,654623913,42301198,1459231702
500,12,2.5,zigzag,legacy_vector_zigzag,12,5370558,5382903,745683243,526473592
500,12,2.5,zigzag,legacy_vector_zigzag,13,787287795,787300140,1379164976,715791450
500,12,2.5,zigzag,legacy_vector_zigzag,14,110551235,110563580,1503563457,1473705015
500,12,2.5,zigzag,legacy_vector_zigzag,15,257858360,257870705,1546325600,320491579
500,12,2.5,zigzag,legacy_vector_zigzag,16,757790181,757802526,1341911220,165724898
500,12,2.5,zigzag,legacy_vector_zigzag,17,816005974,816018319,966099720,1767815857
500,12,2.5,zigzag,legacy_vector_zigzag,18,957500939,957513284,303121906,1741255811
500,12,2.5,zigzag,legacy_vector_zigzag,19,1192959545,1192971890,1738776788,645803855
500,12,2.5,zigzag,legacy_vector_zigzag,20,549577448,549589793,267840165,120671987
500,12,2.5,zigzag,legacy_vector_zigzag,21,1038150471,1038162816,1300041726,647827897
500,12,2.5,zigzag,legacy_vector_zigzag,22,561199021,561211366,200878544,209965319
500,12,2.5,zigzag,legacy_vector_zigzag,23,1727409650,1727421995,997410925,890179617
500,12,2.5,zigzag,legacy_vector_zigzag,24,1706181348,1706193693,1705050091,979754995
500,12,2.5,zigzag,legacy_vector_zigzag,25,70400553,70412898,1296451942,1772661309
500,12,2.5,zigzag,legacy_vector_zigzag,26,1435912637,1435924982,1627987917,566666684
500,12,2.5,zigzag,legacy_vector_zigzag,27,164850608,164862953,1558492264,702315919
500,12,2.5,zigzag,legacy_vector_zigzag,28,76800926,76813271,1737127635,1788619725
500,12,2.5,zigzag,legacy_vector_zigzag,29,347675199,347687544,999014968,1639328361
500,12,2.5,zigzag,legacy_vector_zigzag,30,339189041,339201386,1058561236,635147248
500,12,2.5,zigzag,legacy_vector_zigzag,31,1058929402,1058941747,1603119141,1694450462
500,12,2.5,zigzag,legacy_vector_zigzag,32,1483531407,1483543752,259485685,1789862211
500,12,2.5,zigzag,legacy_vector_zigzag,33,1317608394,1317620739,214667676,545827085
500,12,2.5,zigzag,legacy_vector_zigzag,34,1315161568,1315173913,1554996393,239982745
500,12,2.5,zigzag,legacy_vector_zigzag,35,648680225,648692570,1332762284,1238714634
500,12,2.5,zigzag,legacy_vector_zigzag,36,604436733,604449078,1761636090,1178965337
500,12,2.5,zigzag,legacy_vector_zigzag,37,1296759565,1296771910,559293271,1499447946
500,12,2.5,zigzag,legacy_vector_zigzag,38,440193121,440205466,1548885550,359808085
500,12,2.5,zigzag,legacy_vector_zigzag,39,999750494,999762839,1248025409,611463998
500,12,2.5,zigzag,legacy_vector_zigzag,40,1343266475,1343278820,1200576922,1697215069
500,12,2.5,zigzag,legacy_vector_zigzag,41,1739087716,1739100061,1746766724,1598387811
500,12,2.5,zigzag,legacy_vector_zigzag,42,1392400562,1392412907,1060577403,288751231
500,12,2.5,zigzag,legacy_vector_zigzag,43,1223492119,1223504464,1068302691,1112790253
500,12,2.5,zigzag,legacy_vector_zigzag,44,1337585237,1337597582,1325634481,635204729
500,12,2.5,zigzag,legacy_vector_zigzag,45,1379464016,1379476361,1580685299,1210725654
500,12,2.5,zigzag,legacy_vector_zigzag,46,1698309271,1698321616,746147278,84777034
500,12,2.5,zigzag,legacy_vector_zigzag,47,632535977,632548322,1589851118,856612913
500,12,2.5,zigzag,legacy_vector_zigzag,48,1557321586,1557333931,774444104,22048464
500,12,2.5,zigzag,legacy_vector_zigzag,49,1294647778,1294660123,733414986,1285946780
500,12,2.5,zigzag,legacy_vector_zigzag,50,584389587,584401932,1371981243,730186127
500,12,2.5,zigzag,legacy_vector_zigzag,51,1637698804,1637711149,49419175,1666146877
500,12,2.5,zigzag,legacy_vector_zigzag,52,1779876841,1779889186,1396790676,1145456926
500,12,2.5,zigzag,legacy_vector_zigzag,53,1206476864,1206489209,1708213289,677723057
500,12,2.5,zigzag,legacy_vector_zigzag,54,1480103357,1480115702,675527965,1136301446
500,12,2.5,zigzag,legacy_vector_zigzag,55,1212840869,1212853214,213852970,769149192
500,12,2.5,zigzag,legacy_vector_zigzag,56,407265791,407278136,1460862852,806351687
500,12,2.5,zigzag,legacy_vector_zigzag,57,668639550,668651895,1407615665,279833274
500,12,2.5,zigzag,legacy_vector_zigzag,58,1593950020,1593962365,743897455,1729777349
500,12,2.5,zigzag,legacy_vector_zigzag,59,1565470999,1565483344,102768261,1486004655
500,12,2.5,zigzag,legacy_vector_zigzag,60,583942945,583955290,879733400,1733845033
500,12,2.5,zigzag,legacy_vector_zigzag,61,321427981,321440326,1323620930,273473255
500,12,2.5,zigzag,legacy_vector_zigzag,62,1650346205,1650358550,750494847,733282574
500,12,2.5,zigzag,legacy_vector_zigzag,63,1058392432,1058404777,1609662545,4368954
500,12,2.5,zigzag,legacy_vector_zigzag,64,979860801,979873146,328650599,153122219
500,12,2.5,zigzag,legacy_vector_zigzag,65,1686837884,1686850229,62324361,664942198
500,12,2.5,zigzag,legacy_vector_zigzag,66,1423197387,1423209732,1242518358,594142800
500,12,2.5,zigzag,legacy_vector_zigzag,67,253138447,253150792,221545772,821945152
500,12,2.5,zigzag,legacy_vector_zigzag,68,749997579,750009924,629566937,619393783
500,12,2.5,zigzag,legacy_vector_zigzag,69,1004347739,1004360084,1279335319,1419333436
500,12,2.5,zigzag,legacy_vector_zigzag,70,1630147768,1630160113,1083868514,1729623385
500,12,2.5,zigzag,legacy_vector_zigzag,71,489505404,489517749,615149197,1712175531
500,12,2.5,zigzag,legacy_vector_zigzag,72,569828990,569841335,1157891100,1507592954
500,12,2.5,zigzag,legacy_vector_zigzag,73,193193002,193205347,1768418905,1430409368
500,12,2.5,zigzag,legacy_vector_zigzag,74,1194286056,1194298401,235464315,698063074
500,12,2.5,zigzag,legacy_vector_zigzag,75,1066413915,1066426260,513466596,131138656
500,12,2.5,zigzag,legacy_vector_zigzag,76,137841421,137853766,1573630704,1567447571
500,12,2.5,zigzag,legacy_vector_zigzag,77,1138815778,1138828123,755841873,1242352532
500,12,2.5,zigzag,legacy_vector_zigzag,78,385829963,385842308,1047567375,626757124
500,12,2.5,zigzag,legacy_vector_zigzag,79,1545324055,1545336400,729940478,1359500892
500,12,2.5,zigzag,legacy_vector_zigzag,80,360964270,360976615,287651754,110752768
500,12,2.5,zigzag,legacy_vector_zigzag,81,1088402481,1088414826,631688082,1205091155
500,12,2.5,zigzag,legacy_vector_zigzag,82,977871319,977883664,159223937,1506007216
500,12,2.5,zigzag,legacy_vector_zigzag,83,620259356,620271701,1021709529,133905370
500,12,2.5,zigzag,legacy_vector_zigzag,84,988276112,988288457,823107698,468558204
500,12,2.5,zigzag,legacy_vector_zigzag,85,390869399,390881744,1792625787,1117084300
500,12,2.5,zigzag,legacy_vector_zigzag,86,1410825390,1410837735,1312238595,1008214769
500,12,2.5,zigzag,legacy_vector_zigzag,87,1786305570,1786317915,528756204,921113689
500,12,2.5,zigzag,legacy_vector_zigzag,88,1311182855,1311195200,1361141899,1466093177
500,12,2.5,zigzag,legacy_vector_zigzag,89,906396193,906408538,1714957699,1357972087
500,12,2.5,zigzag,legacy_vector_zigzag,90,484387207,484399552,239968284,657628845
500,12,2.5,zigzag,legacy_vector_zigzag,91,1636478669,1636491014,236292155,502940931
500,12,2.5,zigzag,legacy_vector_zigzag,92,197489589,197501934,223659395,888306629
500,12,2.5,zigzag,legacy_vector_zigzag,93,1042907770,1042920115,368706555,1730631253
500,12,2.5,zigzag,legacy_vector_zigzag,94,964160840,964173185,417275757,1427024586
500,12,2.5,zigzag,legacy_vector_zigzag,95,1347063629,1347075974,1057711989,719886766
500,12,2.5,zigzag,legacy_vector_zigzag,96,1094423277,1094435622,452533872,445171765
500,12,2.5,zigzag,legacy_vector_zigzag,97,683671040,683683385,743176033,880008648
500,12,2.5,zigzag,legacy_vector_zigzag,98,586386164,586398509,5889102,1646300855
500,12,2.5,zigzag,legacy_vector_zigzag,99,1330318249,1330330594,489309303,369007583
