pop,n,step_ratio,pattern,threshold_range,threshold_mode,R_agent,R_abs_agent,R_global,R_abs_global,R_log_ratio,R_abs_log_ratio
50,4,1.5,random,HM,clamped,1.2472017,154.71304156,1.2474380999999999,154.88766232,-0.00018952636024456007,-0.0011280386402761225
50,4,1.5,random,HM,latent,1.16094285,144.23890367,1.2064941,149.77901669000002,-0.03848623919481855,-0.037690007639672625
50,4,1.5,random,HT1,clamped,1.75714935,212.79451356,1.77866925,216.69175941,-0.012172663904776093,-0.018148905185075996
50,4,1.5,random,HT1,latent,1.65278145,203.49106066000002,1.7328832499999998,212.66584361000002,-0.04732704379759437,-0.04410004853967673
50,4,1.5,random,HT2,clamped,1.55618625,191.99620621999998,1.5802479,194.27192903,-0.015343616929316222,-0.011783261073674152
50,4,1.5,random,HT2,latent,1.46189745,181.34280126000002,1.5558851999999999,191.71138933999998,-0.06230942888553718,-0.05560189094198678
50,4,1.5,scurve,HM,clamped,1.50291248,11.594563350000001,1.73058271,11.656351469999999,-0.1410532995168029,-0.005314910482354238
50,4,1.5,scurve,HM,latent,2.22484965,11.941220659999999,2.29314132,11.951179629999999,-0.03023329272634181,-0.000833651743306628
50,4,1.5,scurve,HT1,clamped,0.9454286199999999,11.489110590000001,1.02153842,11.52924247,-0.07742663410495607,-0.0034869497881454326
50,4,1.5,scurve,HT1,latent,2.03603809,12.076809659999999,2.10477644,12.11696414,-0.03320345045398434,-0.0033194091341051334
50,4,1.5,scurve,HT2,clamped,1.74635089,12.03091112,1.79567702,12.0470329,-0.0278537155932324,-0.0013391328093330843
50,4,1.5,scurve,HT2,latent,2.75526537,12.56499161,2.7913557200000003,12.58558398,-0.013013637943665867,-0.0016375271037308004
50,4,1.5,sharp,HM,clamped,1.49805375,1.86512685,1.60484595,2.11598831,-0.06886100504085384,-0.1261929225375426
50,4,1.5,sharp,HM,latent,1.3788221999999999,1.2980620600000001,1.5227232000000002,1.4118885399999999,-0.09927065435395413,-0.08405576912082383
50,4,1.5,sharp,HT1,clamped,0.7112269499999999,0.8422665899999999,1.0267758,1.20149751,-0.36718730316896864,-0.35522740343267706
50,4,1.5,sharp,HT1,latent,1.0512054,1.12625209,1.2696189,1.46823906,-0.18877927097639205,-0.26516837869100757
50,4,1.5,sharp,HT2,clamped,1.0183869,1.18363243,1.21654485,1.30322869,-0.17779484576262553,-0.0962567524754367
50,4,1.5,sharp,HT2,latent,1.32208425,1.3866226700000002,1.50890985,1.6138644300000002,-0.13217796785335842,-0.1517605133010215
50,4,1.5,zigzag,HM,clamped,2.50452031,27.771902559999997,2.77173676,27.87461658,-0.10137688970760589,-0.00369166439301459
50,4,1.5,zigzag,HM,latent,2.86191761,27.20604467,3.0696538600000003,27.27507688,-0.0700729128980276,-0.002534171286489345
50,4,1.5,zigzag,HT1,clamped,1.46555283,26.710587139999998,1.73832496,26.846584269999997,-0.17068945324957854,-0.005078588682835456
50,4,1.5,zigzag,HT1,latent,2.36216662,27.34925487,2.52127295,27.64964297,-0.06518465567168144,-0.010923531152038146
50,4,1.5,zigzag,HT2,clamped,2.33624237,27.278630720000002,2.49697921,27.228906459999997,-0.06653787140708611,0.0018244916709110057
50,4,1.5,zigzag,HT2,latent,3.03965423,28.17679892,3.11996334,28.31528831,-0.026077482934707123,-0.00490297576957618
50,4,2.0,random,HM,clamped,0.786705,97.96548623999999,0.7935954,99.14123384,-0.008720422605000864,-0.01193020252997797
50,4,2.0,random,HM,latent,0.7290971999999999,87.80613019,0.7672146,94.82633952,-0.050959497174096355,-0.07691589557228609
50,4,2.0,random,HT1,clamped,1.5231978000000002,188.73377225000002,1.5472278,192.56655383,-0.015652872771370348,-0.020104418558717554
50,4,2.0,random,HT1,latent,1.391136,174.97421263,1.4843574000000002,186.58931645,-0.06486127177898474,-0.06427142635735204
50,4,2.0,random,HT2,clamped,1.2757176,158.71967208,1.2727704,158.80401375,0.0023129018569760366,-0.0005312464911908517
50,4,2.0,random,HT2,latent,1.1288634,141.95250975000002,1.2328332,155.07963661,-0.08810364940666092,-0.08844620627379332
50,4,2.0,scurve,HM,clamped,1.12233165,11.30730806,1.23411681,11.3521626,-0.0949472289884875,-0.00395901557099809
50,4,2.0,scurve,HM,latent,1.1875133599999999,11.29641198,1.27664034,11.34557656,-0.07237038551221082,-0.00434278616320275
50,4,2.0,scurve,HT1,clamped,0.45542425000000003,11.10910292,0.52954444,11.1530897,-0.15078768765174655,-0.003951707542221581
50,4,2.0,scurve,HT1,latent,1.2265541500000001,11.5506387,1.2955960899999999,11.59652037,-0.054762156641515035,-0.003964350869255504
50,4,2.0,scurve,HT2,clamped,0.54877193,11.219371200000001,0.6120612599999999,11.24478134,-0.10914944839767692,-0.002262284392169188
50,4,2.0,scurve,HT2,latent,1.3529210900000002,11.647368570000001,1.40161082,11.677481519999999,-0.03535613567806738,-0.0025820501837323716
50,4,2.0,sharp,HM,clamped,0.8277024000000001,1.18204817,0.8547258,1.05605335,-0.032127046258118096,0.11270996627334136
50,4,2.0,sharp,HM,latent,0.7148676,0.97010831,0.818286,0.92741658,-0.1351145580252603,0.04500487532187785
50,4,2.0,sharp,HT1,clamped,0.6623322,1.90475853,0.8089740000000001,1.05269559,-0.19999953533957104,0.5930011416002768
50,4,2.0,sharp,HT1,latent,0.7862154,1.2747144,0.9173394,1.03362476,-0.15424672304830783,0.20965034465100194
50,4,2.0,sharp,HT2,clamped,0.5552208000000001,0.9374792200000001,0.7741625999999999,0.88966049,-0.33241605657813184,0.05235467422842325
50,4,2.0,sharp,HT2,latent,0.769782,0.94568425,0.9307470000000001,1.02223253,-0.18988013166107892,-0.07783552979306847
50,4,2.0,zigzag,HM,clamped,1.28748218,26.44679832,1.3434938399999998,26.380215269999997,-0.042585051340549684,0.0025207968701315446
50,4,2.0,zigzag,HM,latent,1.24131916,26.13432907,1.37566447,26.186224510000002,-0.10276221244827242,-0.001983750303374661
50,4,2.0,zigzag,HT1,clamped,0.81821726,26.1712726,1.07603366,26.395456479999996,-0.2739091224007469,-0.008529548750570121
50,4,2.0,zigzag,HT1,latent,1.42476518,26.58997595,1.59700379,26.862981,-0.11412222825280609,-0.010214867031957623
50,4,2.0,zigzag,HT2,clamped,0.88781044,26.31679479,1.12076053,26.398431690000002,-0.23300452674943534,-0.0030972821597923528
50,4,2.0,zigzag,HT2,latent,1.46480843,26.65407344,1.60910672,26.83051637,-0.09395472330835088,-0.006597921783111056
50,4,2.5,random,HM,clamped,0.4795155,52.42190145000001,0.4855185,54.48928869,-0.012441172911809765,-0.038679673948608446
50,4,2.5,random,HM,latent,0.46181475,45.22649416,0.47088749999999996,51.553985080000004,-0.01945537533900782,-0.13094644351637977
50,4,2.5,random,HT1,clamped,1.35682575,165.49506297,1.38120225,170.90389642,-0.01780635119643226,-0.032160025901319354
50,4,2.5,random,HT1,latent,1.20707475,150.28668661,1.31297925,164.19902832,-0.08409892108860385,-0.08853456527961417
50,4,2.5,random,HT2,clamped,1.01937525,125.7559437,1.00589175,125.76410935,0.013315478127401132,-6.493040935575749e-05
50,4,2.5,random,HT2,latent,0.857256,107.61732699,0.9680265,122.11235379,-0.12152287249127272,-0.12635988737074522
50,4,2.5,scurve,HM,clamped,1.0421727,11.17271379,1.01267055,11.15503592,0.028716718303693337,0.001583489059439765
50,4,2.5,scurve,HM,latent,0.83109274,11.075526199999999,0.90681421,11.14129995,-0.08719619989030142,-0.005921092573813055
50,4,2.5,scurve,HT1,clamped,0.61263924,11.09246387,0.66696472,11.12848769,-0.08496090376804818,-0.0032423320362086443
50,4,2.5,scurve,HT1,latent,1.15716124,11.45181358,1.1943800199999999,11.48829716,-0.03165744012198282,-0.003180770238914983
50,4,2.5,scurve,HT2,clamped,0.45547947,11.05563027,0.5011474,11.07591507,-0.09554962505586785,-0.0018331124527116427
50,4,2.5,scurve,HT2,latent,1.01572876,11.392207,1.04420388,11.416836980000001,-0.027648412740756922,-0.002159668734454232
50,4,2.5,sharp,HM,clamped,0.44752875000000003,1.35735539,0.46614975000000003,1.20414055,-0.040766152973211255,0.11977216449415684
50,4,2.5,sharp,HM,latent,0.35254125000000003,1.48458037,0.42038325,1.2457326,-0.17599915851991838,0.17540836260471349
50,4,2.5,sharp,HT1,clamped,0.8473845,3.5195632999999997,0.9138525,2.40338054,-0.07551463309406367,0.3814606148141122
50,4,2.5,sharp,HT1,latent,0.81888975,2.5973463299999997,0.8038065,1.4670853199999998,0.018590890835881904,0.5712126245308593
50,4,2.5,sharp,HT2,clamped,0.5017192500000001,2.2860046,0.6007095,1.4670273800000002,-0.18007075631603153,0.443567414692374
50,4,2.5,sharp,HT2,latent,0.637149,1.9096567199999999,0.6763275,1.14016905,-0.05967388901419153,0.5157469572705891
50,4,2.5,zigzag,HM,clamped,0.80614267,25.73964571,0.7747730300000001,25.757024849999997,0.03969061482374727,-0.0006749617196916157
50,4,2.5,zigzag,HM,latent,0.63402475,25.58114725,0.72143147,25.6236992,-0.12914939949764456,-0.0016620286064833478
50,4,2.5,zigzag,HT1,clamped,0.8511747599999999,25.901524199999997,1.0462580099999998,26.130520299999997,-0.2063578117962531,-0.008802174918066714
50,4,2.5,zigzag,HT1,latent,1.2214411,26.21115657,1.33070178,26.483866539999998,-0.08567506605781654,-0.010350594368420455
50,4,2.5,zigzag,HT2,clamped,0.6373614,25.89717423,0.81079254,26.01994428,-0.24067537211566215,-0.004729471987882819
50,4,2.5,zigzag,HT2,latent,1.03370677,26.134428189999998,1.13193948,26.311046030000004,-0.09078136759445556,-0.006735319312422241
50,8,1.5,random,HM,clamped,0.91001234,57.79614418999999,0.90452174,57.53290630000001,0.0060518199333471695,0.004564996347757051
50,8,1.5,random,HM,latent,0.7904783999999999,50.237601569999995,0.83027315,53.01734685,-0.04911641123782041,-0.05385537748833145
50,8,1.5,random,HT1,clamped,1.61225889,99.02431455,1.62746418,100.38646317999999,-0.009386852715460237,-0.013661947788308842
50,8,1.5,random,HT1,latent,1.4457679300000001,90.96828903,1.52972095,96.04508184000001,-0.056444713302318074,-0.05430671015058761
50,8,1.5,random,HT2,clamped,1.29451211,81.34548337,1.31423672,82.73910451,-0.015122180914955865,-0.01698702687048767
50,8,1.5,random,HT2,latent,1.18473371,75.35602508,1.27771693,81.07690307,-0.07555680486431603,-0.07317424175174866
50,8,1.5,scurve,HM,clamped,1.0846200400000001,9.29955248,1.2815124900000001,9.34291863,-0.16681128105348514,-0.004652412007566652
50,8,1.5,scurve,HM,latent,1.3913125199999998,9.43266125,1.45312172,9.45807459,-0.0434665919834092,-0.00269056277596722
50,8,1.5,scurve,HT1,clamped,0.66598828,9.150484290000001,0.7557436900000001,9.19929671,-0.12643021151489411,-0.005320230812090219
50,8,1.5,scurve,HT1,latent,1.43444864,9.66928648,1.48335728,9.696665789999999,-0.03352739881745313,-0.0028275736571208294
50,8,1.5,scurve,HT2,clamped,1.07777138,9.49103103,1.12498881,9.51160673,-0.042877716867223546,-0.0021655633603041313
50,8,1.5,scurve,HT2,latent,1.52018801,9.772340759999999,1.5499165,9.7871582,-0.019367040513736816,-0.001515114764938188
50,8,1.5,sharp,HM,clamped,0.84694148,1.04847761,0.90064298,1.1384485,-0.061477329112382156,-0.08232715372410536
50,8,1.5,sharp,HM,latent,0.7213647299999999,0.9182554199999999,0.78925125,1.00888441,-0.08993983498987597,-0.09412486760760562
50,8,1.5,sharp,HT1,clamped,0.37592098,0.4978129,0.53575272,0.7209863599999999,-0.35429374960685694,-0.37039591531736404
50,8,1.5,sharp,HT1,latent,0.55657414,0.7496691400000001,0.68494089,0.92733062,-0.20753215520956572,-0.21267819532857377
50,8,1.5,sharp,HT2,clamped,0.53579376,0.70060606,0.62909585,0.8552703300000001,-0.1605343189226712,-0.19947183394765428
50,8,1.5,sharp,HT2,latent,0.69302601,0.93939741,0.79017002,1.07681701,-0.1311806065423637,-0.13652613906093705
50,8,1.5,zigzag,HM,clamped,1.4938401300000002,12.734245040000001,1.69562827,12.75413159,-0.1267032599689142,-0.0015604410060282635
50,8,1.5,zigzag,HM,latent,1.6241677300000001,12.47400338,1.74558898,12.521449239999999,-0.07209650463518998,-0.0037963638990876286
50,8,1.5,zigzag,HT1,clamped,0.79574635,12.313775960000001,0.93205342,12.39044155,-0.15810965135561933,-0.006206700219129219
50,8,1.5,zigzag,HT1,latent,1.25208237,12.6141176,1.3551460599999998,12.722874039999999,-0.07910118063169568,-0.008584847758307519
50,8,1.5,zigzag,HT2,clamped,1.23374519,12.59220323,1.3154787,12.58485167,-0.06414621672990477,0.0005839888929133161
50,8,1.5,zigzag,HT2,latent,1.6152839,12.83123561,1.68398396,12.89514501,-0.041651660135009684,-0.0049684044103312066
50,8,2.0,random,HM,clamped,0.578877,35.8536513,0.5787801,35.97483433,0.0001674070849240497,-0.003374236388648538
50,8,2.0,random,HM,latent,0.4897833,28.32799927,0.5198319,31.540635090000002,-0.0595424416943453,-0.1074260283098751
50,8,2.0,random,HT1,clamped,1.4294505000000002,88.42401581,1.4344044,89.20298288,-0.003459606100189892,-0.008770874579341918
50,8,2.0,random,HT1,latent,1.2366387,78.47868025,1.3308264,84.27610489,-0.07340312951676915,-0.07127137283581175
50,8,2.0,random,HT2,clamped,1.0535835,66.25107186,1.0454442,66.23928169,0.007755343862353199,0.00017797778804591282
50,8,2.0,random,HT2,latent,0.9038187000000001,57.86716878,1.0048518,64.39050424,-0.10596655975154816,-0.10681598195486551
50,8,2.0,scurve,HM,clamped,0.72961178,9.0973164,0.7813544400000001,9.060357549999999,-0.06851629085269621,0.004070884975933867
50,8,2.0,scurve,HM,latent,0.7026839699999999,8.98443539,0.7642451,9.01160755,-0.08398130330869463,-0.0030197950448925255
50,8,2.0,scurve,HT1,clamped,0.31276394,8.88878168,0.38858968,8.93851221,-0.21707525902405184,-0.005579159608152524
50,8,2.0,scurve,HT1,latent,0.85075102,9.27404505,0.9092722500000001,9.310227130000001,-0.06652504196291358,-0.003893843715337225
50,8,2.0,scurve,HT2,clamped,0.35115483,8.93416832,0.41539181,8.96776332,-0.16799495799513192,-0.0037532306694691995
50,8,2.0,scurve,HT2,latent,0.68532426,9.15825869,0.72491997,9.18012519,-0.05616916403507762,-0.0023847805244245368
50,8,2.0,sharp,HM,clamped,0.5111766,0.73956437,0.5082294,0.67612498,0.005782206915331667,0.08968338305224956
50,8,2.0,sharp,HM,latent,0.4014858,0.71536662,0.4527564,0.62673208,-0.12018206711114467,0.13227602183762802
50,8,2.0,sharp,HT1,clamped,0.4866348,0.99135937,0.4764156,0.7086546199999999,0.021223361901385282,0.3357088312675765
50,8,2.0,sharp,HT1,latent,0.4932786,0.83907208,0.5115,0.66749537,-0.03627345940253267,0.22876416065600028
50,8,2.0,sharp,HT2,clamped,0.3120441,0.57869466,0.4037895,0.55251662,-0.2577491785939837,0.046291466570728225
50,8,2.0,sharp,HT2,latent,0.4260447,0.62687327,0.49553670000000005,0.65135904,-0.15109714728452997,-0.03831661192267652
50,8,2.0,zigzag,HM,clamped,0.75286942,12.09356213,0.82495283,12.05738308,-0.09143440919499922,0.002996079594303527
50,8,2.0,zigzag,HM,latent,0.7419772600000001,11.93322271,0.82098163,11.953943879999999,-0.10118213825236232,-0.0017349211443225753
50,8,2.0,zigzag,HT1,clamped,0.43696857,12.004674950000002,0.56438,12.12252664,-0.2558665131774339,-0.009769274473057329
50,8,2.0,zigzag,HT1,latent,0.74754548,12.21568986,0.85760682,12.35119125,-0.13735059648693293,-0.011031336333807113
50,8,2.0,zigzag,HT2,clamped,0.47400892,12.062313679999999,0.59208928,12.11838718,-0.2224312942405991,-0.0046378805011536356
50,8,2.0,zigzag,HT2,latent,0.7739376400000001,12.23142641,0.85913359,12.30924945,-0.10443312606835434,-0.006342392631664413
50,8,2.5,random,HM,clamped,0.37659391999999997,20.52828157,0.3767661,21.098614729999998,-0.0004570988595810254,-0.027403861553573685
50,8,2.5,random,HM,latent,0.32807157,18.45700948,0.33548229,18.99751195,-0.022337382331981737,-0.0288638046404519
50,8,2.5,random,HT1,clamped,1.27590182,78.03333622999999,1.27307056,79.12772568,0.00222149222688887,-0.013927204693898076
50,8,2.5,random,HT1,latent,1.07095841,67.76013364,1.16966473,74.27808985,-0.08816319434410433,-0.09184199802117274
50,8,2.5,random,HT2,clamped,0.85257338,53.047092240000005,0.8352420700000001,52.75232502,0.02053769467128678,0.005572204277309969
50,8,2.5,random,HT2,latent,0.7004589400000001,44.64960712,0.7999121800000001,51.318568539999994,-0.13276619785789534,-0.1392071383494647
50,8,2.5,scurve,HM,clamped,0.60600431,9.01867985,0.61655245,8.974069329999999,-0.01725629777815915,0.004958732094183046
50,8,2.5,scurve,HM,latent,0.51340168,8.87122557,0.56294434,8.89387433,-0.09212221928573248,-0.002549805224672013
50,8,2.5,scurve,HT1,clamped,0.35169673,8.91605554,0.409142,8.96574632,-0.15129304231114923,-0.005557707024547669
50,8,2.5,scurve,HT1,latent,0.74321554,9.22339427,0.78648411,9.25653837,-0.0565864220000894,-0.0035870407305088696
50,8,2.5,scurve,HT2,clamped,0.26945584,8.85775125,0.3165175,8.89063995,-0.1609740143901992,-0.0037061091649278365
50,8,2.5,scurve,HT2,latent,0.56093718,9.0630979,0.58679054,9.08199417,-0.04505900415981833,-0.0020827975695216993
50,8,2.5,sharp,HM,clamped,0.36281064,0.8416054,0.35527357000000004,0.73247348,0.02099293284527465,0.13888412285501403
50,8,2.5,sharp,HM,latent,0.24825306000000003,0.97924783,0.28014564,0.834333,-0.12086098166568413,0.1601521533188575
50,8,2.5,sharp,HT1,clamped,0.7132834699999999,1.77438864,0.67184934,1.39702654,0.059844796076577084,0.23910985748245084
50,8,2.5,sharp,HT1,latent,0.66052315,1.58587685,0.55654702,1.07653374,0.1712805130440147,0.38739109238220815
50,8,2.5,sharp,HT2,clamped,0.34488233,1.3085520400000001,0.37444179,0.91097168,-0.0822330705751395,0.3621646818503456
50,8,2.5,sharp,HT2,latent,0.48532539999999996,1.20828904,0.43798474,0.8421446400000001,0.1026355242142111,0.36100884043481013
50,8,2.5,zigzag,HM,clamped,0.45375718,11.80488619,0.48721896000000003,11.71833456,-0.07115142274929986,0.007358857998559353
50,8,2.5,zigzag,HM,latent,0.39449378,11.61528278,0.44997474,11.60872345,-0.13158807448727516,0.0005648749926653554
50,8,2.5,zigzag,HT1,clamped,0.44897913,11.89620773,0.53914887,12.00207265,-0.18301532384127003,-0.008859684529257205
50,8,2.5,zigzag,HT1,latent,0.64254178,12.04666895,0.7097651700000001,12.17532766,-0.0995023269552581,-0.010623395095555398
50,8,2.5,zigzag,HT2,clamped,0.34904672,11.889918049999999,0.42831516999999997,11.9397493,-0.20465352165512407,-0.00418229276167879
50,8,2.5,zigzag,HT2,latent,0.54762778,12.0003009,0.60404209,12.07173394,-0.09804805834962414,-0.005934957318962139
50,12,1.5,random,HM,clamped,0.77885425,32.91601333,0.7698758499999999,32.65340272,0.01159466143896851,0.008010198351053273
50,12,1.5,random,HM,latent,0.64080905,27.14318531,0.67726005,28.82423515,-0.05532380165353601,-0.06009051814412085
50,12,1.5,random,HT1,clamped,1.52159795,62.22254729,1.5349913499999999,62.96233945,-0.008763680302084019,-0.011819330455103243
50,12,1.5,random,HT1,latent,1.32282585,55.583256060000004,1.4112532999999998,59.197470519999996,-0.06470793101610557,-0.06299680737263338
50,12,1.5,random,HT2,clamped,1.13051455,47.54364567,1.1488258500000001,48.399094999999996,-0.016067537735222577,-0.017832969839490558
50,12,1.5,random,HT2,latent,1.01821415,43.35446059,1.1097045,47.148453520000004,-0.08604350420339787,-0.08389161434041957
50,12,1.5,scurve,HM,clamped,0.80275312,7.46593796,0.9266566500000001,7.5033848,-0.14353588900388722,-0.005003154613347502
50,12,1.5,scurve,HM,latent,0.9936379599999999,7.57279046,1.03932229,7.60547523,-0.04495122053396702,-0.004306792513526125
50,12,1.5,scurve,HT1,clamped,0.51986283,7.382171990000001,0.59391186,7.42315724,-0.13316593619865144,-0.005536567820767512
50,12,1.5,scurve,HT1,latent,1.10648043,7.83572438,1.13835759,7.8530016499999995,-0.028402319104790533,-0.0022025085977485865
50,12,1.5,scurve,HT2,clamped,0.8195366799999999,7.67018478,0.85659043,7.68641382,-0.044220736861594556,-0.002113625089063234
50,12,1.5,scurve,HT2,latent,1.14983202,7.906931879999999,1.1618346099999999,7.91283465,-0.01038445397290273,-0.00074625251425053
50,12,1.5,sharp,HM,clamped,0.5909498,0.79446382,0.6499883,0.8645121400000001,-0.0952232897075966,-0.08449790095843146
50,12,1.5,sharp,HM,latent,0.50945135,0.7700708199999999,0.5533055,0.82826777,-0.08257592787915197,-0.07285401118023652
50,12,1.5,sharp,HT1,clamped,0.2606219,0.3754655,0.36027929999999997,0.53869316,-0.3238088659824669,-0.36097954288527284
50,12,1.5,sharp,HT1,latent,0.38152169999999996,0.5714394899999999,0.47012295000000004,0.7033025,-0.2088265263977755,-0.20762849961432403
50,12,1.5,sharp,HT2,clamped,0.369702,0.54664344,0.42487454999999996,0.6623975299999999,-0.13909667316100313,-0.19206913075673934
50,12,1.5,sharp,HT2,latent,0.46629905,0.73118544,0.530258,0.83303529,-0.1285365140568223,-0.13040889874641554
50,12,1.5,zigzag,HM,clamped,1.00334834,8.777645230000001,1.14257708,8.79309518,-0.12994356080218583,-0.0017586002207410536
50,12,1.5,zigzag,HM,latent,1.1074401299999999,8.59931871,1.18669982,8.63882195,-0.06912503122262746,-0.0045832447860805845
50,12,1.5,zigzag,HT1,clamped,0.5549178,8.50450823,0.64184819,8.55457259,-0.1455318168842079,-0.005869542944430567
50,12,1.5,zigzag,HT1,latent,0.8046608500000001,8.69491521,0.87881664,8.7642685,-0.08815539094530862,-0.007944661782168192
50,12,1.5,zigzag,HT2,clamped,0.85116525,8.69809724,0.90567699,8.70299106,-0.06207642625868975,-0.0005624728803916788
50,12,1.5,zigzag,HT2,latent,1.06691526,8.84394371,1.11941666,8.88772426,-0.048036160103210906,-0.0049381297958231984
50,12,2.0,random,HM,clamped,0.4932272,20.81453226,0.4911136,20.80647915,0.004294454214047084,0.00038697330159357085
50,12,2.0,random,HM,latent,0.3876704,15.325442709999999,0.4148344,17.21237514,-0.06772391037927572,-0.11611424050158528
50,12,2.0,random,HT1,clamped,1.365863,56.63050588,1.3612624,56.887558129999995,0.0033739587950600857,-0.004528842023435513
50,12,2.0,random,HT1,latent,1.1437194,49.05109184,1.2381668000000001,53.031060399999994,-0.07934631547636747,-0.07801534167907435
50,12,2.0,random,HT2,clamped,0.9395506,39.919162660000005,0.9381,40.09071628,0.0015451227066392561,-0.004288317522133238
50,12,2.0,random,HT2,latent,0.8028084,34.81909092,0.8990193999999999,38.90911892,-0.11318853352598099,-0.11106281667440268
50,12,2.0,scurve,HM,clamped,0.5064580399999999,7.31786836,0.53647285,7.306678399999999,-0.05757447779545562,0.001530298663933996
50,12,2.0,scurve,HM,latent,0.47502586999999996,7.23220458,0.5170849900000001,7.265039400000001,-0.08483798600395163,-0.004529809416266976
50,12,2.0,scurve,HT1,clamped,0.22726776,7.166156989999999,0.28693816,7.20782599,-0.23313784034019186,-0.005797852520561051
50,12,2.0,scurve,HT1,latent,0.5969820699999999,7.49139879,0.64355266,7.51948347,-0.07511677796906895,-0.0037419136708279014
50,12,2.0,scurve,HT2,clamped,0.25172157,7.1961796300000005,0.3005853,7.223099039999999,-0.17740797819940282,-0.0037338124729388565
50,12,2.0,scurve,HT2,latent,0.47748739,7.38188731,0.5084142899999999,7.3978430600000005,-0.06275889551431046,-0.0021591403630807993
50,12,2.0,sharp,HM,clamped,0.40163699999999997,0.60133995,0.39270299999999997,0.52180997,0.022495094633591627,0.14185693576224867
50,12,2.0,sharp,HM,latent,0.2988666,0.54228445,0.3301148,0.56319893,-0.09944315276431621,-0.0378422257137611
50,12,2.0,sharp,HT1,clamped,0.3896542,0.66190923,0.36263959999999995,0.52193715,0.0718501755259185,0.2375812533974393
50,12,2.0,sharp,HT1,latent,0.39562980000000003,0.62647494,0.3781434,0.51952926,0.04520543676804678,0.18718564119504916
50,12,2.0,sharp,HT2,clamped,0.22558340000000002,0.40339584,0.2835152,0.43129011,-0.22857580189446403,-0.06686265959430929
50,12,2.0,sharp,HT2,latent,0.3117176,0.47489705,0.35003259999999997,0.51313993,-0.11592864327460081,-0.0774505323058105
50,12,2.0,zigzag,HM,clamped,0.47854948999999997,8.32558522,0.55487321,8.29355076,-0.14798000427521807,0.003855134191498214
50,12,2.0,zigzag,HM,latent,0.50341916,8.229044850000001,0.55893883,8.23651213,-0.10461689645741698,-0.0009070182710492494
50,12,2.0,zigzag,HT1,clamped,0.30485042,8.29463965,0.38927149,8.37543631,-0.24445578784528094,-0.009693692204206258
50,12,2.0,zigzag,HT1,latent,0.47430298,8.43043493,0.55311396,8.52317138,-0.15371774043388695,-0.010940135478516076
50,12,2.0,zigzag,HT2,clamped,0.33305717,8.33670806,0.40952026,8.36778766,-0.20667222011224104,-0.0037211103385987737
50,12,2.0,zigzag,HT2,latent,0.49735985,8.43765025,0.56165977,8.49641641,-0.1215824667425863,-0.006940612327464611
50,12,2.5,random,HM,clamped,0.31236875000000003,11.5917447,0.3090785,11.77217063,0.010589091010608573,-0.01544514386322212
50,12,2.5,random,HM,latent,0.25180475,12.86645629,0.255919,11.821631259999998,-0.016207002552304194,0.08469262623497209
50,12,2.5,random,HT1,clamped,1.228031,50.25158381999999,1.22276375,50.931576729999996,0.004298408187747422,-0.013441033935787456
50,12,2.5,random,HT1,latent,0.99958725,42.76587101,1.09986125,47.14687549,-0.09559687068955584,-0.09752736125753944
50,12,2.5,random,HT2,clamped,0.7554545,32.14098564,0.7398205,32.00898638,0.02091196567627264,0.00411533916971703
50,12,2.5,random,HT2,latent,0.61321475,26.91301566,0.7083965000000001,31.097416629999998,-0.1442887643344431,-0.1445147260554679
50,12,2.5,scurve,HM,clamped,0.41619236,7.25645322,0.41996873,7.23910584,-0.009032698893041683,0.0023934762653487203
50,12,2.5,scurve,HM,latent,0.34587878000000005,7.15655655,0.37902428,7.1769886,-0.0915118995038677,-0.0028509435209893154
50,12,2.5,scurve,HT1,clamped,0.24625123999999998,7.19489507,0.29152483,7.23416356,-0.1687728666933292,-0.0054429866777315926
50,12,2.5,scurve,HT1,latent,0.51628217,7.4492601,0.55453544,7.47219695,-0.07147726107983898,-0.003074346960753666
50,12,2.5,scurve,HT2,clamped,0.19516556999999998,7.154130609999999,0.23283843,7.17529677,-0.1764965043281837,-0.002954224873411852
50,12,2.5,scurve,HT2,latent,0.3877917,7.31716067,0.40940184,7.3277887,-0.054228827804544036,-0.0014514262353895488
50,12,2.5,sharp,HM,clamped,0.311012,0.63469849,0.29592725000000003,0.52970691,0.04971784955493711,0.1808262136475919
50,12,2.5,sharp,HM,latent,0.19777725000000002,0.79402113,0.220941,0.78359352,-0.11075430014254858,0.013219656472795323
50,12,2.5,sharp,HT1,clamped,0.55356375,1.19932833,0.54448325,0.9615980999999999,0.016539741935465216,0.22092036616612992
50,12,2.5,sharp,HT1,latent,0.5530315,1.1566755899999999,0.47419200000000006,0.84315589,0.1538026589551487,0.316153435140294
50,12,2.5,sharp,HT2,clamped,0.26406425,0.87996145,0.28324425000000003,0.66877681,-0.07011715486533696,0.27442771256825255
50,12,2.5,sharp,HT2,latent,0.3937145,0.84582481,0.35056350000000003,0.6286102100000001,0.11608416752226605,0.29680089110878516
50,12,2.5,zigzag,HM,clamped,0.28148620999999996,8.12732219,0.31834152,8.05819861,-0.1230413099462165,0.008541461359840987
50,12,2.5,zigzag,HM,latent,0.27178078,8.02178895,0.30592421000000003,8.031820549999999,-0.11834160607953699,-0.0012497627160673048
50,12,2.5,zigzag,HT1,clamped,0.30164941,8.21868715,0.35575346,8.29144262,-0.164972513878105,-0.008813491107454077
50,12,2.5,zigzag,HT1,latent,0.40959401999999995,8.3125076,0.45692328000000004,8.403919960000001,-0.10934902533015203,-0.010936938633958181
50,12,2.5,zigzag,HT2,clamped,0.2393215,8.207006250000001,0.29179077,8.24426433,-0.19822916807328458,-0.004529515640665359
50,12,2.5,zigzag,HT2,latent,0.34733353,8.265590170000001,0.38884794,8.3263258,-0.11290286759044292,-0.007321143789670456
100,4,1.5,random,HM,clamped,1.22842606,153.56530091000002,1.2258531499999998,153.29878236000002,0.002096673379351417,0.0017370466701380567
100,4,1.5,random,HM,latent,1.1329834300000001,142.2311752,1.17893143,147.68898425,-0.03975410335748873,-0.03765487661201168
100,4,1.5,random,HT1,clamped,1.7484521499999999,212.68554278,1.7655593200000002,216.06660277999998,-0.009736624535876957,-0.015771956467523395
100,4,1.5,random,HT1,latent,1.63437563,202.08277502,1.7139642499999999,211.37123653999998,-0.047548108575596125,-0.044938611608136926
100,4,1.5,random,HT2,clamped,1.55014902,191.92142403999998,1.56752952,193.34455717,-0.011149757638194313,-0.007387829044290269
100,4,1.5,random,HT2,latent,1.44014902,179.42219612,1.53458012,189.96845308,-0.0635102118169804,-0.057116355790621534
100,4,1.5,scurve,HM,clamped,1.49635818,11.60880807,1.74377328,11.63763553,-0.15301704100770333,-0.0024801621506496192
100,4,1.5,scurve,HM,latent,2.24955194,11.947051469999998,2.31797726,11.96644566,-0.029963876080258276,-0.0016220291115691201
100,4,1.5,scurve,HT1,clamped,0.9719354,11.4872701,1.04982321,11.53118594,-0.07708771620047193,-0.003815711462746222
100,4,1.5,scurve,HT1,latent,2.07293904,12.08410349,2.14341447,12.12573864,-0.033432677866156967,-0.0034395260260614508
100,4,1.5,scurve,HT2,clamped,1.7572988799999998,12.020269229999998,1.8080436599999998,12.039369939999998,-0.028467507031425168,-0.0015877805878844525
100,4,1.5,scurve,HT2,latent,2.7900067,12.56952984,2.82448474,12.589081,-0.012281957778356112,-0.00155423239065544
100,4,1.5,sharp,HM,clamped,1.52580816,1.9493243999999998,1.62530116,2.13692579,-0.06316891716728185,-0.09188539847675663
100,4,1.5,sharp,HM,latent,1.37668144,1.22504684,1.5234223,1.35087278,-0.10128346767633804,-0.09777180726017218
100,4,1.5,sharp,HT1,clamped,0.70497446,0.7870843200000001,1.02616652,1.15103494,-0.37542373755069286,-0.3800813807529886
100,4,1.5,sharp,HT1,latent,1.03930176,1.09887429,1.24480708,1.3724246500000001,-0.1804314590281659,-0.22229271000299636
100,4,1.5,sharp,HT2,clamped,1.01808416,1.15492387,1.21123274,1.26438844,-0.17371604776241364,-0.09055413025970437
100,4,1.5,sharp,HT2,latent,1.32035323,1.3549610200000002,1.5097787299999998,1.56544937,-0.13406380438044138,-0.14440023376606448
100,4,1.5,zigzag,HM,clamped,2.50690396,27.727005570000003,2.77812584,27.862934489999997,-0.10272803237547388,-0.004890424086168047
100,4,1.5,zigzag,HM,latent,2.85378133,27.11947301,3.06005907,27.19405488,-0.06978932236092254,-0.002746347724949636
100,4,1.5,zigzag,HT1,clamped,1.48168402,26.63354703,1.75745959,26.76965514,-0.1706900592855495,-0.005097387391817585
100,4,1.5,zigzag,HT1,latent,2.3806976,27.2418219,2.53202623,27.51872738,-0.06162630964899707,-0.010113406231940802
100,4,1.5,zigzag,HT2,clamped,2.30826552,27.15047961,2.47007516,27.123202889999998,-0.06775219397029286,0.0010051546547096737
100,4,1.5,zigzag,HT2,latent,3.0283781299999997,28.03799165,3.1074191,28.186069240000002,-0.02576530468887318,-0.005267422168824403
100,4,2.0,random,HM,clamped,0.7878864,98.32740088,0.7941603,99.40454729000001,-0.00793141301009778,-0.010895124182572519
100,4,2.0,random,HM,latent,0.7216277999999999,88.0040597,0.7632806999999999,94.84736672999999,-0.056116360032596804,-0.0748859871599255
100,4,2.0,random,HT1,clamped,1.5269837999999998,188.26791936,1.5519387,192.22790432000002,-0.01621050641541199,-0.02081561845180986
100,4,2.0,random,HT1,latent,1.3914051,174.09174857,1.4847138000000002,185.74300352999998,-0.06490792653395636,-0.06478156595410049
100,4,2.0,random,HT2,clamped,1.2789105,158.75713665,1.2748686,158.9080581,0.0031654291281233236,-0.0009501919873463281
100,4,2.0,random,HT2,latent,1.1202891,140.93337895000002,1.2262209,154.18749742,-0.09035022373052666,-0.0898820885532841
100,4,2.0,scurve,HM,clamped,1.10116706,11.29082243,1.18973528,11.30613053,-0.07736024757887071,-0.0013548819939450353
100,4,2.0,scurve,HM,latent,1.11437001,11.26011816,1.20352557,11.30018033,-0.07696599260114241,-0.0035515675582518326
100,4,2.0,scurve,HT1,clamped,0.38822812,11.060921659999998,0.4645776,11.10977501,-0.1795355006573087,-0.004407026968599233
100,4,2.0,scurve,HT1,latent,1.17719646,11.50994821,1.2491976200000001,11.55784133,-0.059365710968547945,-0.004152386489621491
100,4,2.0,scurve,HT2,clamped,0.45391266,11.150445640000001,0.5223481799999999,11.18427146,-0.1404295763440571,-0.003028992550980411
100,4,2.0,scurve,HT2,latent,1.2708922599999999,11.58462231,1.32426323,11.6168993,-0.04113703123826473,-0.0027823184500304836
100,4,2.0,sharp,HM,clamped,0.7772262000000001,1.00141488,0.8116551,0.9302108,-0.04334406854204154,0.07375793185361101
100,4,2.0,sharp,HM,latent,0.6832329,0.8192538500000001,0.7860261,0.78471341,-0.14015420093215136,0.04307541866717349
100,4,2.0,sharp,HT1,clamped,0.6515774999999999,1.86876667,0.7737489,0.87853081,-0.17185105660501412,0.7547829793443787
100,4,2.0,sharp,HT1,latent,0.7704114,1.13586287,0.8998512,0.9251815000000001,-0.15530475843969324,0.20515794448576605
100,4,2.0,sharp,HT2,clamped,0.5340222,0.73365628,0.7606062,0.7838994499999999,-0.35367833579054236,-0.06624012401745988
100,4,2.0,sharp,HT2,latent,0.7517712,0.81236418,0.9195057,0.9326702,-0.2014042207107184,-0.13810291781677583
100,4,2.0,zigzag,HM,clamped,1.2718311,26.423733579999997,1.3270589799999999,26.349012870000003,-0.04250752739881948,0.0028317934903477867
100,4,2.0,zigzag,HM,latent,1.22953519,26.06650102,1.36578231,26.08692602,-0.1050911816896611,-0.0007832659214732373
100,4,2.0,zigzag,HT1,clamped,0.75845727,26.080356579999997,1.02769744,26.29797263,-0.3037896212983445,-0.008309440389633438
100,4,2.0,zigzag,HT1,latent,1.3703432,26.47108925,1.5566110699999998,26.720417859999998,-0.12744984775515664,-0.009374821267965242
100,4,2.0,zigzag,HT2,clamped,0.84422922,26.20675994,1.0868699499999999,26.29311976,-0.25263319334885204,-0.0032899084107015017
100,4,2.0,zigzag,HT2,latent,1.4231418,26.50995313,1.5719909699999999,26.6798865,-0.09947598694293103,-0.006389714628135242
100,4,2.5,random,HM,clamped,0.47189747,51.095678649999996,0.47570441,53.283589750000004,-0.008034936531321023,-0.04192847205271139
100,4,2.5,random,HM,latent,0.44601649000000004,41.38002822000001,0.45606465,49.54369334,-0.022278651350116942,-0.18005661967786762
100,4,2.5,random,HT1,clamped,1.35813799,167.32652876,1.3863034099999998,172.65934434,-0.020526150704235264,-0.031373379978952766
100,4,2.5,random,HT1,latent,1.2064792500000001,151.88104006,1.31398654,165.52227944999998,-0.08535926905177876,-0.08600822154362467
100,4,2.5,random,HT2,clamped,1.02302399,126.50036121,1.0025261399999998,125.44696727,0.020239982658301136,0.008362065868983562
100,4,2.5,random,HT2,latent,0.84048721,106.2027768,0.9569614,121.1278432,-0.12978132066100645,-0.13149628784818151
100,4,2.5,scurve,HM,clamped,1.04082196,11.224461369999998,0.99020981,11.142971110000001,0.049849176162483334,0.007286542219286337
100,4,2.5,scurve,HM,latent,0.79722212,11.09504857,0.87737707,11.10766356,-0.09580351928964771,-0.0011363468826331299
100,4,2.5,scurve,HT1,clamped,0.55853557,11.07304402,0.60810999,11.11258417,-0.08503746527772454,-0.0035644870207298496
100,4,2.5,scurve,HT1,latent,1.12042899,11.439807120000001,1.16191059,11.479063100000001,-0.036354071790075715,-0.00342565039310502
100,4,2.5,scurve,HT2,clamped,0.40154505999999995,11.02946624,0.44947676999999997,11.057241730000001,-0.11276441670186745,-0.002515133054667526
100,4,2.5,scurve,HT2,latent,0.98234734,11.376274650000001,1.0146805700000001,11.401694950000001,-0.03238418004893126,-0.0022320084713228824
100,4,2.5,sharp,HM,clamped,0.40181341000000004,1.27899087,0.41537036,1.0554473500000001,-0.03318272934616924,0.1921066786924634
100,4,2.5,sharp,HM,latent,0.30340143,1.25469575,0.37717771999999994,1.04202093,-0.21765970205357046,0.18573108341208486
100,4,2.5,sharp,HT1,clamped,0.82520562,3.5173769299999997,0.8681291600000001,2.20430641,-0.050707913789677435,0.46730261534819534
100,4,2.5,sharp,HT1,latent,0.7976716,2.55413152,0.75990654,1.19960435,0.04850153189224637,0.7557204578826419
100,4,2.5,sharp,HT2,clamped,0.48001433,2.2864511899999997,0.57078015,1.34770545,-0.1731881516216857,0.5285974371396756
100,4,2.5,sharp,HT2,latent,0.6051875,1.87165112,0.62714037,1.03238699,-0.03563206380285483,0.5949474060872942
100,4,2.5,zigzag,HM,clamped,0.76429496,25.79368619,0.7335579400000001,25.654772899999998,0.04104720235605167,0.005400108381464912
100,4,2.5,zigzag,HM,latent,0.5790363,25.5683375,0.6703772499999999,25.5786056,-0.14647544371956095,-0.0004015137373067259
100,4,2.5,zigzag,HT1,clamped,0.79494454,25.871973710000002,0.9881376500000001,26.07314288,-0.2175496586911963,-0.007745489429111099
100,4,2.5,zigzag,HT1,latent,1.18254526,26.167407400000002,1.30426522,26.409251060000003,-0.09797071690123331,-0.009199723709451204
100,4,2.5,zigzag,HT2,clamped,0.57950565,25.86839192,0.75607277,25.96052596,-0.26596221564434464,-0.0035553177962671816
100,4,2.5,zigzag,HT2,latent,0.97809501,26.06172045,1.0788488,26.21170854,-0.09804301313368205,-0.005738613460457683
100,8,1.5,random,HM,clamped,0.9116258399999999,56.99862835,0.90494298,56.75034477,0.0073577065453494855,0.004365471924570265
100,8,1.5,random,HM,latent,0.7771849000000001,48.85062843,0.8171361400000001,51.51532036,-0.0501274264089549,-0.053112003259769926
100,8,1.5,random,HT1,clamped,1.61197601,98.22622860999999,1.62119902,99.30506917999999,-0.005705249441631408,-0.010923345406759852
100,8,1.5,random,HT1,latent,1.4351608999999999,89.76027582,1.52105202,94.8359443,-0.05812524551420302,-0.0550059820503324
100,8,1.5,random,HT2,clamped,1.27723764,79.60256887,1.28942317,80.39035078,-0.00949531118976343,-0.009847789242613352
100,8,1.5,random,HT2,latent,1.14955866,72.50428732,1.2431251,78.1985205,-0.07825035626646921,-0.0756050323744771
100,8,1.5,scurve,HM,clamped,1.06671791,9.25990622,1.26500812,9.34132571,-0.17049198052255685,-0.008754259963531578
100,8,1.5,scurve,HM,latent,1.37499138,9.415419,1.4373465300000001,9.4387048,-0.04435126424282328,-0.002470102783527806
100,8,1.5,scurve,HT1,clamped,0.65585364,9.127380500000001,0.74599468,9.17692828,-0.128780814515733,-0.005413796457716596
100,8,1.5,scurve,HT1,latent,1.42703026,9.64873609,1.47626149,9.67635806,-0.033917328137964727,-0.0028586653804721952
100,8,1.5,scurve,HT2,clamped,1.07651736,9.47865959,1.12642229,9.49917006,-0.04531533090563464,-0.0021615198749239573
100,8,1.5,scurve,HT2,latent,1.49371159,9.74266005,1.52261134,9.75821064,-0.01916282508937455,-0.001594861433972724
100,8,1.5,sharp,HM,clamped,0.85433892,1.08236627,0.92316846,1.18005296,-0.07748375450563501,-0.08640968366955576
100,8,1.5,sharp,HM,latent,0.72146164,0.89935182,0.79638466,0.9894864,-0.09880310053964086,-0.09551171677715185
100,8,1.5,sharp,HT1,clamped,0.35441831,0.47019933999999997,0.51509043,0.69815932,-0.3738645953003342,-0.3952905964188451
100,8,1.5,sharp,HT1,latent,0.5257341,0.7161596400000001,0.63815725,0.8761261399999999,-0.19378915471465855,-0.20160697300141953
100,8,1.5,sharp,HT2,clamped,0.52276789,0.6804291299999999,0.60643015,0.83402901,-0.1484519921661429,-0.2035445132700528
100,8,1.5,sharp,HT2,latent,0.66233754,0.90976636,0.7568141199999999,1.04352803,-0.13334236992202514,-0.1371747683872795
100,8,1.5,zigzag,HM,clamped,1.48964956,12.73118223,1.6944083,12.753902539999999,-0.1287926966782476,-0.001783028483083023
100,8,1.5,zigzag,HM,latent,1.6060196,12.439319900000001,1.7267574300000001,12.49221878,-0.07248651217460216,-0.00424353747763502
100,8,1.5,zigzag,HT1,clamped,0.7882305599999999,12.278756040000001,0.9239382,12.356830890000001,-0.1588545503934243,-0.006338400754312763
100,8,1.5,zigzag,HT1,latent,1.2398228500000001,12.570363780000001,1.3392296300000002,12.67887055,-0.07712603914981613,-0.008594909180443746
100,8,1.5,zigzag,HT2,clamped,1.2175894,12.540931700000002,1.2981511399999999,12.541928989999999,-0.06406804974424461,-7.951963795900731e-05
100,8,1.5,zigzag,HT2,latent,1.59442738,12.77714265,1.66509411,12.8432077,-0.04336698198447739,-0.00515724379456147
100,8,2.0,random,HM,clamped,0.5684076,35.50430224,0.56708085,35.54340639,0.0023368808441566703,-0.0011007857875412663
100,8,2.0,random,HM,latent,0.46082115,27.23175546,0.4930152,30.43053282,-0.06752999844452634,-0.11106270097593883
100,8,2.0,random,HT1,clamped,1.4314654500000001,88.25097248,1.4302014,88.72004416,0.0008834362268352966,-0.005301125431614358
100,8,2.0,random,HT1,latent,1.23177045,77.87766804,1.32323955,83.63119553,-0.071630409802946,-0.07127736569290402
100,8,2.0,random,HT2,clamped,1.0452401999999998,65.00884958,1.0336123499999998,64.65301926000001,0.011186912958926789,0.0054886022615288675
100,8,2.0,random,HT2,latent,0.88493865,56.06358008,0.9848715,62.463115689999995,-0.10699285523791355,-0.10808982830145589
100,8,2.0,scurve,HM,clamped,0.71447563,9.10196309,0.76202321,9.06010514,-0.06442812551978663,0.004609389589450046
100,8,2.0,scurve,HM,latent,0.67186337,8.96460268,0.7357627600000001,9.00014331,-0.09085272841186141,-0.0039567134862031495
100,8,2.0,scurve,HT1,clamped,0.27258611,8.85607768,0.35394238,8.90915355,-0.26117956733817077,-0.005975270147684038
100,8,2.0,scurve,HT1,latent,0.8141559100000001,9.24482449,0.8779669699999999,9.2833074,-0.075457090049035,-0.004154003821439867
100,8,2.0,scurve,HT2,clamped,0.31281999,8.89899231,0.38197747,8.93594326,-0.19973371453082106,-0.004143665417292205
100,8,2.0,scurve,HT2,latent,0.6368788200000001,9.11384854,0.67847768,9.13707168,-0.06327218064321706,-0.0025448746971185555
100,8,2.0,sharp,HM,clamped,0.51124125,0.75672011,0.50824575,0.64642715,0.0058765018491918775,0.1575329410878399
100,8,2.0,sharp,HM,latent,0.40667505,0.58877229,0.45549929999999994,0.57753501,-0.11337971632524509,0.01927044055152284
100,8,2.0,sharp,HT1,clamped,0.47569485,0.95933043,0.43076325,0.60351841,0.09921794199194729,0.4634590269098376
100,8,2.0,sharp,HT1,latent,0.47354655,0.77834087,0.47695529999999997,0.60161383,-0.007172557557353638,0.2575488034033165
100,8,2.0,sharp,HT2,clamped,0.28053374999999997,0.45823436,0.38090654999999995,0.51130803,-0.30586003087078023,-0.10959145073256094
100,8,2.0,sharp,HT2,latent,0.39475125,0.5418632999999999,0.4715028,0.62169517,-0.17766922085819437,-0.13743613661848447
100,8,2.0,zigzag,HM,clamped,0.7368860700000001,12.104261509999999,0.81104241,12.02094155,-0.09588705213345937,0.00690732352109569
100,8,2.0,zigzag,HM,latent,0.71859652,11.911469239999999,0.7973876400000001,11.91467221,-0.10404090253299904,-0.0002688618319519761
100,8,2.0,zigzag,HT1,clamped,0.40067239,11.981214379999999,0.53458076,12.09136183,-0.2883387026814911,-0.009151344480032611
100,8,2.0,zigzag,HT1,latent,0.71737492,12.19707716,0.8272039800000001,12.30518141,-0.1424527102437477,-0.00882408053496534
100,8,2.0,zigzag,HT2,clamped,0.43937998,12.035478009999999,0.56082001,12.083207999999999,-0.24403541947123317,-0.003957931397141444
100,8,2.0,zigzag,HT2,latent,0.73574204,12.194999809999999,0.82679277,12.26435899,-0.11667451504927907,-0.005671396905949743
100,8,2.5,random,HM,clamped,0.33647615000000003,17.164451,0.33632298,18.14267983,0.0004553216430178318,-0.05542672149548441
100,8,2.5,random,HM,latent,0.28927977,12.870399990000001,0.29295311,14.688309019999998,-0.012618279954484925,-0.13212177222100951
100,8,2.5,random,HT1,clamped,1.27524922,78.49740468,1.2657733,78.75185699,0.007458386419017685,-0.00323629541256719
100,8,2.5,random,HT1,latent,1.05702977,67.16385815,1.15414781,73.40399959999999,-0.08789937369741965,-0.088843146898662
100,8,2.5,random,HT2,clamped,0.8470929700000001,52.768471129999995,0.81914721,51.66015339,0.03354664121006319,0.021227117779984133
100,8,2.5,random,HT2,latent,0.6733320899999999,43.18483062999999,0.77385565,49.63413558,-0.13914670229788778,-0.13918952359572623
100,8,2.5,scurve,HM,clamped,0.58736548,9.00300953,0.59504538,8.94158905,-0.012990421957000668,0.006845594186352814
100,8,2.5,scurve,HM,latent,0.48034372,8.83484306,0.5323298,8.8549475,-0.10276129110973434,-0.0022730001904383715
100,8,2.5,scurve,HT1,clamped,0.32472236000000004,8.89050695,0.37733717,8.93695041,-0.1501685975836665,-0.005210340895095931
100,8,2.5,scurve,HT1,latent,0.71785192,9.19541471,0.76162798,9.22826935,-0.05919491302408841,-0.003566569500438478
100,8,2.5,scurve,HT2,clamped,0.23873448,8.83632266,0.28715819,8.8676916,-0.18468127656982974,-0.003543713009563844
100,8,2.5,scurve,HT2,latent,0.50656768,9.02299616,0.53180969,9.03973245,-0.048627762114418174,-0.0018531302939724975
100,8,2.5,sharp,HM,clamped,0.33264947,0.7289718700000001,0.33856565000000005,0.66431933,-0.017628724497232042,0.0928721916117232
100,8,2.5,sharp,HM,latent,0.22431861,0.78846858,0.2639617,0.62791694,-0.16273660954220087,0.2276846612224209
100,8,2.5,sharp,HT1,clamped,0.73332796,1.7981330299999998,0.66867521,1.33516085,0.09229456693658554,0.29769714959101506
100,8,2.5,sharp,HT1,latent,0.66067657,1.5417907800000001,0.50259841,0.9113101399999999,0.27347295446371317,0.5258165855822717
100,8,2.5,sharp,HT2,clamped,0.30745871999999996,1.22003765,0.34010581,0.79097364,-0.1009159407454395,0.43337235559967613
100,8,2.5,sharp,HT2,latent,0.45218144000000005,1.11140029,0.3917111,0.69832267,0.14355893693155714,0.4646947478961363
100,8,2.5,zigzag,HM,clamped,0.41723453,11.79605943,0.43606912999999997,11.689174009999999,-0.04415230006524306,0.009102413928470901
100,8,2.5,zigzag,HM,latent,0.34233883,11.64597066,0.40127625,11.657086629999998,-0.1588491152584266,-0.0009540354044359154
100,8,2.5,zigzag,HT1,clamped,0.41507232,11.87603192,0.50330149,11.98667377,-0.19273660413034238,-0.009273268866463706
100,8,2.5,zigzag,HT1,latent,0.61302489,12.04112928,0.68461729,12.15498379,-0.11045444270007387,-0.009411044657403996
100,8,2.5,zigzag,HT2,clamped,0.30423466,11.869523919999999,0.39098281,11.92061316,-0.25086428329125643,-0.004294999929190376
100,8,2.5,zigzag,HT2,latent,0.50601823,11.98031389,0.56429703,12.05226778,-0.10900806549688026,-0.005988046227434541
100,12,1.5,random,HM,clamped,0.77412956,32.67204477,0.76457745,32.40615088,0.012415921480155427,0.008171565511915297
100,12,1.5,random,HM,latent,0.61307694,26.311153370000003,0.6488690800000001,27.8873052,-0.05674052869658595,-0.05817864273017511
100,12,1.5,random,HT1,clamped,1.5112722500000002,61.91137783,1.5178616600000001,62.43976103,-0.004350696000757449,-0.008498295791608212
100,12,1.5,random,HT1,latent,1.3022747899999998,55.04341548,1.39114617,58.6228097,-0.06601541634951173,-0.0630016186688658
100,12,1.5,random,HT2,clamped,1.11633829,47.09629099,1.13044743,47.70575736,-0.012559564841186368,-0.012857839618547818
100,12,1.5,random,HT2,latent,0.99396999,42.559423530000004,1.08516244,46.34155559,-0.08777795400027809,-0.08513778743177744
100,12,1.5,scurve,HM,clamped,0.7973199599999999,7.46666922,0.92239411,7.520440750000001,-0.14571652973191623,-0.007175734459456518
100,12,1.5,scurve,HM,latent,0.9891126,7.56512298,1.0334901600000002,7.59577211,-0.043888680513345144,-0.004043187631173268
100,12,1.5,scurve,HT1,clamped,0.5254741700000001,7.38108383,0.6011561,7.42284392,-0.13455359866576,-0.005641773112166312
100,12,1.5,scurve,HT1,latent,1.12370924,7.84315037,1.15535801,7.8596922099999995,-0.0277752265791937,-0.0021068600840431894
100,12,1.5,scurve,HT2,clamped,0.8276331,7.66355829,0.86393172,7.679763349999999,-0.04292379766506858,-0.0021123282696805614
100,12,1.5,scurve,HT2,latent,1.14414407,7.889508439999999,1.15624305,7.8952643799999995,-0.010519178672516595,-0.0007293028947278401
100,12,1.5,sharp,HM,clamped,0.57386361,0.7914255699999999,0.64228544,0.85958165,-0.11264106062720956,-0.08260997914224591
100,12,1.5,sharp,HM,latent,0.49781782,0.7259990999999999,0.5477214,0.80044443,-0.09553257670948717,-0.09761833575949086
100,12,1.5,sharp,HT1,clamped,0.23739311999999999,0.35350889,0.33617216,0.52377092,-0.3479059085610861,-0.3931457796241617
100,12,1.5,sharp,HT1,latent,0.34815314,0.54906554,0.42875380999999996,0.6731409100000001,-0.2082404442891966,-0.20373686858093445
100,12,1.5,sharp,HT2,clamped,0.34958951,0.53031,0.39996042000000004,0.6498582399999999,-0.13460595460173197,-0.20329250558050338
100,12,1.5,sharp,HT2,latent,0.43544052,0.71053994,0.49680877,0.8102107,-0.13184697512291343,-0.13126917740597327
100,12,1.5,zigzag,HM,clamped,1.0064363299999999,8.79649937,1.15029015,8.8179547,-0.13359850962049494,-0.0024361062256590895
100,12,1.5,zigzag,HM,latent,1.10942516,8.59407347,1.19045491,8.63183472,-0.07049350407762775,-0.004384246109928354
100,12,1.5,zigzag,HT1,clamped,0.54643819,8.4744897,0.63452357,8.5357469,-0.14945323415984457,-0.007202423605214364
100,12,1.5,zigzag,HT1,latent,0.7959798499999999,8.6655017,0.8691199199999999,8.73652847,-0.0879072419894648,-0.008163089446176776
100,12,1.5,zigzag,HT2,clamped,0.84417857,8.66880636,0.8983898100000001,8.672100440000001,-0.062240012927111614,-0.0003799201596105514
100,12,1.5,zigzag,HT2,latent,1.0601820100000001,8.81372866,1.11405191,8.85788767,-0.04956313733395568,-0.00499774339712325
100,12,2.0,random,HM,clamped,0.475424,19.82459889,0.47104630000000003,19.670523680000002,0.009250646783599487,0.0078022794507891045
100,12,2.0,random,HM,latent,0.3499155,13.54086753,0.3770664,15.312402030000001,-0.0747296024969085,-0.12295075317244643
100,12,2.0,random,HT1,clamped,1.3471444,55.13417083,1.3309786,54.88666851,0.012072631723434427,0.004499197406524022
100,12,2.0,random,HT1,latent,1.1042327,46.854004759999995,1.1958663,50.66899473,-0.07972015535225037,-0.07827769424021465
100,12,2.0,random,HT2,clamped,0.9080285,38.059643099999995,0.8933669999999999,37.602971440000005,0.016278295080073082,0.012071409592132055
100,12,2.0,random,HT2,latent,0.7523420000000001,32.2430766,0.8451492,36.15004473,-0.1163221720186958,-0.11437484482324241
100,12,2.0,scurve,HM,clamped,0.49841131,7.33003186,0.52817835,7.2836965199999995,-0.058008350928825905,0.006341365333786427
100,12,2.0,scurve,HM,latent,0.46156988,7.21554774,0.5049264499999999,7.24115417,-0.089779313338845,-0.0035425032539279752
100,12,2.0,scurve,HT1,clamped,0.20548358,7.1456159,0.26983264,7.18676285,-0.27243578689143977,-0.005741833057062185
100,12,2.0,scurve,HT1,latent,0.57322967,7.466914900000001,0.62215961,7.49480494,-0.08191021088600023,-0.0037281906896838666
100,12,2.0,scurve,HT2,clamped,0.23323429,7.17711947,0.2846399,7.20448576,-0.199181387763271,-0.003805739706055919
100,12,2.0,scurve,HT2,latent,0.45050689,7.3548903900000004,0.48222512,7.37126029,-0.06803768790767996,-0.002223243140518407
100,12,2.0,sharp,HM,clamped,0.4039138,0.5915482999999999,0.38538290000000003,0.49892336,0.04696410334901784,0.17029084010798762
100,12,2.0,sharp,HM,latent,0.298454,0.43623596,0.32382599999999995,0.45262593,-0.0815905173944114,-0.0368827331470699
100,12,2.0,sharp,HT1,clamped,0.3928638,0.6345472,0.3207751,0.44728561,0.20272273239025054,0.349714334551879
100,12,2.0,sharp,HT1,latent,0.39024030000000004,0.5818631599999999,0.3326409,0.46120102,0.15969917349125398,0.23240129979710406
100,12,2.0,sharp,HT2,clamped,0.1947882,0.33097883000000006,0.2544162,0.39135216,-0.2670586942587798,-0.16755340396393628
100,12,2.0,sharp,HT2,latent,0.274673,0.4146304,0.3150193,0.47846364999999996,-0.1370526075620311,-0.1431927204461208
100,12,2.0,zigzag,HM,clamped,0.47117877999999996,8.33927131,0.5455158999999999,8.28516808,-0.14649435505191846,0.006508901712856482
100,12,2.0,zigzag,HM,latent,0.49535229000000003,8.210156399999999,0.55230974,8.22235248,-0.10883980569255561,-0.0014843846826391813
100,12,2.0,zigzag,HT1,clamped,0.27879943,8.27161739,0.36842906,8.34839421,-0.27875554851258616,-0.009239147119500975
100,12,2.0,zigzag,HT1,latent,0.45534652000000003,8.40727028,0.53527083,8.49050518,-0.1617141315949765,-0.009851660461977536
100,12,2.0,zigzag,HT2,clamped,0.30645001,8.30620309,0.39022914999999997,8.34280047,-0.2416794881145633,-0.0043963518674249805
100,12,2.0,zigzag,HT2,latent,0.47335834,8.41184915,0.54099754,8.46477973,-0.1335620401836032,-0.006272669018019867
100,12,2.5,random,HM,clamped,0.28329683,9.68052769,0.28002099,10.04647816,0.01163065257687305,-0.037105728016268075
100,12,2.5,random,HM,latent,0.21912889,9.12099016,0.22088214999999997,8.128623189999999,-0.007969205858388702,0.1151868084733536
100,12,2.5,random,HT1,clamped,1.2058821899999999,49.20072996,1.18358474,48.947826379999995,0.01866365837459484,0.005153496885936915
100,12,2.5,random,HT1,latent,0.95729788,40.6160255,1.05504885,44.827117099999995,-0.0972277407676698,-0.09865054323979845
100,12,2.5,random,HT2,clamped,0.73442284,30.588628210000003,0.70435543,29.64834281,0.0418018381284788,0.031222080618877348
100,12,2.5,random,HT2,latent,0.56862629,24.33430414,0.66135109,28.269957840000004,-0.15106141409658316,-0.14991263252198375
100,12,2.5,scurve,HM,clamped,0.40550919999999996,7.27573373,0.40859744,7.22406523,-0.007586855730206159,0.0071268186318892745
100,12,2.5,scurve,HM,latent,0.32915588,7.14818245,0.36379227000000003,7.1748340399999995,-0.10005157996987525,-0.003721509470880064
100,12,2.5,scurve,HT1,clamped,0.22317177000000002,7.1775358,0.26807357,7.2127820499999995,-0.18331971375044878,-0.004898615979077901
100,12,2.5,scurve,HT1,latent,0.49716035,7.43082448,0.53521467,7.45325074,-0.0737553088764887,-0.0030134592360586726
100,12,2.5,scurve,HT2,clamped,0.16568045,7.125923330000001,0.20432444,7.14976037,-0.20964818950393105,-0.0033395335249005063
100,12,2.5,scurve,HT2,latent,0.34277824,7.2774485,0.36471358000000004,7.28789633,-0.06202862574319039,-0.0014346150968411314
100,12,2.5,sharp,HM,clamped,0.2948017,0.57623366,0.28843523,0.49610563999999996,0.021832372242955953,0.14972435024240283
100,12,2.5,sharp,HM,latent,0.18308588,0.49592861,0.2146436,0.43553213999999996,-0.1590236458695892,0.12986339111511366
100,12,2.5,sharp,HT1,clamped,0.55616747,1.1789435400000001,0.55042717,0.90111779,0.010374804433819653,0.2687380297669801
100,12,2.5,sharp,HT1,latent,0.54579353,1.0812480100000001,0.44353303,0.71815131,0.20746847930749995,0.409190932774351
100,12,2.5,sharp,HT2,clamped,0.2297148,0.8569231700000001,0.256154,0.60458178,-0.10894028662631058,0.348811318372917
100,12,2.5,sharp,HT2,latent,0.38257367999999997,0.8149654099999999,0.32752367,0.56755976,0.15536093489451697,0.3617996228461539
100,12,2.5,zigzag,HM,clamped,0.25424673999999997,8.12541438,0.29834697,8.05819014,-0.1599519252384042,0.0083077446140222
100,12,2.5,zigzag,HM,latent,0.23811941,8.01730396,0.27941963000000003,8.03691299,-0.1599424315101612,-0.002442852219142323
100,12,2.5,zigzag,HT1,clamped,0.2770045,8.19859121,0.33272967000000003,8.27102476,-0.18329660694637237,-0.008796078445625488
100,12,2.5,zigzag,HT1,latent,0.38492486,8.30367497,0.43753667,8.38455983,-0.1281123730193652,-0.009693714686000247
100,12,2.5,zigzag,HT2,clamped,0.2079047,8.19059236,0.26457626,8.22895124,-0.2410497256921287,-0.0046723527423727425
100,12,2.5,zigzag,HT2,latent,0.32084586000000004,8.26158,0.36477714999999994,8.31401377,-0.1283257982895193,-0.00632664453800828
500,4,1.5,random,HM,clamped,1.21549414,151.62568692000002,1.21296897,151.4312083,0.0020796452700469026,0.0012834464403445505
500,4,1.5,random,HM,latent,1.115062,139.94107222,1.16049951,145.33506301,-0.03994051575314274,-0.037820434768660316
500,4,1.5,random,HT1,clamped,1.74313225,212.40078988000002,1.75773207,215.47999642,-0.008340742916832518,-0.014393073005001181
500,4,1.5,random,HT1,latent,1.6278001800000002,201.64713057,1.70468603,210.7297421,-0.04615142666134894,-0.0440571779038307
500,4,1.5,random,HT2,clamped,1.5432038,191.42019106,1.55723715,192.42679376,-0.009052548370163487,-0.005244824356013671
500,4,1.5,random,HT2,latent,1.4302463399999998,178.52828512,1.5227281300000002,188.98927758000002,-0.06265685328757739,-0.05694323234710018
500,4,1.5,scurve,HM,clamped,1.4824614600000001,11.57291426,1.73697226,11.63794504,-0.15843966214361083,-0.005603493547447041
500,4,1.5,scurve,HM,latent,2.22773973,11.92350204,2.29522525,11.95514491,-0.029843489376920388,-0.002650308335161095
500,4,1.5,scurve,HT1,clamped,0.96738352,11.46866417,1.0460378799999999,11.51504265,-0.07816983322700277,-0.00403577571818774
500,4,1.5,scurve,HT1,latent,2.0629318,12.06315485,2.13465017,12.10581528,-0.034174603563769064,-0.0035301855291417815
500,4,1.5,scurve,HT2,clamped,1.75504756,12.00517854,1.8059953100000001,12.0258206,-0.02861590182645877,-0.0017179531285065443
500,4,1.5,scurve,HT2,latent,2.7980996800000004,12.56176428,2.8332348,12.58186321,-0.01247859669739127,-0.001598729880082736
500,4,1.5,sharp,HM,clamped,1.51986782,2.0039599999999997,1.6112178499999998,2.10803896,-0.05836695106931519,-0.05063288953818805
500,4,1.5,sharp,HM,latent,1.36245562,1.2178239100000001,1.50796331,1.34830424,-0.10147126450334933,-0.10178209858827744
500,4,1.5,sharp,HT1,clamped,0.6919507899999999,0.75253049,0.99340758,1.0132523500000001,-0.3616261926322403,-0.29747907070079227
500,4,1.5,sharp,HT1,latent,1.0149698,1.02361898,1.21029363,1.22480274,-0.17600414123415647,-0.17943543492780598
500,4,1.5,sharp,HT2,clamped,1.00314263,1.06159717,1.19118628,1.1954267,-0.17181198226446714,-0.11872865453363982
500,4,1.5,sharp,HT2,latent,1.29158751,1.29356852,1.4808189200000001,1.4827053900000002,-0.1367231693941893,-0.136463691499201
500,4,1.5,zigzag,HM,clamped,2.51417808,27.687243830000003,2.7915139,27.84681169,-0.10463812217608773,-0.005746682738769533
500,4,1.5,zigzag,HM,latent,2.86484425,27.10704981,3.06864747,27.19924099,-0.06872291531733436,-0.003395233487829536
500,4,1.5,zigzag,HT1,clamped,1.4911058099999999,26.58979995,1.76850843,26.73314428,-0.17061849734410472,-0.005376472637355265
500,4,1.5,zigzag,HT1,latent,2.39628905,27.1940601,2.5458648,27.4601474,-0.06054908427745512,-0.009737197355752729
500,4,1.5,zigzag,HT2,clamped,2.31340709,27.08393066,2.46947926,27.07638133,-0.0652859338744033,0.0002787771994477782
500,4,1.5,zigzag,HT2,latent,3.03173054,27.918208789999998,3.10943765,28.08398123,-0.025308298106445994,-0.005920230052506222
500,4,2.0,random,HM,clamped,0.78212496,96.98528381,0.7862545799999999,97.58901323,-0.005266109941115064,-0.0062056640230991975
500,4,2.0,random,HM,latent,0.70039326,85.86575959,0.74610714,92.41848691999999,-0.0632272319015804,-0.07354189180186566
500,4,2.0,random,HT1,clamped,1.52775906,188.82602727000003,1.5508218,192.20792017,-0.014982988911657943,-0.017751603134565634
500,4,2.0,random,HT1,latent,1.39299576,174.36467023,1.48456422,185.70833797,-0.06366462364034188,-0.06302845556950798
500,4,2.0,random,HT2,clamped,1.2798144,158.79234139,1.27416138,158.44151758,0.004426846390716523,0.002211768656447207
500,4,2.0,random,HT2,latent,1.11909288,140.43261923,1.22538288,153.7111572,-0.09073492169733938,-0.09034744336607217
500,4,2.0,scurve,HM,clamped,1.08251165,11.27580583,1.1774006300000002,11.25842279,-0.08402520972786191,0.0015428123803269823
500,4,2.0,scurve,HM,latent,1.09185823,11.25421569,1.18510048,11.25149842,-0.08194652135403371,0.00024147378749444677
500,4,2.0,scurve,HT1,clamped,0.31815909000000003,11.02529857,0.40201935,11.07718713,-0.2339486810897425,-0.0046952778099808214
500,4,2.0,scurve,HT1,latent,1.11954778,11.4733586,1.19917102,11.524840099999999,-0.06870566548983477,-0.004477010279036424
500,4,2.0,scurve,HT2,clamped,0.3916545,11.10904574,0.46480998999999995,11.1474205,-0.17124862482417433,-0.00344841787678666
500,4,2.0,scurve,HT2,latent,1.24392532,11.559544579999999,1.30258568,11.59420402,-0.046079313311271554,-0.0029938535212539266
500,4,2.0,sharp,HM,clamped,0.76544082,1.0216094900000001,0.7885169999999999,0.75146086,-0.02970206293373931,0.30711546869019773
500,4,2.0,sharp,HM,latent,0.66771834,0.6768668800000001,0.77110146,0.69735606,-0.14395352232407205,-0.029821505431071333
500,4,2.0,sharp,HT1,clamped,0.6441465599999999,1.8773889499999998,0.74102994,0.7553958299999999,-0.14011475148588998,0.9103953440771103
500,4,2.0,sharp,HT1,latent,0.74967618,1.05193643,0.86120988,0.80404668,-0.13869688449337442,0.2687306365201111
500,4,2.0,sharp,HT2,clamped,0.48683424000000003,0.5458801600000001,0.7310757,0.72601707,-0.4065933156258416,-0.2851740624704965
500,4,2.0,sharp,HT2,latent,0.7024068,0.67966848,0.88277688,0.8756708500000001,-0.2285597612748216,-0.25338512844125893
500,4,2.0,zigzag,HM,clamped,1.2542070699999999,26.34204094,1.30659053,26.315891649999998,-0.04091753940910588,0.0009931757994781352
500,4,2.0,zigzag,HM,latent,1.2113133,26.009191129999998,1.3488733300000002,26.02354722,-0.10756453071298432,-0.0005518099112030566
500,4,2.0,zigzag,HT1,clamped,0.7049926499999999,26.027399730000003,0.9969412900000001,26.23330412,-0.3465045043419637,-0.007879934263083851
500,4,2.0,zigzag,HT1,latent,1.34123986,26.41168545,1.54002237,26.63422986,-0.1382024874717055,-0.008390682462830973
500,4,2.0,zigzag,HT2,clamped,0.8008413299999999,26.13732401,1.05529458,26.23640543,-0.2759123921252398,-0.0037836350117759158
500,4,2.0,zigzag,HT2,latent,1.3839930599999999,26.4320348,1.54361245,26.5744648,-0.10915257347778795,-0.005374070872959127
500,4,2.5,random,HM,clamped,0.42975228,46.99231098,0.43127592,49.91184822,-0.0035391212281944955,-0.060274421695253294
500,4,2.5,random,HM,latent,0.40615327,37.69178942,0.41453284,47.02270087,-0.020421598745345108,-0.2211881988715127
500,4,2.5,random,HT1,clamped,1.36005094,169.85581569000001,1.3862199000000002,174.05137345,-0.019058391262659305,-0.02440057117606499
500,4,2.5,random,HT1,latent,1.20327524,153.08538251,1.31064786,166.55184153000002,-0.08547435907902486,-0.0843108001401862
500,4,2.5,random,HT2,clamped,1.02614843,127.95932836,1.00423702,126.04948712,0.021584335795800987,0.015037881475695411
500,4,2.5,random,HT2,latent,0.8364004300000001,106.40430843,0.95561106,121.39840139,-0.1332435076025335,-0.13183164156589436
500,4,2.5,scurve,HM,clamped,1.02672285,11.18327689,0.9596155000000001,11.141960240000001,0.06759462642952328,0.003701344530324697
500,4,2.5,scurve,HM,latent,0.7411933999999999,11.06133725,0.82488189,11.034061939999999,-0.10697862255708919,0.0024688690726749783
500,4,2.5,scurve,HT1,clamped,0.54876115,11.07493321,0.58906775,11.11618655,-0.07087791941399706,-0.0037180086420678642
500,4,2.5,scurve,HT1,latent,1.0973165900000001,11.43538051,1.13984643,11.47484928,-0.03802580697720517,-0.003445518391410017
500,4,2.5,scurve,HT2,clamped,0.36189182000000003,11.00536988,0.40980130000000003,11.035989039999999,-0.12432708069366746,-0.0027783386502916617
500,4,2.5,scurve,HT2,latent,0.9482248799999999,11.354942309999998,0.98158384,11.38103118,-0.034575741029680314,-0.0022949429864352134
500,4,2.5,sharp,HM,clamped,0.37976835999999997,1.08252344,0.39926804,0.9945665499999999,-0.05007148289139747,0.08474309911750108
500,4,2.5,sharp,HM,latent,0.28273339,1.36410278,0.38073679,1.05606156,-0.29760392769505856,0.25595042944911517
500,4,2.5,sharp,HT1,clamped,0.7927245399999999,3.41966519,0.79616335,1.7933397300000002,-0.004328581507791796,0.645462996207686
500,4,2.5,sharp,HT1,latent,0.77201427,2.39893375,0.71180115,0.9216871999999999,0.08120444561274621,0.9565737432640012
500,4,2.5,sharp,HT2,clamped,0.43438905,2.22417888,0.5476553599999999,1.17667236,-0.2317056228750548,0.636697384016258
500,4,2.5,sharp,HT2,latent,0.56825858,1.7552365699999999,0.59766359,0.80311712,-0.050451475519999574,0.7818583681740694
500,4,2.5,zigzag,HM,clamped,0.7376539099999999,25.67889885,0.7002118199999999,25.652223479999996,0.052091868697092765,0.0010393449895688734
500,4,2.5,zigzag,HM,latent,0.53099601,25.5569902,0.6277519699999999,25.591094480000002,-0.1673906291353118,-0.0013335508169074939
500,4,2.5,zigzag,HT1,clamped,0.7719783,25.818391150000004,0.9483545200000001,26.01787054,-0.20577195777037371,-0.007696557128491961
500,4,2.5,zigzag,HT1,latent,1.15593515,26.112695789999997,1.27320854,26.305403150000004,-0.09663045385126261,-0.007352736252808843
500,4,2.5,zigzag,HT2,clamped,0.53172402,25.823369330000002,0.71608336,25.932327049999998,-0.29767198942389705,-0.004210469130481311
500,4,2.5,zigzag,HT2,latent,0.93478825,26.01855704,1.0337680999999999,26.140594179999997,-0.10064572220142724,-0.004679422875285444
500,8,1.5,random,HM,clamped,0.9069164399999999,56.68493609,0.89922472,56.3198444,0.00851734811218887,0.006461548948283516
500,8,1.5,random,HM,latent,0.7578198399999999,47.825589120000004,0.79775573,50.3311061,-0.05135676854171329,-0.05106246400485085
500,8,1.5,random,HT1,clamped,1.60144404,98.17671725,1.60752919,99.11410767,-0.0037925883812536336,-0.00950269709024939
500,8,1.5,random,HT1,latent,1.42370397,89.26033692000001,1.5077148500000002,94.37424611,-0.05733325505128391,-0.055710985513789606
500,8,1.5,random,HT2,clamped,1.26916671,79.10978565,1.27880491,79.76819115,-0.007565426471036322,-0.008288238336719113
500,8,1.5,random,HT2,latent,1.1343870200000001,71.57354705,1.22841176,77.35068333,-0.07962964840936522,-0.07762386014741812
500,8,1.5,scurve,HM,clamped,1.05228983,9.24540902,1.26510678,9.31640225,-0.18418794951066755,-0.007649423339123823
500,8,1.5,scurve,HM,latent,1.37311929,9.39391109,1.43463661,9.39724471,-0.043826577942826815,-0.0003548073434603187
500,8,1.5,scurve,HT1,clamped,0.6586989,9.119845699999999,0.75042224,9.171796669999999,-0.13036950909020567,-0.005680311109990314
500,8,1.5,scurve,HT1,latent,1.4325513799999998,9.645731640000001,1.48086173,9.6727046,-0.03316713200597501,-0.002792459720077777
500,8,1.5,scurve,HT2,clamped,1.08321117,9.47497862,1.13254432,9.49774691,-0.0445367771060385,-0.00240010860788196
500,8,1.5,scurve,HT2,latent,1.46795221,9.72447037,1.496591,9.73976936,-0.01932147984864058,-0.0015720103495245037
500,8,1.5,sharp,HM,clamped,0.86301045,1.10929659,0.9069896300000001,1.12733332,-0.049704216820714624,-0.01612883823384288
500,8,1.5,sharp,HM,latent,0.7161220699999999,0.90236254,0.7892528,0.99723186,-0.09723603384775559,-0.09996693224016888
500,8,1.5,sharp,HT1,clamped,0.3395296,0.45926018,0.48176209,0.6653284100000001,-0.34988927274578163,-0.3706638779508227
500,8,1.5,sharp,HT1,latent,0.49420559,0.6907983600000001,0.5939706499999999,0.82575664,-0.18387830266690677,-0.17845213320261508
500,8,1.5,sharp,HT2,clamped,0.50595409,0.66765137,0.58556741,0.8190240400000001,-0.14613537483020697,-0.20434730019042827
500,8,1.5,sharp,HT2,latent,0.64026889,0.89759153,0.7315653799999999,1.02396398,-0.13329836571227682,-0.13172153075012066
500,8,1.5,zigzag,HM,clamped,1.49722813,12.75459748,1.71791451,12.794727499999999,-0.13749557569685933,-0.0031413787278161812
500,8,1.5,zigzag,HM,latent,1.62318966,12.44324259,1.7431931299999999,12.49749119,-0.0713254242364046,-0.004350207658677834
500,8,1.5,zigzag,HT1,clamped,0.78306581,12.239441609999998,0.91866552,12.32280642,-0.15970535428867097,-0.00678807004995477
500,8,1.5,zigzag,HT1,latent,1.2347088800000001,12.54178053,1.33091241,12.638176920000001,-0.07502951198799318,-0.0076566341400557255
500,8,1.5,zigzag,HT2,clamped,1.21303224,12.50761029,1.2923660799999999,12.515961420000002,-0.06335150054030354,-0.0006674610968268062
500,8,1.5,zigzag,HT2,latent,1.59437227,12.74387019,1.6626564300000002,12.80912381,-0.041936484711689696,-0.005107328076225212
500,8,2.0,random,HM,clamped,0.56783697,35.32736648,0.55814625,34.821376380000004,0.017213328059660856,0.014426455984973923
500,8,2.0,random,HM,latent,0.43398396,26.394700349999997,0.46932279,29.15914052,-0.07828320841683513,-0.09960518640105034
500,8,2.0,random,HT1,clamped,1.42326537,87.15084757000001,1.41486906,87.18886114000001,0.005916798306958241,-0.0004360862007135512
500,8,2.0,random,HT1,latent,1.2105966,75.99705850000001,1.30377903,81.82762677,-0.07415369767697244,-0.07392028657350669
500,8,2.0,random,HT2,clamped,1.03536027,63.942006410000005,1.01638929,63.11576285,0.018493017887371663,0.01300597691499141
500,8,2.0,random,HT2,latent,0.8574301200000001,54.04278424,0.95951328,60.44471275,-0.11248647288591072,-0.11195307478807667
500,8,2.0,scurve,HM,clamped,0.69869827,9.08456058,0.7495476499999999,9.05748685,-0.07025090171051433,0.002984641088871229
500,8,2.0,scurve,HM,latent,0.65510134,8.92428003,0.71961251,8.971771350000001,-0.09392294535843324,-0.005307475987259644
500,8,2.0,scurve,HT1,clamped,0.2421589,8.82945473,0.32744497,8.883884759999999,-0.30172588817036916,-0.0061456735863930365
500,8,2.0,scurve,HT1,latent,0.77546694,9.21277053,0.84302976,9.251916529999999,-0.08353690872288337,-0.00424009987512583
500,8,2.0,scurve,HT2,clamped,0.28547423,8.86789747,0.35622813999999997,8.90707744,-0.22141960597154378,-0.00440844880532263
500,8,2.0,scurve,HT2,latent,0.57220249,9.06265281,0.6160737199999999,9.08643612,-0.0738736994658272,-0.0026208834730771504
500,8,2.0,sharp,HM,clamped,0.48774438000000003,0.72381861,0.46989834,0.53217041,0.037275083704574795,0.3075770647224639
500,8,2.0,sharp,HM,latent,0.39154869,0.47028534,0.43487925,0.5098014,-0.10495853083369121,-0.0806816212406572
500,8,2.0,sharp,HT1,clamped,0.47156447999999995,0.92487415,0.39143954999999997,0.50242609,0.18622475038177422,0.6102091296640594
500,8,2.0,sharp,HT1,latent,0.45612657,0.70217315,0.43536312000000005,0.54737775,0.046589895297434916,0.24904087694673652
500,8,2.0,sharp,HT2,clamped,0.2399487,0.3390162,0.35281185,0.4849946,-0.3855097615097274,-0.3580898630056027
500,8,2.0,sharp,HT2,latent,0.34792473,0.46528516000000003,0.43109124,0.59468075,-0.21433359815899022,-0.24537424198694802
500,8,2.0,zigzag,HM,clamped,0.72988056,12.09433401,0.80724199,12.029178260000002,-0.10074258269505536,0.005401859207580291
500,8,2.0,zigzag,HM,latent,0.7196962100000001,11.90648276,0.7995401699999999,11.90940691,-0.10520758249746263,-0.0002455629460172708
500,8,2.0,zigzag,HT1,clamped,0.3613881,11.95302302,0.50899448,12.06035803,-0.342484721586149,-0.008939659484390504
500,8,2.0,zigzag,HT1,latent,0.68938997,12.16811941,0.8010456,12.27000939,-0.15011076919308344,-0.008338655649758848
500,8,2.0,zigzag,HT2,clamped,0.41479907,11.9975056,0.54331366,12.05614482,-0.2698925615796944,-0.004875712014028873
500,8,2.0,zigzag,HT2,latent,0.71610564,12.16908833,0.81026679,12.23706684,-0.12353586582949065,-0.005570618175425615
500,8,2.5,random,HM,clamped,0.28938124000000004,14.85480108,0.28968412,16.49528983,-0.0010460996237823597,-0.10475175725780672
500,8,2.5,random,HM,latent,0.24980920999999998,8.90445371,0.2514193,12.77763485,-0.006424596789574152,-0.3611447968870288
500,8,2.5,random,HT1,clamped,1.27398287,78.90535345,1.25234659,78.25914961000001,0.017129047778409817,0.00822332611931286
500,8,2.5,random,HT1,latent,1.0345543000000001,66.19226093,1.13519324,72.46488415,-0.09283218599701391,-0.09053853624193159
500,8,2.5,random,HT2,clamped,0.83069119,51.94348973,0.7936006299999999,50.0275126,0.045677763454210346,0.03758328559917897
500,8,2.5,random,HT2,latent,0.6370649500000001,40.98684895,0.73939084,47.405917689999995,-0.14895504530499876,-0.1454958087554321
500,8,2.5,scurve,HM,clamped,0.56439359,9.0255516,0.5718287200000001,8.96681584,-0.013087643258395646,0.006528987232294398
500,8,2.5,scurve,HM,latent,0.44955222999999994,8.84208832,0.5034032700000001,8.8503918,-0.11313953557393487,-0.0009386451818324356
500,8,2.5,scurve,HT1,clamped,0.30520454999999996,8.885592410000001,0.35491434,8.93048464,-0.15089425702820294,-0.005039529733073122
500,8,2.5,scurve,HT1,latent,0.69252573,9.18665692,0.73587934,9.21799158,-0.060720772465906694,-0.0034050843487787802
500,8,2.5,scurve,HT2,clamped,0.21113441000000002,8.82256481,0.26235077,8.85550613,-0.21718748025225385,-0.0037268046088091786
500,8,2.5,scurve,HT2,latent,0.45092359000000004,8.99067368,0.4736309,9.0054564,-0.04913042472830094,-0.001642878025355878
500,8,2.5,sharp,HM,clamped,0.32034672999999997,0.64278741,0.32009938,0.62762558,0.00077243036825814,0.023870269012962776
500,8,2.5,sharp,HM,latent,0.20409344000000001,0.70154944,0.27124077,0.59543803,-0.28442894843398375,0.1639940550387833
500,8,2.5,sharp,HT1,clamped,0.7476906200000001,1.7783839499999998,0.62953536,1.1830118299999999,0.17200725931718203,0.4076414737146126
500,8,2.5,sharp,HT1,latent,0.6709232900000001,1.4828358,0.45654839,0.7417333700000001,0.3849601119210654,0.6927217755306152
500,8,2.5,sharp,HT2,clamped,0.23904318,1.19650799,0.30004805,0.7160605800000001,-0.22729842342873977,0.5133978128163528
500,8,2.5,sharp,HT2,latent,0.39437616,1.04613175,0.35117956,0.5868015400000001,0.1160075150423992,0.5781679220470913
500,8,2.5,zigzag,HM,clamped,0.39214621,11.77354712,0.41238203,11.699158950000001,-0.05031542205077527,0.006338290848678301
500,8,2.5,zigzag,HM,latent,0.31829248,11.6750608,0.38429027,11.66363611,-0.18842746999045298,0.0009790341728685358
500,8,2.5,zigzag,HT1,clamped,0.38327223,11.85284857,0.46254021,11.958874940000001,-0.18798797373025478,-0.00890545118874146
500,8,2.5,zigzag,HT1,latent,0.58247157,12.02177665,0.6552475099999999,12.120411650000001,-0.11773266473817946,-0.008171218580977985
500,8,2.5,zigzag,HT2,clamped,0.26332268,11.8447992,0.35720947000000003,11.905827369999999,-0.30494216013063125,-0.00513909004751148
500,8,2.5,zigzag,HT2,latent,0.47226329,11.96846,0.53262551,12.02904636,-0.12028192148167499,-0.0050493987016009805
500,12,1.5,random,HM,clamped,0.7604720399999999,31.823365439999996,0.75223088,31.55214603,0.010896047632443553,0.008559175602370279
500,12,1.5,random,HM,latent,0.5845211,24.90849092,0.61910611,26.378654219999998,-0.05748380015073067,-0.057346384678533646
500,12,1.5,random,HT1,clamped,1.4930234000000002,61.40325866999999,1.49345371,61.81067733,-0.0002881723094657973,-0.006613215324233671
500,12,1.5,random,HT1,latent,1.27524787,54.1009447,1.3619510099999999,57.69034707,-0.06577767035864816,-0.0642382165641622
500,12,1.5,random,HT2,clamped,1.09575179,46.087421539999994,1.10587417,46.5722336,-0.009195432384476019,-0.010464456906638504
500,12,1.5,random,HT2,latent,0.9618716,41.082381850000004,1.05232206,44.89248411,-0.08987351730650495,-0.08869102482841039
500,12,1.5,scurve,HM,clamped,0.7877916500000001,7.43510725,0.9168452600000001,7.4996397,-0.1517050607628963,-0.008641974563415863
500,12,1.5,scurve,HM,latent,0.98502031,7.565887320000001,1.02913277,7.58604021,-0.04380949544447681,-0.0026601106484836334
500,12,1.5,scurve,HT1,clamped,0.52037691,7.36566213,0.59659069,7.40826475,-0.1366778909249641,-0.0057672869822506965
500,12,1.5,scurve,HT1,latent,1.1119078199999999,7.82559634,1.14417949,7.84278563,-0.028610480794828756,-0.002194138096585603
500,12,1.5,scurve,HT2,clamped,0.82062228,7.64619056,0.85772774,7.66454171,-0.04422379927947749,-0.0023971627828270935
500,12,1.5,scurve,HT2,latent,1.11771146,7.85807155,1.12966213,7.864011799999999,-0.010635332459439172,-0.0007556568872488867
500,12,1.5,sharp,HM,clamped,0.56420262,0.80497467,0.63583661,0.83946108,-0.11952818551882757,-0.041949303428775765
500,12,1.5,sharp,HM,latent,0.4897631,0.73328611,0.53903594,0.80857722,-0.09586044291338955,-0.09774023151015826
500,12,1.5,sharp,HT1,clamped,0.21775651,0.34819100999999997,0.30438635,0.50784194,-0.3349202707131286,-0.37741904892589917
500,12,1.5,sharp,HT1,latent,0.31413662,0.53024328,0.38072942,0.63719503,-0.19226095227670756,-0.1837398581594153
500,12,1.5,sharp,HT2,clamped,0.3324904,0.52373601,0.37900128,0.64356083,-0.13092859488678202,-0.20602879282062747
500,12,1.5,sharp,HT2,latent,0.41045901,0.6994962499999999,0.46835796,0.79595901,-0.1319568052771868,-0.12918725642455414
500,12,1.5,zigzag,HM,clamped,1.0042641,8.80860706,1.15465383,8.82966955,-0.13954555027744614,-0.002388271879066111
500,12,1.5,zigzag,HM,latent,1.10710848,8.59265034,1.18796498,8.63651924,-0.0704900988861966,-0.005092409660173226
500,12,1.5,zigzag,HT1,clamped,0.53567367,8.447165640000001,0.62424217,8.51024476,-0.153013234994591,-0.007439745746934188
500,12,1.5,zigzag,HT1,latent,0.78554277,8.6450965,0.8569391000000001,8.71242277,-0.08699194862047589,-0.007757630177245954
500,12,1.5,zigzag,HT2,clamped,0.82860901,8.63590173,0.8817011499999999,8.64464413,-0.06210476304348878,-0.0010118199756748842
500,12,1.5,zigzag,HT2,latent,1.04344853,8.78653611,1.09707284,8.83292331,-0.05011445642994209,-0.005265463152796883
500,12,2.0,random,HM,clamped,0.4773168,19.913540270000002,0.46064752,19.37329793,0.03554726953760358,0.027504193324318738
500,12,2.0,random,HM,latent,0.32195326,13.14692734,0.35096736,14.727510870000001,-0.086286847960043,-0.11352916352540561
500,12,2.0,random,HT1,clamped,1.33708622,54.93092644,1.31244746,54.31418929,0.018599099493293924,0.011291007346572473
500,12,2.0,random,HT1,latent,1.07729106,45.857198509999996,1.16935758,49.70591391,-0.08200490872916293,-0.0805917304888227
500,12,2.0,random,HT2,clamped,0.8879445,37.15447108,0.865785,36.38795826,0.025272631198488292,0.020846213130472156
500,12,2.0,random,HT2,latent,0.716033,30.647401610000003,0.80955876,34.62409966,-0.12276310321656445,-0.1220020789643423
500,12,2.0,scurve,HM,clamped,0.49073305,7.3092275099999995,0.52134661,7.2955092100000005,-0.06051480527566906,0.0018786102478297938
500,12,2.0,scurve,HM,latent,0.45093057000000003,7.21407606,0.49549565,7.22362882,-0.09424519385367365,-0.0013233074748956084
500,12,2.0,scurve,HT1,clamped,0.18442896,7.1194349599999995,0.25110615,7.16246306,-0.30861140941478854,-0.006025561886268757
500,12,2.0,scurve,HT1,latent,0.54966211,7.43933212,0.60045194,7.46851995,-0.08837886102714582,-0.003915770985427871
500,12,2.0,scurve,HT2,clamped,0.21244338,7.14491052,0.26650422,7.17629039,-0.2267145725750154,-0.00438230291118087
500,12,2.0,scurve,HT2,latent,0.40761097999999996,7.306626240000001,0.43988047,7.3232921399999995,-0.07618979175495835,-0.00227833221980117
500,12,2.0,sharp,HM,clamped,0.38646506,0.6102835799999999,0.37016242,0.44525796,0.043099580615333345,0.3152699347807666
500,12,2.0,sharp,HM,latent,0.29160402,0.37911957,0.30858322,0.40864731,-0.05659477780805618,-0.07500081783712224
500,12,2.0,sharp,HT1,clamped,0.40642698000000005,0.60605358,0.28984212,0.37628788,0.3380679209155561,0.47661390926616265
500,12,2.0,sharp,HT1,latent,0.39033972,0.5316056100000001,0.29817052,0.41822257,0.26935189926137637,0.23988812489993844
500,12,2.0,sharp,HT2,clamped,0.15693858,0.25545305,0.22239478,0.3655419,-0.3485995722633973,-0.35834227468260016
500,12,2.0,sharp,HT2,latent,0.23137988,0.35918496,0.27477286,0.45393501,-0.1718839307610562,-0.23411657328732105
500,12,2.0,zigzag,HM,clamped,0.4584443,8.34536338,0.5410469,8.28866508,-0.1656671651815964,0.006817172366691595
500,12,2.0,zigzag,HM,latent,0.49142241999999997,8.201597060000001,0.5466176500000001,8.20818702,-0.10644547970394816,-0.0008031745356468123
500,12,2.0,zigzag,HT1,clamped,0.24447903,8.250607780000001,0.34250267,8.32691499,-0.3371499149267595,-0.00920617030666527
500,12,2.0,zigzag,HT1,latent,0.42796952,8.38956379,0.50933811,8.460711680000001,-0.17406008119401106,-0.008444765540671143
500,12,2.0,zigzag,HT2,clamped,0.27984437,8.27748645,0.36562242,8.32052993,-0.2673675343362818,-0.005186592844146182
500,12,2.0,zigzag,HT2,latent,0.44801588999999997,8.389531530000001,0.51713285,8.44067085,-0.14347110421256054,-0.0060771078364706
500,12,2.5,random,HM,clamped,0.23104963,7.81660485,0.23427905,8.8121938,-0.013880390306397811,-0.11988612355809371
500,12,2.5,random,HM,latent,0.18332128,4.35572902,0.18459355,5.69702175,-0.0069161391040859785,-0.26845154360224144
500,12,2.5,random,HT1,clamped,1.19405221,48.61643875,1.15180216,47.46967949,0.036024929568334786,0.02387053890181535
500,12,2.5,random,HT1,latent,0.91267731,38.8297593,1.00814395,42.85422884,-0.09948386706575217,-0.09861738464686144
500,12,2.5,random,HT2,clamped,0.71090537,29.457338890000003,0.66928967,27.9267872,0.060322370760012525,0.053356734447711725
500,12,2.5,random,HT2,latent,0.52701815,22.47116828,0.61743593,26.307565519999997,-0.15834031785795805,-0.15762348244920055
500,12,2.5,scurve,HM,clamped,0.3938689,7.24847593,0.39799459,7.21076096,-0.010420299416654226,0.005216742186244351
500,12,2.5,scurve,HM,latent,0.31269817,7.1265034300000005,0.34929996,7.1492366700000005,-0.11069262510592204,-0.003184879951147348
500,12,2.5,scurve,HT1,clamped,0.21326954,7.17455481,0.25826296,7.20807194,-0.19142147895402814,-0.004660788499461224
500,12,2.5,scurve,HT1,latent,0.48116505000000004,7.42044707,0.51780102,7.4417144099999994,-0.07338068664795719,-0.002861946365591997
500,12,2.5,scurve,HT2,clamped,0.14709275,7.111580719999999,0.18835681999999998,7.136370950000001,-0.247274802474618,-0.0034798342372413496
500,12,2.5,scurve,HT2,latent,0.31178606999999997,7.2502008899999995,0.33190879,7.25863645,-0.06254292270466029,-0.0011628169442980307
500,12,2.5,sharp,HM,clamped,0.26379056,0.41709868,0.26928563,0.44882559,-0.020617182871841958,-0.07331153481036999
500,12,2.5,sharp,HM,latent,0.17652109,0.5165452899999999,0.23362288,0.45321106,-0.28026783204326733,0.13080503797329257
500,12,2.5,sharp,HT1,clamped,0.5440507800000001,1.16640724,0.5666627900000001,0.81902494,-0.04072181208857668,0.3535690332083131
500,12,2.5,sharp,HT1,latent,0.53267484,1.03915726,0.43358078,0.6150682599999999,0.20583305914589545,0.5244320832027163
500,12,2.5,sharp,HT2,clamped,0.16650655,0.82276907,0.20701046,0.51743753,-0.21773467540360067,0.463786763043034
500,12,2.5,sharp,HT2,latent,0.32806420000000003,0.75757019,0.2826201,0.46871980999999996,0.14910572795197147,0.4801110232796775
500,12,2.5,zigzag,HM,clamped,0.23309002,8.11924745,0.28148609,8.04799639,-0.18865830162214736,0.008814306508599244
500,12,2.5,zigzag,HM,latent,0.22144677000000001,8.045986450000001,0.26559134,8.03937076,-0.18177656707144488,0.0008225730130401912
500,12,2.5,zigzag,HT1,clamped,0.25445840000000003,8.18279892,0.30081894,8.25564673,-0.16737119064938985,-0.008863159988976799
500,12,2.5,zigzag,HT1,latent,0.36072816,8.2929596,0.41284992000000004,8.36158268,-0.13495948180765274,-0.008240811089350418
500,12,2.5,zigzag,HT2,clamped,0.17504676,8.17297011,0.23332864,8.21770217,-0.28739479365533394,-0.0054582472631155
500,12,2.5,zigzag,HT2,latent,0.28900963,8.25311029,0.33221151,8.29968088,-0.13931183502492045,-0.005626931724027342
1000,4,1.5,random,HM,clamped,1.21929323,151.91034926,1.21717084,151.7465272,0.0017421890705959784,0.0010789946719052413
1000,4,1.5,random,HM,latent,1.11719417,140.1100124,1.16270977,145.46717746000002,-0.039932952840426215,-0.037522559811162766
1000,4,1.5,random,HT1,clamped,1.74671919,212.49252570000002,1.75989591,215.65380475,-0.007515385432229772,-0.014767551540609106
1000,4,1.5,random,HT1,latent,1.63179785,201.80063438000002,1.70802192,210.92538868,-0.04565354655941201,-0.044224211268203285
1000,4,1.5,random,HT2,clamped,1.54928708,191.83672785,1.56425648,193.10761481,-0.009615741712734369,-0.006602988726699816
1000,4,1.5,random,HT2,latent,1.4368810300000001,179.01239625999997,1.53008763,189.60764006000002,-0.06285019514030206,-0.05750182839212913
1000,4,1.5,scurve,HM,clamped,1.47479836,11.54294926,1.73405839,11.67477687,-0.1619432760164438,-0.011355894709589344
1000,4,1.5,scurve,HM,latent,2.22607541,11.932414799999998,2.29411929,11.98637377,-0.030108889038222203,-0.004511855721977031
1000,4,1.5,scurve,HT1,clamped,0.9659832,11.46571951,1.04479959,11.5122226,-0.07843392334554804,-0.004047634315295767
1000,4,1.5,scurve,HT1,latent,2.0621495100000002,12.060908159999999,2.13402909,12.10349931,-0.03426289422351806,-0.00352511801976749
1000,4,1.5,scurve,HT2,clamped,1.7388411199999998,11.99427109,1.79048131,12.016269529999999,-0.02926560363075635,-0.001832399070347984
1000,4,1.5,scurve,HT2,latent,2.76636985,12.54301233,2.80221293,12.563416649999999,-0.012873499929358207,-0.0016254262610283221
1000,4,1.5,sharp,HM,clamped,1.53488969,2.05664591,1.61006834,2.00281598,-0.047818110035788314,0.0265222765443019
1000,4,1.5,sharp,HM,latent,1.3686800099999998,1.22947698,1.51672803,1.36161124,-0.10270862378825328,-0.10207987435634708
1000,4,1.5,sharp,HT1,clamped,0.69606494,0.7441801800000001,0.9934940600000001,0.99885958,-0.3557851225318737,-0.2943310252762022
1000,4,1.5,sharp,HT1,latent,1.01928406,1.02270028,1.21386919,1.21386439,-0.1747124567092547,-0.17136251867587096
1000,4,1.5,sharp,HT2,clamped,1.01356,1.042433,1.1989076,1.19860812,-0.16794192290863025,-0.13960357954895916
1000,4,1.5,sharp,HT2,latent,1.30240622,1.30198609,1.49196199,1.48935362,-0.13587853353247953,-0.1344513535875881
1000,4,1.5,zigzag,HM,clamped,2.51975339,27.67107186,2.79818209,27.922241789999998,-0.10480891712984877,-0.009036037699805672
1000,4,1.5,zigzag,HM,latent,2.8727286,27.08362431,3.0772149200000003,27.20217249,-0.06876263133481215,-0.004367564830449293
1000,4,1.5,zigzag,HT1,clamped,1.4980756199999998,26.58414543,1.77519935,26.72745953,-0.16973136201847663,-0.005376482112434364
1000,4,1.5,zigzag,HT1,latent,2.40506008,27.18639541,2.5543785199999998,27.45256721,-0.06023406882866976,-0.00974300728965535
1000,4,1.5,zigzag,HT2,clamped,2.3222815199999998,27.08107989,2.48013962,27.07341567,-0.06576474074252818,0.0002830501871328974
1000,4,1.5,zigzag,HT2,latent,3.0429378600000003,27.912264110000002,3.1202064899999997,28.08410804,-0.025075732254919547,-0.006137700099770062
1000,4,2.0,random,HM,clamped,0.77966829,97.3087688,0.7839590099999999,97.86856897,-0.005488175820066654,-0.005736339182010476
1000,4,2.0,random,HM,latent,0.6953951700000001,86.17743079,0.74166426,92.60791666000001,-0.06441638707630123,-0.07196631148044641
1000,4,2.0,random,HT1,clamped,1.52987118,189.10260892999997,1.55470869,192.6752134,-0.016104654679510878,-0.01871616709609003
1000,4,2.0,random,HT1,latent,1.39649688,174.87462137,1.48861617,186.25556397,-0.06388007119631937,-0.0630504626411213
1000,4,2.0,random,HT2,clamped,1.28193756,159.05839132,1.27638735,158.66447352,0.004338947477603111,0.002479632695207745
1000,4,2.0,random,HT2,latent,1.11775515,140.43966714,1.22588589,153.83515509999998,-0.09234141454978309,-0.09110362649993081
1000,4,2.0,scurve,HM,clamped,1.0805799299999999,11.28869121,1.17754929,11.275858829999999,-0.08593753666459122,0.0011373930666157177
1000,4,2.0,scurve,HM,latent,1.09306556,11.281234710000001,1.18666833,11.254372089999999,-0.0821634687829307,0.0023840168104895133
1000,4,2.0,scurve,HT1,clamped,0.30831193,11.02351723,0.39355038999999997,11.07584374,-0.2440970853488309,-0.004735576549851496
1000,4,2.0,scurve,HT1,latent,1.1125569899999999,11.470540020000001,1.19350438,11.52215127,-0.07023287595602831,-0.0044893689070121656
1000,4,2.0,scurve,HT2,clamped,0.38653148000000004,11.10223871,0.45996113,11.14161773,-0.17392867230173126,-0.0035406685207895875
1000,4,2.0,scurve,HT2,latent,1.23414835,11.54987688,1.29474164,11.58588109,-0.04793003239792413,-0.0031124322022891885
1000,4,2.0,sharp,HM,clamped,0.77719881,1.00834367,0.79480401,0.71371955,-0.022399369594651507,0.3455742349202842
1000,4,2.0,sharp,HM,latent,0.67730175,0.64402266,0.78262257,0.69357806,-0.144533659119248,-0.07412988108070452
1000,4,2.0,sharp,HT1,clamped,0.64114233,1.8475850399999998,0.73677879,0.72610985,-0.13903622192743498,0.9339333696142205
1000,4,2.0,sharp,HT1,latent,0.74877675,1.02267901,0.85868082,0.79717277,-0.13695640633770353,0.24910951279287952
1000,4,2.0,sharp,HT2,clamped,0.48046608,0.50049595,0.732249,0.7296566099999999,-0.4213639872667228,-0.37697451939622
1000,4,2.0,sharp,HT2,latent,0.7022481,0.67691465,0.88442874,0.8805235299999999,-0.2306551846716424,-0.26297145696814245
1000,4,2.0,zigzag,HM,clamped,1.24986517,26.341285250000002,1.29671283,26.36541016,-0.036796788374471534,-0.0009154401161793968
1000,4,2.0,zigzag,HM,latent,1.20462904,25.99024578,1.34068796,26.04546923,-0.10701121627719139,-0.002122521837996996
1000,4,2.0,zigzag,HT1,clamped,0.6970632600000001,26.013678060000004,0.9932105400000001,26.22333915,-0.3540664986966398,-0.00802734256456573
1000,4,2.0,zigzag,HT1,latent,1.33864858,26.405553,1.5390748300000001,26.62938029,-0.1395208934829696,-0.00844079948945624
1000,4,2.0,zigzag,HT2,clamped,0.79433194,26.12216196,1.04949624,26.22050189,-0.2785641222582486,-0.003757548373476198
1000,4,2.0,zigzag,HT2,latent,1.3741818000000001,26.41297968,1.53535877,26.550460610000002,-0.1109055806559107,-0.00519155243812492
1000,4,2.5,random,HM,clamped,0.42472740000000003,45.674312719999996,0.42432862,48.55969879,0.0009393491593708846,-0.06125788892047091
1000,4,2.5,random,HM,latent,0.40153663,36.78556432,0.40858669999999997,46.15886037999999,-0.01740536958037364,-0.22698343911790508
1000,4,2.5,random,HT1,clamped,1.36060586,167.12858496,1.38775242,171.58433571999998,-0.019755388573588998,-0.026311413241844935
1000,4,2.5,random,HT1,latent,1.19929615,149.95647008,1.3080228400000002,163.53896521000001,-0.08678187161182044,-0.08670622875740981
1000,4,2.5,random,HT2,clamped,1.0291966700000001,126.60819584999999,1.0076696699999999,124.92106654999999,0.0211381582897484,0.01341517552364721
1000,4,2.5,random,HT2,latent,0.8352055,104.64591832,0.95575301,119.78018356000001,-0.13482171957497116,-0.13507581433335092
1000,4,2.5,scurve,HM,clamped,1.02695745,11.168311860000001,0.95740983,11.192800420000001,0.07012423342024987,-0.00219028190398988
1000,4,2.5,scurve,HM,latent,0.7385339999999999,11.029425329999999,0.8220475700000001,11.015147059999999,-0.1071311242474964,0.0012954002231524149
1000,4,2.5,scurve,HT1,clamped,0.54781957,11.07294096,0.58682824,11.115598030000001,-0.06878618962895969,-0.00384496902405025
1000,4,2.5,scurve,HT1,latent,1.09685561,11.434499240000001,1.1392891,11.47398588,-0.03795692137504579,-0.003447340921812334
1000,4,2.5,scurve,HT2,clamped,0.34965187999999997,11.00223971,0.3987584,11.034084210000001,-0.13141768876709628,-0.0028901846135930553
1000,4,2.5,scurve,HT2,latent,0.94127773,11.35256836,0.97512624,11.37866116,-0.03532870003599581,-0.002295767717916404
1000,4,2.5,sharp,HM,clamped,0.37667605000000004,1.04402721,0.38418785,0.90442126,-0.019746091447900647,0.14354558389615657
1000,4,2.5,sharp,HM,latent,0.27961345000000004,1.4696152900000001,0.38505531,1.11206278,-0.31997887266942004,0.27878400798697656
1000,4,2.5,sharp,HT1,clamped,0.7875603200000001,3.42854816,0.78627504,1.7805026000000002,0.0016333097074760763,0.6552412106043362
1000,4,2.5,sharp,HT1,latent,0.77404011,2.41277758,0.71089373,0.9119640099999999,0.08510074086179228,0.9729333590853524
1000,4,2.5,sharp,HT2,clamped,0.42744898,2.2590749199999998,0.53981305,1.17205044,-0.23338793968688853,0.6562006742818297
1000,4,2.5,sharp,HT2,latent,0.5592087,1.78420521,0.59130203,0.79100122,-0.055804187195878756,0.8134288244337262
1000,4,2.5,zigzag,HM,clamped,0.74085869,25.70456094,0.70718579,25.66995016,0.04651648756004095,0.0013473913228623706
1000,4,2.5,zigzag,HM,latent,0.53588121,25.5418404,0.63573457,25.57539067,-0.17086862008665835,-0.001312679662623821
1000,4,2.5,zigzag,HT1,clamped,0.76132572,25.8140144,0.93501876,26.01113264,-0.2055053112007364,-0.007607086591108494
1000,4,2.5,zigzag,HT1,latent,1.15426595,26.110497260000002,1.27802259,26.30655918,-0.10184943104911517,-0.007480879228070601
1000,4,2.5,zigzag,HT2,clamped,0.52623519,25.811893490000003,0.71456432,25.92449796,-0.3059247722292093,-0.004353015146724234
1000,4,2.5,zigzag,HT2,latent,0.934277,26.01645666,1.035736,26.13547923,-0.10309459595556814,-0.004564462454361991
1000,8,1.5,random,HM,clamped,0.90502471,56.67507071,0.89687917,56.33495533999999,0.009041098780056501,0.006019225174663196
1000,8,1.5,random,HM,latent,0.7526043099999999,47.75480207,0.79267251,50.224258680000005,-0.05187055533975404,-0.05041852183075788
1000,8,1.5,random,HT1,clamped,1.60126693,97.98816907,1.6063879399999998,98.87622755000001,-0.0031929958542072276,-0.009022093574060374
1000,8,1.5,random,HT1,latent,1.4213879900000002,89.09968083,1.50610582,94.1930948,-0.05789354055454685,-0.05559112297066914
1000,8,1.5,random,HT2,clamped,1.2685665799999999,79.15989014,1.2772181,79.68419283,-0.006796767514114891,-0.006601499839078173
1000,8,1.5,random,HT2,latent,1.13129401,71.45788261,1.2263237200000001,77.26830303,-0.0806587291944273,-0.07817559840732449
1000,8,1.5,scurve,HM,clamped,1.05015412,9.22431985,1.26274687,9.31167401,-0.18435246929532423,-0.00942542464793766
1000,8,1.5,scurve,HM,latent,1.3677161100000002,9.388773969999999,1.43046806,9.39180073,-0.044859429666485894,-0.0003223287971274411
1000,8,1.5,scurve,HT1,clamped,0.65927221,9.119509279999999,0.7508625600000001,9.17173541,-0.13008611123005853,-0.005710521378921943
1000,8,1.5,scurve,HT1,latent,1.43328362,9.64629599,1.48135265,9.67308143,-0.032987573369275866,-0.0027729110085212318
1000,8,1.5,scurve,HT2,clamped,1.0799953,9.466690589999999,1.12904807,9.489863810000001,-0.04441817248853614,-0.0024448780146484267
1000,8,1.5,scurve,HT2,latent,1.4557940999999999,9.71167182,1.48387454,9.72662283,-0.019105074453046576,-0.0015383050023185213
1000,8,1.5,sharp,HM,clamped,0.8631605299999999,1.10984302,0.89628275,1.10709754,-0.03765524469990369,0.0024768200402662233
1000,8,1.5,sharp,HM,latent,0.7110724,0.90086946,0.7855158900000001,0.9980823999999999,-0.09956643361470541,-0.10247547438451564
1000,8,1.5,sharp,HT1,clamped,0.3363342,0.45607117,0.47541407,0.6602225199999999,-0.34608084212681106,-0.3699280578153997
1000,8,1.5,sharp,HT1,latent,0.48828209,0.6856568900000001,0.58621614,0.8178175400000001,-0.18279526903945995,-0.1762619132331656
1000,8,1.5,sharp,HT2,clamped,0.5003211000000001,0.66077003,0.58111927,0.81505978,-0.14970592747713582,-0.20985559318214048
1000,8,1.5,sharp,HT2,latent,0.63525418,0.89265061,0.7261897999999999,1.01835483,-0.1337862108989552,-0.13174844225380514
1000,8,1.5,zigzag,HM,clamped,1.4969837899999998,12.75372193,1.7200735800000002,12.82304985,-0.1389147919245798,-0.005421175931580296
1000,8,1.5,zigzag,HM,latent,1.6232748799999999,12.42974187,1.74332141,12.50913156,-0.0713465104326628,-0.006366763791389229
1000,8,1.5,zigzag,HT1,clamped,0.78222321,12.236578320000001,0.9179796100000001,12.321136200000002,-0.160035044445677,-0.006886488895512291
1000,8,1.5,zigzag,HT1,latent,1.2342889,12.53930426,1.32999948,12.63323276,-0.07468353648030376,-0.0074628104317960705
1000,8,1.5,zigzag,HT2,clamped,1.21219932,12.50011642,1.2912755999999999,12.50899256,-0.06319423743407256,-0.0007098325957789468
1000,8,1.5,zigzag,HT2,latent,1.59268033,12.73688926,1.6616557900000002,12.80187215,-0.04239622998534222,-0.005088972734321474
1000,8,2.0,random,HM,clamped,0.57114619,35.5825056,0.55789672,34.80421776,0.023471345761333716,0.02211552190706383
1000,8,2.0,random,HM,latent,0.43187879,26.65855869,0.46759818000000003,29.29496827,-0.07946436720393209,-0.09430551922771377
1000,8,2.0,random,HT1,clamped,1.4188792899999998,87.32403307,1.40931241,87.20500179000001,0.006765394644285847,0.0013640286104947355
1000,8,2.0,random,HT1,latent,1.2043966799999999,76.05442162,1.2969268500000002,81.77594312000001,-0.07401874329825034,-0.0725339484920063
1000,8,2.0,random,HT2,clamped,1.03662213,64.35250552000001,1.01614121,63.36178389,0.01995514946630147,0.015514967164516166
1000,8,2.0,random,HT2,latent,0.8559420299999999,54.249076939999995,0.95774869,60.60385067,-0.11238276390484438,-0.1107724561208386
1000,8,2.0,scurve,HM,clamped,0.69327539,9.07395717,0.74553596,9.02662274,-0.07267606070511065,0.005230168109169707
1000,8,2.0,scurve,HM,latent,0.6478341000000001,8.91645089,0.7128479,8.98151034,-0.09563342861890815,-0.007270072352686005
1000,8,2.0,scurve,HT1,clamped,0.2357947,8.82345295,0.32213676,8.87800431,-0.3120146646975646,-0.006163507545600105
1000,8,2.0,scurve,HT1,latent,0.76830203,9.20590993,0.83660477,9.24544866,-0.08516883657422045,-0.004285732167210526
1000,8,2.0,scurve,HT2,clamped,0.27935906,8.85957135,0.35071153000000005,8.89964256,-0.22746612589695922,-0.004512731048386511
1000,8,2.0,scurve,HT2,latent,0.56079869,9.05210623,0.6053398099999999,9.07615103,-0.07642797000609101,-0.002652744139220523
1000,8,2.0,sharp,HM,clamped,0.47877228000000005,0.72456582,0.46083803,0.5063760399999999,0.03817844091282983,0.3582930511608944
1000,8,2.0,sharp,HM,latent,0.38492905,0.45279885,0.42197671999999997,0.49909190999999997,-0.09189111504674172,-0.09734228003457791
1000,8,2.0,sharp,HT1,clamped,0.47319187999999995,0.9282801,0.38662777,0.49052937,0.20203857664897218,0.637848364252007
1000,8,2.0,sharp,HT1,latent,0.45634009,0.69529503,0.4297278,0.5423494600000001,0.06008635795079666,0.24842570526702706
1000,8,2.0,sharp,HT2,clamped,0.23252836,0.31966507,0.34797548,0.48468214000000004,-0.40311982143869024,-0.416219503221267
1000,8,2.0,sharp,HT2,latent,0.34183852000000003,0.45928343,0.42626036,0.5945609199999999,-0.2207118714721875,-0.25815566950436997
1000,8,2.0,zigzag,HM,clamped,0.72628015,12.0894123,0.80640159,12.021011370000002,-0.10464604710698978,0.005673986856898419
1000,8,2.0,zigzag,HM,latent,0.71487845,11.89255244,0.79608093,11.903170970000001,-0.10758832328815349,-0.0008924738720364021
1000,8,2.0,zigzag,HT1,clamped,0.35521377,11.94882017,0.5051815,12.05906665,-0.3521979933866194,-0.009184253139064001
1000,8,2.0,zigzag,HT1,latent,0.6855488599999999,12.16475604,0.79798185,12.264333180000001,-0.15186607992737106,-0.008152386739081233
1000,8,2.0,zigzag,HT2,clamped,0.41092276,11.99261322,0.54002139,12.051919990000002,-0.273203484923584,-0.004933087263777997
1000,8,2.0,zigzag,HT2,latent,0.7110341800000001,12.16332891,0.80574617,12.23086211,-0.12504826556465598,-0.005536840510328961
1000,8,2.5,random,HM,clamped,0.27811205,14.2492791,0.27983821,16.05950733,-0.006187524698823661,-0.1195947152499252
1000,8,2.5,random,HM,latent,0.24536276,8.11942792,0.24689753,12.61273502,-0.00623562373083432,-0.4404473209113913
1000,8,2.5,random,HT1,clamped,1.27263836,78.17656759,1.24928958,77.52673173,0.018517140626477364,0.00834715302682933
1000,8,2.5,random,HT1,latent,1.0330333600000001,65.44820826,1.1328722500000001,71.79872342,-0.09225673803305162,-0.09260757995583906
1000,8,2.5,random,HT2,clamped,0.83154898,51.474816940000004,0.79373457,49.49963191,0.04654109184254354,0.03912746323268862
1000,8,2.5,random,HT2,latent,0.63604609,40.352262689999996,0.7386558700000001,46.86467946,-0.14956111339838862,-0.14961681880561684
1000,8,2.5,scurve,HM,clamped,0.56056179,9.05183112,0.57024676,8.94676208,-0.017129702137295758,0.011675382888702618
1000,8,2.5,scurve,HM,latent,0.44752738000000003,8.8336662,0.50147183,8.849405990000001,-0.11380971413800425,-0.0017802103602464984
1000,8,2.5,scurve,HT1,clamped,0.30574778,8.8854601,0.35308177999999996,8.93075289,-0.1439391877828195,-0.005084457353539817
1000,8,2.5,scurve,HT1,latent,0.6878949400000001,9.184703090000001,0.7292498399999999,9.21551084,-0.05838026655970301,-0.003348632674092365
1000,8,2.5,scurve,HT2,clamped,0.20342463,8.81403464,0.25402856,8.84716719,-0.22215113391349936,-0.003752019730928452
1000,8,2.5,scurve,HT2,latent,0.43303358000000003,8.976271239999999,0.45458888000000003,8.99082696,-0.048578173096053494,-0.0016202642210053967
1000,8,2.5,sharp,HM,clamped,0.33117459,0.62206242,0.29884808,0.56763161,0.10271034793151869,0.09156780703940873
1000,8,2.5,sharp,HM,latent,0.20151758,0.7466806800000001,0.27820619,0.61670753,-0.322485906182913,0.19124273178829831
1000,8,2.5,sharp,HT1,clamped,0.75039089,1.77610674,0.61176722,1.12282872,0.20424240674623648,0.45857260002699196
1000,8,2.5,sharp,HT1,latent,0.67164789,1.46393945,0.4525886,0.7194839199999999,0.39475068490850973,0.7103521571520076
1000,8,2.5,sharp,HT2,clamped,0.22459164,1.1647348800000001,0.28607793000000004,0.67915992,-0.24198043633663477,0.5393921466309463
1000,8,2.5,sharp,HT2,latent,0.35964459,1.01193615,0.33452076,0.5483667799999999,0.07241735337515412,0.6126763853399857
1000,8,2.5,zigzag,HM,clamped,0.38645847000000005,11.777949309999999,0.40222395,11.712590709999999,-0.03998461228803994,0.005564688474663704
1000,8,2.5,zigzag,HM,latent,0.31554732,11.68229184,0.37706101,11.67486291,-0.17809834970672794,0.0006361160278313355
1000,8,2.5,zigzag,HT1,clamped,0.37916530000000004,11.85086111,0.4548354,11.95610691,-0.18196333750399846,-0.008841653884010064
1000,8,2.5,zigzag,HT1,latent,0.5783243800000001,12.02169272,0.65088386,12.115731,-0.1181963015101981,-0.007791946388349181
1000,8,2.5,zigzag,HT2,clamped,0.25821521000000003,11.84097361,0.35173629,11.90553258,-0.30908833418811366,-0.005437358114056657
1000,8,2.5,zigzag,HT2,latent,0.46749371000000006,11.968408349999999,0.52786007,12.0293385,-0.1214453355503686,-0.00507800013976027
1000,12,1.5,random,HM,clamped,0.7617787,31.80727989,0.75335393,31.55868299,0.01112094962666394,0.00784642619269397
1000,12,1.5,random,HM,latent,0.58260804,24.796477369999998,0.61734556,26.22523937,-0.05791428732135162,-0.05602068024092823
1000,12,1.5,random,HT1,clamped,1.4947655800000001,60.89804177,1.49498905,61.24639697,-0.00014949052887064,-0.005704003360120839
1000,12,1.5,random,HT1,latent,1.27362844,53.52554362,1.3610991000000001,57.09107495,-0.06642266886511294,-0.06448880804107099
1000,12,1.5,random,HT2,clamped,1.09299072,45.556151019999994,1.10273182,45.99826728,-0.008872855044486946,-0.009658074506118998
1000,12,1.5,random,HT2,latent,0.9568485800000001,40.54515459,1.04800469,44.31364013,-0.09099818474300096,-0.08887625208039521
1000,12,1.5,scurve,HM,clamped,0.7870340299999999,7.4469473200000005,0.91725421,7.49608299,-0.15311316539629252,-0.006576423398867096
1000,12,1.5,scurve,HM,latent,0.9850560199999999,7.57507909,1.02982226,7.57994984,-0.04444299057483711,-0.0006427899531179386
1000,12,1.5,scurve,HT1,clamped,0.51910745,7.36286058,0.59560749,7.4061853399999995,-0.13747098179198147,-0.005866984842476116
1000,12,1.5,scurve,HT1,latent,1.11003477,7.823267090000001,1.14262594,7.84060852,-0.028937730500640985,-0.0022141949434090627
1000,12,1.5,scurve,HT2,clamped,0.8211754,7.64469015,0.85856949,7.66308852,-0.04453089203352763,-0.0024037947315272016
1000,12,1.5,scurve,HT2,latent,1.1165869000000002,7.855027,1.12883134,7.86108121,-0.010906263386621675,-0.0007704465022229633
1000,12,1.5,sharp,HM,clamped,0.56206052,0.8048167700000001,0.62997675,0.82914803,-0.11407338301405566,-0.029784067126604176
1000,12,1.5,sharp,HM,latent,0.48866666999999997,0.73003112,0.5367217,0.8077211599999999,-0.09379911003693889,-0.10112973658004311
1000,12,1.5,sharp,HT1,clamped,0.21372759,0.34599708,0.29861626,0.50445914,-0.3344570775264527,-0.37705650971767685
1000,12,1.5,sharp,HT1,latent,0.30785195000000004,0.52555354,0.37221529,0.63051484,-0.18985343783801606,-0.18208462295621416
1000,12,1.5,sharp,HT2,clamped,0.32744222,0.5209220299999999,0.37480449,0.64139068,-0.13509291798579767,-0.20803838039596315
1000,12,1.5,sharp,HT2,latent,0.40588106,0.69602391,0.46363881999999995,0.79301464,-0.13304568292241298,-0.13045766981026816
1000,12,1.5,zigzag,HM,clamped,1.00221891,8.81011496,1.15438557,8.859152340000001,-0.14135177654459538,-0.005550598682710356
1000,12,1.5,zigzag,HM,latent,1.10595318,8.58715423,1.18751483,8.6437048,-0.0711551757962051,-0.006563894805263341
1000,12,1.5,zigzag,HT1,clamped,0.53501038,8.44607247,0.6235062,8.50920157,-0.15307256035897637,-0.007446578753952769
1000,12,1.5,zigzag,HT1,latent,0.78452925,8.64447915,0.85530993,8.710252279999999,-0.08638003810789764,-0.0075798862321181755
1000,12,1.5,zigzag,HT2,clamped,0.8259662299999999,8.631204740000001,0.87935354,8.6424419,-0.06263313496709791,-0.0013010757739091018
1000,12,1.5,zigzag,HT2,latent,1.04069064,8.783723310000001,1.09436762,8.82879692,-0.05029211078529275,-0.005118371228365999
1000,12,2.0,random,HM,clamped,0.47380704,19.83356309,0.45274309,19.11281563,0.04547531584339665,0.03701652274421611
1000,12,2.0,random,HM,latent,0.3154479,13.09675616,0.34407578,14.581646000000001,-0.08686839017242352,-0.10739903641445343
1000,12,2.0,random,HT1,clamped,1.33360542,54.77979895000001,1.30649723,54.20638416,0.020536430825457204,0.010522803254193027
1000,12,2.0,random,HT1,latent,1.0718117200000001,45.78308749,1.16356993,49.66957206,-0.08214239219643725,-0.08147775927242316
1000,12,2.0,random,HT2,clamped,0.88288844,37.04603654,0.86045425,36.29821854,0.025738403131598246,0.020392706007871002
1000,12,2.0,random,HT2,latent,0.70997676,30.544551470000002,0.80360232,34.52165171,-0.12387228283979544,-0.12240039122726161
1000,12,2.0,scurve,HM,clamped,0.48705897,7.306259730000001,0.51956888,7.28613731,-0.06461418673036359,0.0027579338335484223
1000,12,2.0,scurve,HM,latent,0.4482846,7.2158358499999995,0.49291206000000004,7.221408370000001,-0.09490248227470402,-0.0007719645372511034
1000,12,2.0,scurve,HT1,clamped,0.18125425,7.115337050000001,0.2479846,7.15829833,-0.31346590572696437,-0.0060196871486755356
1000,12,2.0,scurve,HT1,latent,0.54545691,7.43460856,0.59635508,7.46365525,-0.089212451073436,-0.0038993438664694288
1000,12,2.0,scurve,HT2,clamped,0.21161159999999998,7.1419254,0.26507723,7.17348325,-0.22526869859241902,-0.004408941706384031
1000,12,2.0,scurve,HT2,latent,0.40071947,7.29931171,0.43284417,7.315881060000001,-0.07711617227275201,-0.0022674154709524373
1000,12,2.0,sharp,HM,clamped,0.37619449000000005,0.60593832,0.36233004,0.43132661999999994,0.0375507611196613,0.3399125765815205
1000,12,2.0,sharp,HM,latent,0.28566976,0.36514105999999996,0.30323035,0.40482165000000003,-0.059656289360788026,-0.10316285506739999
1000,12,2.0,sharp,HT1,clamped,0.41093040999999997,0.60553439,0.28449027,0.36611192000000004,0.36772482879535967,0.5031722784105049
1000,12,2.0,sharp,HT1,latent,0.39148954,0.52882476,0.2936693,0.4143699,0.2875044930109711,0.24389805726469668
1000,12,2.0,sharp,HT2,clamped,0.14918949,0.24018805000000001,0.21717027000000003,0.36674357999999996,-0.37546445730879974,-0.4232407535572596
1000,12,2.0,sharp,HT2,latent,0.22307248000000002,0.35077673,0.26822533,0.45422367,-0.1843306697591282,-0.2584398177156081
1000,12,2.0,zigzag,HM,clamped,0.45742482,8.33866423,0.53680041,8.29285865,-0.16001380609915525,0.005508298445953944
1000,12,2.0,zigzag,HM,latent,0.49151286,8.19980823,0.54847627,8.21280153,-0.10965591128707741,-0.0015833317070777723
1000,12,2.0,zigzag,HT1,clamped,0.24035382,8.246539219999999,0.33999792,8.32531699,-0.3468274122421035,-0.009507488166645544
1000,12,2.0,zigzag,HT1,latent,0.42487529,8.38782143,0.5068003999999999,8.459579159999999,-0.17632154714291562,-0.008518603632735409
1000,12,2.0,zigzag,HT2,clamped,0.27821155999999997,8.273800099999999,0.364075,8.31742764,-0.26897805890291326,-0.00525912141514185
1000,12,2.0,zigzag,HT2,latent,0.44615907,8.38762384,0.51507579,8.43650136,-0.14363850725944818,-0.005810424843117732
1000,12,2.5,random,HM,clamped,0.21679846000000003,7.515980369999999,0.22309715,8.749336,-0.028639160597097583,-0.15194634198953796
1000,12,2.5,random,HM,latent,0.17729365000000002,3.57098367,0.17919289,5.697341239999999,-0.01065542597844784,-0.4671585212433626
1000,12,2.5,random,HT1,clamped,1.19329977,48.290066159999995,1.14728746,47.07112457,0.03932195989700076,0.025566123374485616
1000,12,2.5,random,HT1,latent,0.91002898,38.50324818,1.00575973,42.540772960000005,-0.10002203999779634,-0.09972037375315411
1000,12,2.5,random,HT2,clamped,0.70725233,29.20192327,0.66339236,27.60198656,0.06402089461045758,0.05634682557167189
1000,12,2.5,random,HT2,latent,0.51973929,22.1069763,0.61039754,25.92487312,-0.16078312935275013,-0.1593096315921944
1000,12,2.5,scurve,HM,clamped,0.39115167,7.25865328,0.39608172,7.20644224,-0.012525166016979127,0.0072189314846880645
1000,12,2.5,scurve,HM,latent,0.30974443,7.10474212,0.34664389,7.14558308,-0.11255046128194145,-0.005731949446306754
1000,12,2.5,scurve,HT1,clamped,0.21221913,7.1740618199999995,0.25752302,7.2080082700000006,-0.1934897412486005,-0.004720671339826929
1000,12,2.5,scurve,HT1,latent,0.47918833,7.4188965399999995,0.51541548,7.4400727600000005,-0.07287963927533854,-0.0028502965325644582
1000,12,2.5,scurve,HT2,clamped,0.14750167,7.1157565,0.18956186,7.140282630000001,-0.2508759114982352,-0.003440809045732219
1000,12,2.5,scurve,HT2,latent,0.30736112,7.2504218300000005,0.32705030999999996,7.25844212,-0.062090669325013344,-0.001105571165952512
1000,12,2.5,sharp,HM,clamped,0.27679083,0.40612585,0.2548745,0.42356049,0.08249082743529192,-0.04203325048372634
1000,12,2.5,sharp,HM,latent,0.17280768,0.53598903,0.23655927,0.46261284,-0.31401948981481637,0.14722318887047764
1000,12,2.5,sharp,HT1,clamped,0.53854007,1.1658906199999999,0.57329614,0.81168048,-0.06254050271469638,0.36213378943571867
1000,12,2.5,sharp,HT1,latent,0.52780101,1.03571231,0.43576402999999997,0.6071059799999999,0.19161845642835215,0.5341413190104382
1000,12,2.5,sharp,HT2,clamped,0.15282022,0.81843102,0.19245414,0.50652009,-0.2305956937589028,0.4798251298795087
1000,12,2.5,sharp,HT2,latent,0.28877741,0.74496803,0.25983798,0.45117122000000004,0.10559790080938648,0.5014943920186259
1000,12,2.5,zigzag,HM,clamped,0.22950682,8.12091403,0.27624078,8.0599773,-0.18534013087471088,0.007531972972128077
1000,12,2.5,zigzag,HM,latent,0.21818027,8.05548596,0.26287815999999997,8.04579625,-0.18636900719394717,0.0012035949737871253
1000,12,2.5,zigzag,HT1,clamped,0.2519437,8.177414630000001,0.29534344,8.2515807,-0.15893323271772444,-0.00902874123865605
1000,12,2.5,zigzag,HT1,latent,0.35700065000000003,8.28871234,0.40919749000000005,8.356625619999999,-0.1364602976325425,-0.008160081460348178
1000,12,2.5,zigzag,HT2,clamped,0.17077798000000002,8.16846286,0.22899795999999997,8.21323621,-0.2933487448910229,-0.005466278106440406
1000,12,2.5,zigzag,HT2,latent,0.28539495,8.249444559999999,0.32852352,8.29424235,-0.1407344231128775,-0.005415709295826496
