pop,n,step_ratio,pattern,threshold_range,gain_scheme,R_latent,R_abs_latent,R_clamped,R_abs_clamped,R_log_ratio,R_abs_log_ratio
50,4,1.5,random,HM,Agent,1.16094285,144.23890367,1.2472017,154.71304156,-0.07166992511576761,-0.07010107815693793
50,4,1.5,random,HM,Global,1.2064941,149.77901669000002,1.2474380999999999,154.88766232,-0.03337321228119343,-0.033539109157541505
50,4,1.5,random,HT1,Agent,1.65278145,203.49106066000002,1.75714935,212.79451356,-0.0612332124964375,-0.044704899035166445
50,4,1.5,random,HT1,Global,1.7328832499999998,212.66584361000002,1.77866925,216.69175941,-0.026078832603619203,-0.018753755680565615
50,4,1.5,random,HT2,Agent,1.46189745,181.34280126000002,1.55618625,191.99620621999998,-0.06250290130786171,-0.05708644290605811
50,4,1.5,random,HT2,Global,1.5558851999999999,191.71138933999998,1.5802479,194.27192903,-0.015537089351640746,-0.013267813037745536
50,4,1.5,scurve,HM,Agent,2.22484965,11.941220659999999,1.50291248,11.594563350000001,0.39228446143219625,0.029460024044940043
50,4,1.5,scurve,HM,Global,2.29314132,11.951179629999999,1.73058271,11.656351469999999,0.2814644546417352,0.024978765305892395
50,4,1.5,scurve,HT1,Agent,2.03603809,12.076809659999999,0.9454286199999999,11.489110590000001,0.767122694945609,0.049887375078623585
50,4,1.5,scurve,HT1,Global,2.10477644,12.11696414,1.02153842,11.52924247,0.7228995112946374,0.0497198344245831
50,4,1.5,scurve,HT2,Agent,2.75526537,12.56499161,1.74635089,12.03091112,0.4559853558623612,0.04343523882549767
50,4,1.5,scurve,HT2,Global,2.7913557200000003,12.58558398,1.79567702,12.0470329,0.4411452782127946,0.04373363311989545
50,4,1.5,sharp,HM,Agent,1.3788221999999999,1.2980620600000001,1.49805375,1.86512685,-0.08293710913790528,-0.36245663771115055
50,4,1.5,sharp,HM,Global,1.5227232000000002,1.4118885399999999,1.60484595,2.11598831,-0.05252745982480495,-0.40459379112786925
50,4,1.5,sharp,HT1,Agent,1.0512054,1.12625209,0.7112269499999999,0.8422665899999999,0.3907012075209192,0.29055408530448595
50,4,1.5,sharp,HT1,Global,1.2696189,1.46823906,1.0267758,1.20149751,0.21229317532834271,0.2004950605628165
50,4,1.5,sharp,HT2,Agent,1.32208425,1.3866226700000002,1.0183869,1.18363243,0.26098956373373744,0.15828301610848647
50,4,1.5,sharp,HT2,Global,1.50890985,1.6138644300000002,1.21654485,1.30322869,0.2153726858244702,0.21378677693407122
50,4,1.5,zigzag,HM,Agent,2.86191761,27.20604467,2.50452031,27.771902559999997,0.1333946699730154,-0.020585631187974754
50,4,1.5,zigzag,HM,Global,3.0696538600000003,27.27507688,2.77173676,27.87461658,0.10209069316343697,-0.021743124294499993
50,4,1.5,zigzag,HT1,Agent,2.36216662,27.34925487,1.46555283,26.710587139999998,0.47734672755179375,0.023629275346072055
50,4,1.5,zigzag,HT1,Global,2.52127295,27.64964297,1.73832496,26.846584269999997,0.3718419299738966,0.029474217815274754
50,4,1.5,zigzag,HT2,Agent,3.03965423,28.17679892,2.33624237,27.278630720000002,0.2631999549529528,0.03239526781278156
50,4,1.5,zigzag,HT2,Global,3.11996334,28.31528831,2.49697921,27.228906459999997,0.22273956648057372,0.039122735253268745
50,4,2.0,random,HM,Agent,0.7290971999999999,87.80613019,0.786705,97.96548623999999,-0.07604628052400278,-0.10948391728027425
50,4,2.0,random,HM,Global,0.7672146,94.82633952,0.7935954,99.14123384,-0.03380720595490733,-0.044498224237966066
50,4,2.0,random,HT1,Agent,1.391136,174.97421263,1.5231978000000002,188.73377225000002,-0.09069126117670352,-0.07569880293315609
50,4,2.0,random,HT1,Global,1.4843574000000002,186.58931645,1.5472278,192.56655383,-0.041482862169089224,-0.031531795134521576
50,4,2.0,random,HT2,Agent,1.1288634,141.95250975000002,1.2757176,158.71967208,-0.12229755799498669,-0.11164701422221056
50,4,2.0,random,HT2,Global,1.2328332,155.07963661,1.2727704,158.80401375,-0.031881006731349734,-0.02373205443960817
50,4,2.0,scurve,HM,Agent,1.1875133599999999,11.29641198,1.12233165,11.30730806,0.05645315573148497,-0.0009640962482895888
50,4,2.0,scurve,HM,Global,1.27664034,11.34557656,1.23411681,11.3521626,0.0338763122552084,-0.0005803256560849709
50,4,2.0,scurve,HT1,Agent,1.2265541500000001,11.5506387,0.45542425000000003,11.10910292,0.9907346106422232,0.03897587902324845
50,4,2.0,scurve,HT1,Global,1.2955960899999999,11.59652037,0.52954444,11.1530897,0.8947090796319916,0.03898852235028248
50,4,2.0,scurve,HT2,Agent,1.3529210900000002,11.647368570000001,0.54877193,11.219371200000001,0.9023383770787305,0.03743842493528756
50,4,2.0,scurve,HT2,Global,1.40161082,11.677481519999999,0.6120612599999999,11.24478134,0.8285450643591211,0.03775819072685066
50,4,2.0,sharp,HM,Agent,0.7148676,0.97010831,0.8277024000000001,1.18204817,-0.14655631876659303,-0.197596225038995
50,4,2.0,sharp,HM,Global,0.818286,0.92741658,0.8547258,1.05605335,-0.043568806999450885,-0.12989113408753147
50,4,2.0,sharp,HT1,Agent,0.7862154,1.2747144,0.6623322,1.90475853,0.17146355792709334,-0.40163309112030154
50,4,2.0,sharp,HT1,Global,0.9173394,1.03362476,0.8089740000000001,1.05269559,0.12571074563582996,-0.018282294171026524
50,4,2.0,sharp,HT2,Agent,0.769782,0.94568425,0.5552208000000001,0.9374792200000001,0.32674148541167897,0.008714147287077671
50,4,2.0,sharp,HT2,Global,0.9307470000000001,1.02223253,0.7741625999999999,0.88966049,0.18420556049462616,0.1389043513085695
50,4,2.0,zigzag,HM,Agent,1.24131916,26.13432907,1.28748218,26.44679832,-0.03651385983203378,-0.011885364344003007
50,4,2.0,zigzag,HM,Global,1.37566447,26.186224510000002,1.3434938399999998,26.380215269999997,0.023663301275689105,-0.0073808171704966554
50,4,2.0,zigzag,HT1,Agent,1.42476518,26.58997595,0.81821726,26.1712726,0.5546343927995642,0.015871957219181578
50,4,2.0,zigzag,HT1,Global,1.59700379,26.862981,1.07603366,26.395456479999996,0.3948474986516232,0.017557275500569056
50,4,2.0,zigzag,HT2,Agent,1.46480843,26.65407344,0.88781044,26.31679479,0.5007214966595599,0.012734667916438402
50,4,2.0,zigzag,HT2,Global,1.60910672,26.83051637,1.12076053,26.398431690000002,0.3616716932184755,0.016235307539757205
50,4,2.5,random,HM,Agent,0.46181475,45.22649416,0.4795155,52.42190145000001,-0.037612382495751044,-0.14764140150699986
50,4,2.5,random,HM,Global,0.47088749999999996,51.553985080000004,0.4855185,54.48928869,-0.030598180068552968,-0.05537463193922853
50,4,2.5,random,HT1,Agent,1.20707475,150.28668661,1.35682575,165.49506297,-0.11694809375043481,-0.09639664931537001
50,4,2.5,random,HT1,Global,1.31297925,164.19902832,1.38120225,170.90389642,-0.05065552385826327,-0.04002210993707508
50,4,2.5,random,HT2,Agent,0.857256,107.61732699,1.01937525,125.7559437,-0.1732086281799168,-0.15576140759774332
50,4,2.5,random,HT2,Global,0.9680265,122.11235379,1.00589175,125.76410935,-0.038370277561243,-0.029466450636353853
50,4,2.5,scurve,HM,Agent,0.83109274,11.075526199999999,1.0421727,11.17271379,-0.22632155843373383,-0.008736709801562242
50,4,2.5,scurve,HM,Global,0.90681421,11.14129995,1.01267055,11.15503592,-0.11040864023973918,-0.0012321281683096296
50,4,2.5,scurve,HT1,Agent,1.15716124,11.45181358,0.61263924,11.09246387,0.6359488307033433,0.03188216161416484
50,4,2.5,scurve,HT1,Global,1.1943800199999999,11.48829716,0.66696472,11.12848769,0.5826453670572779,0.03182059981687123
50,4,2.5,scurve,HT2,Agent,1.01572876,11.392207,0.45547947,11.05563027,0.8020109796579509,0.02998970025465911
50,4,2.5,scurve,HT2,Global,1.04420388,11.416836980000001,0.5011474,11.07591507,0.7341097673428401,0.03031625653640158
50,4,2.5,sharp,HM,Agent,0.35254125000000003,1.48458037,0.44752875000000003,1.35735539,-0.23857314477882857,0.08959391274899793
50,4,2.5,sharp,HM,Global,0.42038325,1.2457326,0.46614975000000003,1.20414055,-0.10334013923212158,0.03395771463844102
50,4,2.5,sharp,HT1,Agent,0.81888975,2.5973463299999997,0.8473845,3.5195632999999997,-0.03420508737437754,-0.3038466379039095
50,4,2.5,sharp,HT1,Global,0.8038065,1.4670853199999998,0.9138525,2.40338054,-0.12831061130432292,-0.4935986476206566
50,4,2.5,sharp,HT2,Agent,0.637149,1.9096567199999999,0.5017192500000001,2.2860046,0.23896283687025788,-0.17988207946218324
50,4,2.5,sharp,HT2,Global,0.6763275,1.14016905,0.6007095,1.4670273800000002,0.118565969568418,-0.25206162204039817
50,4,2.5,zigzag,HM,Agent,0.63402475,25.58114725,0.80614267,25.73964571,-0.2401727452376199,-0.0061767932562105474
50,4,2.5,zigzag,HM,Global,0.72143147,25.6236992,0.7747730300000001,25.757024849999997,-0.07133273091622797,-0.005189726369418846
50,4,2.5,zigzag,HT1,Agent,1.2214411,26.21115657,0.8511747599999999,25.901524199999997,0.36116920424072435,0.01188332701770723
50,4,2.5,zigzag,HT1,Global,1.33070178,26.483866539999998,1.0462580099999998,26.130520299999997,0.2404864585022877,0.013431746468061008
50,4,2.5,zigzag,HT2,Agent,1.03370677,26.134428189999998,0.6373614,25.89717423,0.48356958521144305,0.009119673171676463
50,4,2.5,zigzag,HT2,Global,1.13193948,26.311046030000004,0.81079254,26.01994428,0.3336755806902365,0.01112552049621579
50,8,1.5,random,HM,Agent,0.7904783999999999,50.237601569999995,0.91001234,57.79614418999999,-0.1408198280604863,-0.14015828236783964
50,8,1.5,random,HM,Global,0.83027315,53.01734685,0.90452174,57.53290630000001,-0.08565159688931875,-0.08173790853175127
50,8,1.5,random,HT1,Agent,1.4457679300000001,90.96828903,1.61225889,99.02431455,-0.10899561307949983,-0.08485444790612424
50,8,1.5,random,HT1,Global,1.52972095,96.04508184000001,1.62746418,100.38646317999999,-0.06193775249264191,-0.04420968554384539
50,8,1.5,random,HT2,Agent,1.18473371,75.35602508,1.29451211,81.34548337,-0.08861584309420342,-0.07648142804159552
50,8,1.5,random,HT2,Global,1.27771693,81.07690307,1.31423672,82.73910451,-0.028181219144843308,-0.020294213160334494
50,8,1.5,scurve,HM,Agent,1.3913125199999998,9.43266125,1.0846200400000001,9.29955248,0.24901782849137027,0.014211989288678667
50,8,1.5,scurve,HM,Global,1.45312172,9.45807459,1.2815124900000001,9.34291863,0.12567313942129424,0.01225014005707922
50,8,1.5,scurve,HT1,Agent,1.43444864,9.66928648,0.66598828,9.150484290000001,0.7672637585766856,0.05514771401714793
50,8,1.5,scurve,HT1,Global,1.48335728,9.696665789999999,0.7557436900000001,9.19929671,0.6743609458792447,0.05265505686217844
50,8,1.5,scurve,HT2,Agent,1.52018801,9.772340759999999,1.07777138,9.49103103,0.34393864592555895,0.02920877329154576
50,8,1.5,scurve,HT2,Global,1.5499165,9.7871582,1.12498881,9.51160673,0.32042796957207215,0.028558324696179735
50,8,1.5,sharp,HM,Agent,0.7213647299999999,0.9182554199999999,0.84694148,1.04847761,-0.1604867251270342,-0.13261890858393194
50,8,1.5,sharp,HM,Global,0.78925125,1.00888441,0.90064298,1.1384485,-0.13202421924954055,-0.12082119470043166
50,8,1.5,sharp,HT1,Agent,0.55657414,0.7496691400000001,0.37592098,0.4978129,0.39242142562968174,0.4094076589104474
50,8,1.5,sharp,HT1,Global,0.68494089,0.92733062,0.53575272,0.7209863599999999,0.24565983123239063,0.25168993892165703
50,8,1.5,sharp,HT2,Agent,0.69302601,0.93939741,0.53579376,0.70060606,0.2573182200470367,0.2932928560553257
50,8,1.5,sharp,HT2,Global,0.79017002,1.07681701,0.62909585,0.8552703300000001,0.22796450766672927,0.23034716116860832
50,8,1.5,zigzag,HM,Agent,1.6241677300000001,12.47400338,1.4938401300000002,12.734245040000001,0.08364544547324101,-0.020648075313763798
50,8,1.5,zigzag,HM,Global,1.74558898,12.521449239999999,1.69562827,12.75413159,0.02903869013951668,-0.018412152420704438
50,8,1.5,zigzag,HT1,Agent,1.25208237,12.6141176,0.79574635,12.313775960000001,0.4532828609468048,0.024097998774579753
50,8,1.5,zigzag,HT1,Global,1.3551460599999998,12.722874039999999,0.93205342,12.39044155,0.37427439022288117,0.026476146313757953
50,8,1.5,zigzag,HT2,Agent,1.6152839,12.83123561,1.23374519,12.59220323,0.269456317624068,0.018804649146460316
50,8,1.5,zigzag,HT2,Global,1.68398396,12.89514501,1.3154787,12.58485167,0.24696176102917303,0.02435704244970465
50,8,2.0,random,HM,Agent,0.4897833,28.32799927,0.578877,35.8536513,-0.1671269713846772,-0.2355947221916736
50,8,2.0,random,HM,Global,0.5198319,31.540635090000002,0.5787801,35.97483433,-0.10741712260540785,-0.13154293027044706
50,8,2.0,random,HT1,Agent,1.2366387,78.47868025,1.4294505000000002,88.42401581,-0.14489313154828884,-0.11931660607687963
50,8,2.0,random,HT1,Global,1.3308264,84.27610489,1.4344044,89.20298288,-0.07494960813170963,-0.056816107820409766
50,8,2.0,random,HT2,Agent,0.9038187000000001,57.86716878,1.0535835,66.25107186,-0.15332370253281807,-0.13530145316009332
50,8,2.0,random,HT2,Global,1.0048518,64.39050424,1.0454442,66.23928169,-0.03960179891891662,-0.02830749341718191
50,8,2.0,scurve,HM,Agent,0.7026839699999999,8.98443539,0.72961178,9.0973164,-0.037605338535973795,-0.012485789847369982
50,8,2.0,scurve,HM,Global,0.7642451,9.01160755,0.7813544400000001,9.060357549999999,-0.022140326079975323,-0.005395109826543649
50,8,2.0,scurve,HT1,Agent,0.85075102,9.27404505,0.31276394,8.88878168,1.000670791626577,0.042429647359137825
50,8,2.0,scurve,HT1,Global,0.9092722500000001,9.310227130000001,0.38858968,8.93851221,0.8501205745654384,0.04074433146632239
50,8,2.0,scurve,HT2,Agent,0.68532426,9.15825869,0.35115483,8.93416832,0.6686648612036233,0.024772998132395155
50,8,2.0,scurve,HT2,Global,0.72491997,9.18012519,0.41539181,8.96776332,0.556839067243569,0.023404547987350453
50,8,2.0,sharp,HM,Agent,0.4014858,0.71536662,0.5111766,0.73956437,-0.24154296197872416,-0.033266157138798484
50,8,2.0,sharp,HM,Global,0.4527564,0.62673208,0.5082294,0.67612498,-0.11557868795224767,-0.07585879592417694
50,8,2.0,sharp,HT1,Agent,0.4932786,0.83907208,0.4866348,0.99135937,0.013560181550803765,-0.1667804877208476
50,8,2.0,sharp,HT1,Global,0.5115,0.66749537,0.4764156,0.7086546199999999,0.07105700285472169,-0.059835817109271404
50,8,2.0,sharp,HT2,Agent,0.4260447,0.62687327,0.3120441,0.57869466,0.3113997463672101,0.07996941803339219
50,8,2.0,sharp,HT2,Global,0.49553670000000005,0.65135904,0.4037895,0.55251662,0.2047477150577564,0.164577496526797
50,8,2.0,zigzag,HM,Agent,0.7419772600000001,11.93322271,0.75286942,12.09356213,-0.014573203950024854,-0.013346921055264513
50,8,2.0,zigzag,HM,Global,0.82098163,11.953943879999999,0.82495283,12.05738308,-0.00482547489266185,-0.008615920316638269
50,8,2.0,zigzag,HT1,Agent,0.74754548,12.21568986,0.43696857,12.004674950000002,0.5369338759110887,0.017425026489926235
50,8,2.0,zigzag,HT1,Global,0.85760682,12.35119125,0.56438,12.12252664,0.4184179592205878,0.018687088350675892
50,8,2.0,zigzag,HT2,Agent,0.7739376400000001,12.23142641,0.47400892,12.062313679999999,0.4902651617850507,0.013922554622228668
50,8,2.0,zigzag,HT2,Global,0.85913359,12.30924945,0.59208928,12.11838718,0.372266993612806,0.015627066752739366
50,8,2.5,random,HM,Agent,0.32807157,18.45700948,0.37659391999999997,20.52828157,-0.1379356858411516,-0.10635930821529642
50,8,2.5,random,HM,Global,0.33548229,18.99751195,0.3767661,21.098614729999998,-0.11605540236875074,-0.10489936512841824
50,8,2.5,random,HT1,Agent,1.07095841,67.76013364,1.27590182,78.03333622999999,-0.17509928054350535,-0.14116210035277127
50,8,2.5,random,HT1,Global,1.16966473,74.27808985,1.27307056,79.12772568,-0.0847145939725122,-0.06324730702549665
50,8,2.5,random,HT2,Agent,0.7004589400000001,44.64960712,0.85257338,53.047092240000005,-0.19652353291534289,-0.1723345436910368
50,8,2.5,random,HT2,Global,0.7999121800000001,51.318568539999994,0.8352420700000001,52.75232502,-0.0432196403861609,-0.02755520106426212
50,8,2.5,scurve,HM,Agent,0.51340168,8.87122557,0.60600431,9.01867985,-0.16582855752125952,-0.01648500825640181
50,8,2.5,scurve,HM,Global,0.56294434,8.89387433,0.61655245,8.974069329999999,-0.09096263601368615,-0.008976470937546804
50,8,2.5,scurve,HT1,Agent,0.74321554,9.22339427,0.35169673,8.91605554,0.7482168551214081,0.033889467148256365
50,8,2.5,scurve,HT1,Global,0.78648411,9.25653837,0.409142,8.96574632,0.6535102348103483,0.03191880085421754
50,8,2.5,scurve,HT2,Agent,0.56093718,9.0630979,0.26945584,8.85775125,0.7332044027184434,0.022918070030050555
50,8,2.5,scurve,HT2,Global,0.58679054,9.08199417,0.3165175,8.89063995,0.6172893924880625,0.02129475843464457
50,8,2.5,sharp,HM,Agent,0.24825306000000003,0.97924783,0.36281064,0.8416054,-0.3794324161307805,0.15147349824919631
50,8,2.5,sharp,HM,Global,0.28014564,0.834333,0.35527357000000004,0.73247348,-0.23757850161982183,0.13020546778535283
50,8,2.5,sharp,HT1,Agent,0.66052315,1.58587685,0.7132834699999999,1.77438864,-0.07684674248206047,-0.11231846340297942
50,8,2.5,sharp,HT1,Global,0.55654702,1.07653374,0.67184934,1.39702654,-0.188282459449498,-0.26059969830273694
50,8,2.5,sharp,HT2,Agent,0.48532539999999996,1.20828904,0.34488233,1.3085520400000001,0.3416163074119257,-0.07971587051213606
50,8,2.5,sharp,HT2,Global,0.43798474,0.8421446400000001,0.37444179,0.91097168,0.15674771262257522,-0.07856002909660059
50,8,2.5,zigzag,HM,Agent,0.39449378,11.61528278,0.45375718,11.80488619,-0.13995883577710488,-0.016191817630659976
50,8,2.5,zigzag,HM,Global,0.44997474,11.60872345,0.48721896000000003,11.71833456,-0.07952218403912958,-0.009397834624765832
50,8,2.5,zigzag,HT1,Agent,0.64254178,12.04666895,0.44897913,11.89620773,0.3584554362996162,0.012568514859079258
50,8,2.5,zigzag,HT1,Global,0.7097651700000001,12.17532766,0.53914887,12.00207265,0.27494243941360413,0.014332225425377416
50,8,2.5,zigzag,HT2,Agent,0.54762778,12.0003009,0.34904672,11.889918049999999,0.4503900411500152,0.009240906141199358
50,8,2.5,zigzag,HT2,Global,0.60404209,12.07173394,0.42831516999999997,11.9397493,0.34378457784451544,0.010993570698482705
50,12,1.5,random,HM,Agent,0.64080905,27.14318531,0.77885425,32.91601333,-0.1950924108951961,-0.19283325331310577
50,12,1.5,random,HM,Global,0.67726005,28.82423515,0.7698758499999999,32.65340272,-0.1281739478026916,-0.12473253681793162
50,12,1.5,random,HT1,Agent,1.32282585,55.583256060000004,1.52159795,62.22254729,-0.13999082172662614,-0.1128354247811308
50,12,1.5,random,HT1,Global,1.4112532999999998,59.197470519999996,1.5349913499999999,62.96233945,-0.0840465710126046,-0.06165794786360073
50,12,1.5,random,HT2,Agent,1.01821415,43.35446059,1.13051455,47.54364567,-0.10462262360158521,-0.0922385503116722
50,12,1.5,random,HT2,Global,1.1097045,47.148453520000004,1.1488258500000001,48.399094999999996,-0.03464665713341007,-0.026179905810743285
50,12,1.5,scurve,HM,Agent,0.9936379599999999,7.57279046,0.80275312,7.46593796,0.21332569535655083,0.014210549609877865
50,12,1.5,scurve,HM,Global,1.03932229,7.60547523,0.9266566500000001,7.5033848,0.11474102688663057,0.013514187510056484
50,12,1.5,scurve,HT1,Agent,1.10648043,7.83572438,0.51986283,7.382171990000001,0.7553744846205055,0.059625423005278136
50,12,1.5,scurve,HT1,Global,1.13835759,7.8530016499999995,0.59391186,7.42315724,0.6506108675266445,0.05629136378225917
50,12,1.5,scurve,HT2,Agent,1.14983202,7.906931879999999,0.8195366799999999,7.67018478,0.33863198494126046,0.03039912154690488
50,12,1.5,scurve,HT2,Global,1.1618346099999999,7.91283465,0.85659043,7.68641382,0.30479570205256856,0.029031748972092278
50,12,1.5,sharp,HM,Agent,0.50945135,0.7700708199999999,0.5909498,0.79446382,-0.14839671068672425,-0.03118496222126851
50,12,1.5,sharp,HM,Global,0.5533055,0.82826777,0.6499883,0.8645121400000001,-0.16104407251516886,-0.04282885199946352
50,12,1.5,sharp,HT1,Agent,0.38152169999999996,0.5714394899999999,0.2606219,0.3754655,0.3810970318428954,0.4199920088776457
50,12,1.5,sharp,HT1,Global,0.47012295000000004,0.7033025,0.36027929999999997,0.53869316,0.26611469225820394,0.26664096560669687
50,12,1.5,sharp,HT2,Agent,0.46629905,0.73118544,0.369702,0.54664344,0.23212989077749027,0.2908703640264127
50,12,1.5,sharp,HT2,Global,0.530258,0.83303529,0.42487454999999996,0.6623975299999999,0.22156973167330954,0.2292101320160889
50,12,1.5,zigzag,HM,Agent,1.1074401299999999,8.59931871,1.00334834,8.777645230000001,0.09870841599373088,-0.02052519428307482
50,12,1.5,zigzag,HM,Global,1.18669982,8.63882195,1.14257708,8.79309518,0.03788988641417266,-0.017700549717735162
50,12,1.5,zigzag,HT1,Agent,0.8046608500000001,8.69491521,0.5549178,8.50450823,0.3716008896278884,0.022141993282819412
50,12,1.5,zigzag,HT1,Global,0.87881664,8.7642685,0.64184819,8.55457259,0.31422446368898915,0.02421711212055705
50,12,1.5,zigzag,HT2,Agent,1.06691526,8.84394371,0.85116525,8.69809724,0.22592053618033578,0.01662860451340247
50,12,1.5,zigzag,HT2,Global,1.11941666,8.88772426,0.90567699,8.70299106,0.21188027002485693,0.021004261428833854
50,12,2.0,random,HM,Agent,0.3876704,15.325442709999999,0.4932272,20.81453226,-0.24081442573929707,-0.30613703960333993
50,12,2.0,random,HM,Global,0.4148344,17.21237514,0.4911136,20.80647915,-0.16879606114597415,-0.18963582580016106
50,12,2.0,random,HT1,Agent,1.1437194,49.05109184,1.365863,56.63050588,-0.17750088014183196,-0.1436853676615641
50,12,2.0,random,HT1,Global,1.2381668000000001,53.031060399999994,1.3612624,56.887558129999995,-0.0947806058704043,-0.07019886800592529
50,12,2.0,random,HT2,Agent,0.8028084,34.81909092,0.9395506,39.919162660000005,-0.15728559559292585,-0.1366906497570673
50,12,2.0,random,HT2,Global,0.8990193999999999,38.90911892,0.9381,40.09071628,-0.04255193936030571,-0.029916150604797905
50,12,2.0,scurve,HM,Agent,0.47502586999999996,7.23220458,0.5064580399999999,7.31786836,-0.06407221150711799,-0.01177516706027613
50,12,2.0,scurve,HM,Global,0.5170849900000001,7.265039400000001,0.53647285,7.306678399999999,-0.036808703298622,-0.005715058980075092
50,12,2.0,scurve,HT1,Agent,0.5969820699999999,7.49139879,0.22726776,7.166156989999999,0.965758197621674,0.04438600816971911
50,12,2.0,scurve,HT1,Global,0.64355266,7.51948347,0.28693816,7.20782599,0.807737135250551,0.04233006931998608
50,12,2.0,scurve,HT2,Agent,0.47748739,7.38188731,0.25172157,7.1961796300000005,0.6402141554670031,0.025479060724701647
50,12,2.0,scurve,HT2,Global,0.5084142899999999,7.3978430600000005,0.3005853,7.223099039999999,0.5255650727819108,0.02390438861484354
50,12,2.0,sharp,HM,Agent,0.2988666,0.54228445,0.40163699999999997,0.60133995,-0.29555137561948674,-0.10336973594955311
50,12,2.0,sharp,HM,Global,0.3301148,0.56319893,0.39270299999999997,0.52180997,-0.17361312822157893,0.07632942552645662
50,12,2.0,sharp,HT1,Agent,0.39562980000000003,0.62647494,0.3896542,0.66190923,0.015219246390639046,-0.05501965819618714
50,12,2.0,sharp,HT1,Global,0.3781434,0.51952926,0.36263959999999995,0.52193715,0.04186398514851078,-0.004624045993796821
50,12,2.0,sharp,HT2,Agent,0.3117176,0.47489705,0.22558340000000002,0.40339584,0.3234077143721103,0.16317973057984045
50,12,2.0,sharp,HT2,Global,0.35003259999999997,0.51313993,0.2835152,0.43129011,0.21076055575224723,0.17376760329134167
50,12,2.0,zigzag,HM,Agent,0.50341916,8.229044850000001,0.47854948999999997,8.32558522,0.05066351023886907,-0.011663379246816994
50,12,2.0,zigzag,HM,Global,0.55893883,8.23651213,0.55487321,8.29355076,0.007300402421068151,-0.006901226784269473
50,12,2.0,zigzag,HT1,Agent,0.47430298,8.43043493,0.30485042,8.29463965,0.4420250857274563,0.016238882936340193
50,12,2.0,zigzag,HT1,Global,0.55311396,8.52317138,0.38927149,8.37543631,0.35128703831606223,0.01748532621064995
50,12,2.0,zigzag,HT2,Agent,0.49735985,8.43765025,0.33305717,8.33670806,0.40099965144211647,0.012035442024499996
50,12,2.0,zigzag,HT2,Global,0.56165977,8.49641641,0.40952026,8.36778766,0.3159098980724618,0.015254944013365817
50,12,2.5,random,HM,Agent,0.25180475,12.86645629,0.31236875000000003,11.5917447,-0.21553039534151294,0.10433045618453986
50,12,2.5,random,HM,Global,0.255919,11.821631259999998,0.3090785,11.77217063,-0.1887343017786002,0.004192686086345481
50,12,2.5,random,HT1,Agent,0.99958725,42.76587101,1.228031,50.25158381999999,-0.2058249089107206,-0.1613016870666318
50,12,2.5,random,HT1,Global,1.09986125,47.14687549,1.22276375,50.931576729999996,-0.10592963003341724,-0.07721535974487968
50,12,2.5,random,HT2,Agent,0.61321475,26.91301566,0.7554545,32.14098564,-0.2086043540320821,-0.1775220038006423
50,12,2.5,random,HT2,Global,0.7083965000000001,31.097416629999998,0.7398205,32.00898638,-0.043403624021366265,-0.028891938575457264
50,12,2.5,scurve,HM,Agent,0.34587878000000005,7.15655655,0.41619236,7.25645322,-0.18505919038057406,-0.013862235755177149
50,12,2.5,scurve,HM,Global,0.37902428,7.1769886,0.41996873,7.23910584,-0.10257998976974805,-0.008617815968839168
50,12,2.5,scurve,HT1,Agent,0.51628217,7.4492601,0.24625123999999998,7.19489507,0.7403011415312188,0.03474295552884213
50,12,2.5,scurve,HT1,Global,0.55453544,7.47219695,0.29152483,7.23416356,0.6430055359177285,0.03237431581186413
50,12,2.5,scurve,HT2,Agent,0.3877917,7.31716067,0.19516556999999998,7.154130609999999,0.6866200645696426,0.022532468524351108
50,12,2.5,scurve,HT2,Global,0.40940184,7.3277887,0.23283843,7.17529677,0.564352388046003,0.02102966988632874
50,12,2.5,sharp,HM,Agent,0.19777725000000002,0.79402113,0.311012,0.63469849,-0.4526900992368222,0.22396000575085512
50,12,2.5,sharp,HM,Global,0.220941,0.78359352,0.29592725000000003,0.52970691,-0.2922179495393365,0.3915665629256517
50,12,2.5,sharp,HT1,Agent,0.5530315,1.1566755899999999,0.55356375,1.19932833,-0.000961959742812711,-0.03621165513113357
50,12,2.5,sharp,HT1,Global,0.47419200000000006,0.84315589,0.54448325,0.9615980999999999,-0.1382248767624962,-0.13144472410529756
50,12,2.5,sharp,HT2,Agent,0.3937145,0.84582481,0.26406425,0.87996145,0.3994335825966736,-0.03956584191065305
50,12,2.5,sharp,HT2,Global,0.35056350000000003,0.6286102100000001,0.28324425000000003,0.66877681,0.21323226020907055,-0.06193902045118559
50,12,2.5,zigzag,HM,Agent,0.27178078,8.02178895,0.28148620999999996,8.12732219,-0.035087673356617666,-0.013070037279222863
50,12,2.5,zigzag,HM,Global,0.30592421000000003,8.031820549999999,0.31834152,8.05819861,-0.03978737722329723,-0.003278813203314522
50,12,2.5,zigzag,HT1,Agent,0.40959401999999995,8.3125076,0.30164941,8.21868715,0.3059010250336558,0.011350838066759409
50,12,2.5,zigzag,HT1,Global,0.45692328000000004,8.403919960000001,0.35575346,8.29144262,0.25027753648570294,0.013474285593263548
50,12,2.5,zigzag,HT2,Agent,0.34733353,8.265590170000001,0.2393215,8.207006250000001,0.372477663603014,0.007112924460013127
50,12,2.5,zigzag,HT2,Global,0.38884794,8.3263258,0.29179077,8.24426433,0.28715136312017236,0.009904552609017993
100,4,1.5,random,HM,Agent,1.1329834300000001,142.2311752,1.22842606,153.56530091000002,-0.08087936689833504,-0.07667216143808306
100,4,1.5,random,HM,Global,1.17893143,147.68898425,1.2258531499999998,153.29878236000002,-0.03902859016149478,-0.03728023815593328
100,4,1.5,random,HT1,Agent,1.63437563,202.08277502,1.7484521499999999,212.68554278,-0.06747005709331798,-0.05113735909928657
100,4,1.5,random,HT1,Global,1.7139642499999999,211.37123653999998,1.7655593200000002,216.06660277999998,-0.029658573053598737,-0.02197070395867304
100,4,1.5,random,HT2,Agent,1.44014902,179.42219612,1.55014902,191.92142403999998,-0.0736044739005973,-0.06734437230732448
100,4,1.5,random,HT2,Global,1.53458012,189.96845308,1.56752952,193.34455717,-0.021244019721811194,-0.017615845560993375
100,4,1.5,scurve,HM,Agent,2.24955194,11.947051469999998,1.49635818,11.60880807,0.4076967825796387,0.02872038266353704
100,4,1.5,scurve,HM,Global,2.31797726,11.96644566,1.74377328,11.63763553,0.2846436176521937,0.027862249624456555
100,4,1.5,scurve,HT1,Agent,2.07293904,12.08410349,0.9719354,11.4872701,0.7574333639999111,0.050651353281029474
100,4,1.5,scurve,HT1,Global,2.14341447,12.12573864,1.04982321,11.53118594,0.7137783256655961,0.05027516784434464
100,4,1.5,scurve,HT2,Agent,2.7900067,12.56952984,1.7572988799999998,12.020269229999998,0.4622660943869984,0.04468129120263038
100,4,1.5,scurve,HT2,Global,2.82448474,12.589081,1.8080436599999998,12.039369939999998,0.4460805451339294,0.04464774300540132
100,4,1.5,sharp,HM,Agent,1.37668144,1.22504684,1.52580816,1.9493243999999998,-0.1028483611917285,-0.4645037710051499
100,4,1.5,sharp,HM,Global,1.5234223,1.35087278,1.62530116,2.13692579,-0.06473381068267245,-0.4586173622217343
100,4,1.5,sharp,HT1,Agent,1.03930176,1.09887429,0.70497446,0.7870843200000001,0.38814280683475266,0.3337061783356455
100,4,1.5,sharp,HT1,Global,1.24480708,1.3724246500000001,1.02616652,1.15103494,0.19315052831222587,0.1759175075856533
100,4,1.5,sharp,HT2,Agent,1.32035323,1.3549610200000002,1.01808416,1.15492387,0.259976712668145,0.15973825800873734
100,4,1.5,sharp,HT2,Global,1.5097787299999998,1.56544937,1.21123274,1.26438844,0.22032446928617272,0.21358436151509744
100,4,1.5,zigzag,HM,Agent,2.85378133,27.11947301,2.50690396,27.727005570000003,0.12959638763179984,-0.022154837483560164
100,4,1.5,zigzag,HM,Global,3.06005907,27.19405488,2.77812584,27.862934489999997,0.0966576776172483,-0.02429891384477855
100,4,1.5,zigzag,HT1,Agent,2.3806976,27.2418219,1.48168402,26.63354703,0.4742142617137901,0.022581774578139893
100,4,1.5,zigzag,HT1,Global,2.53202623,27.51872738,1.75745959,26.76965514,0.3651505120772376,0.027597793418263062
100,4,1.5,zigzag,HT2,Agent,3.0283781299999997,28.03799165,2.30826552,27.15047961,0.2715308202293181,0.03216572371889787
100,4,1.5,zigzag,HT2,Global,3.1074191,28.186069240000002,2.47007516,27.123202889999998,0.22954393094789838,0.03843830054243195
100,4,2.0,random,HM,Agent,0.7216277999999999,88.0040597,0.7878864,98.32740088,-0.0878444235237109,-0.11091978944922226
100,4,2.0,random,HM,Global,0.7632806999999999,94.84736672999999,0.7941603,99.40454729000001,-0.03965947650121186,-0.046928926471869185
100,4,2.0,random,HT1,Agent,1.3914051,174.09174857,1.5269837999999998,188.26791936,-0.09298031726919885,-0.07828360043529199
100,4,2.0,random,HT1,Global,1.4847138000000002,185.74300352999998,1.5519387,192.22790432000002,-0.04428289715065443,-0.03431765293300146
100,4,2.0,random,HT2,Agent,1.1202891,140.93337895000002,1.2789105,158.75713665,-0.13242176660558094,-0.11908830303451616
100,4,2.0,random,HT2,Global,1.2262209,154.18749742,1.2748686,158.9080581,-0.038906113746930995,-0.03015640646857846
100,4,2.0,scurve,HM,Agent,1.11437001,11.26011816,1.10116706,11.29082243,0.011918650762373612,-0.0027231049499605547
100,4,2.0,scurve,HM,Global,1.20352557,11.30018033,1.18973528,11.30613053,0.011524395784645302,-0.0005264193856537069
100,4,2.0,scurve,HT1,Agent,1.17719646,11.50994821,0.38822812,11.060921659999998,1.1092979042195332,0.03979339780530305
100,4,2.0,scurve,HT1,Global,1.2491976200000001,11.55784133,0.4645776,11.10977501,0.9891281145307724,0.03953875732632517
100,4,2.0,scurve,HT2,Agent,1.2708922599999999,11.58462231,0.45391266,11.150445640000001,1.0295696990176235,0.03819909089239819
100,4,2.0,scurve,HT2,Global,1.32426323,11.6168993,0.5223481799999999,11.18427146,0.9302771539118313,0.03795241679144816
100,4,2.0,sharp,HM,Agent,0.6832329,0.8192538500000001,0.7772262000000001,1.00141488,-0.12889563063903758,-0.20077517199448838
100,4,2.0,sharp,HM,Global,0.7860261,0.78471341,0.8116551,0.9302108,-0.03208549824892771,-0.17009265880805097
100,4,2.0,sharp,HT1,Agent,0.7704114,1.13586287,0.6515774999999999,1.86876667,0.16752831213725983,-0.4978860785340241
100,4,2.0,sharp,HT1,Global,0.8998512,0.9251815000000001,0.7737489,0.87853081,0.15098201397193894,0.051738956324588345
100,4,2.0,sharp,HT2,Agent,0.7517712,0.81236418,0.5340222,0.73365628,0.3419946112058826,0.10190810159679925
100,4,2.0,sharp,HT2,Global,0.9195057,0.9326702,0.7606062,0.7838994499999999,0.18972049612605857,0.17377089539611534
100,4,2.0,zigzag,HM,Agent,1.22953519,26.06650102,1.2718311,26.423733579999997,-0.03382146942728173,-0.01361160140539624
100,4,2.0,zigzag,HM,Global,1.36578231,26.08692602,1.3270589799999999,26.349012870000003,0.028762184863559928,-0.009996541993575287
100,4,2.0,zigzag,HT1,Agent,1.3703432,26.47108925,0.75845727,26.080356579999997,0.5915300360681858,0.014870756240257944
100,4,2.0,zigzag,HT1,Global,1.5566110699999998,26.720417859999998,1.02769744,26.29797263,0.41519026252499797,0.01593613711858982
100,4,2.0,zigzag,HT2,Agent,1.4231418,26.50995313,0.84422922,26.20675994,0.5221981963544882,0.011502861822773807
100,4,2.0,zigzag,HT2,Global,1.5719909699999999,26.6798865,1.0868699499999999,26.29311976,0.36904098994856727,0.014602668040207576
100,4,2.5,random,HM,Agent,0.44601649000000004,41.38002822000001,0.47189747,51.095678649999996,-0.05640581298186207,-0.2109015728083723
100,4,2.5,random,HM,Global,0.45606465,49.54369334,0.47570441,53.283589750000004,-0.042162098163066104,-0.07277342518321601
100,4,2.5,random,HT1,Agent,1.2064792500000001,151.88104006,1.35813799,167.32652876,-0.11840822921299969,-0.0968495821695118
100,4,2.5,random,HT1,Global,1.31398654,165.52227944999998,1.3863034099999998,172.65934434,-0.05357511086545626,-0.042214740604839936
100,4,2.5,random,HT2,Agent,0.84048721,106.2027768,1.02302399,126.50036121,-0.19653648071182125,-0.17489490821984824
100,4,2.5,random,HT2,Global,0.9569614,121.1278432,1.0025261399999998,125.44696727,-0.04651517739251375,-0.03503655450268305
100,4,2.5,scurve,HM,Agent,0.79722212,11.09504857,1.04082196,11.224461369999998,-0.2666326910616102,-0.011596513599209725
100,4,2.5,scurve,HM,Global,0.87737707,11.10766356,0.99020981,11.142971110000001,-0.1209799956094792,-0.0031736244972901963
100,4,2.5,scurve,HT1,Agent,1.12042899,11.439807120000001,0.55853557,11.07304402,0.6961486128063804,0.03258543752584433
100,4,2.5,scurve,HT1,Global,1.16191059,11.479063100000001,0.60810999,11.11258417,0.6474652193187316,0.03244660089821966
100,4,2.5,scurve,HT2,Agent,0.98234734,11.376274650000001,0.40154505999999995,11.02946624,0.8946251963056482,0.030959575266553283
100,4,2.5,scurve,HT2,Global,1.0146805700000001,11.401694950000001,0.44947676999999997,11.057241730000001,0.8142449596527119,0.030676450683208675
100,4,2.5,sharp,HM,Agent,0.30340143,1.25469575,0.40181341000000004,1.27899087,-0.28093104648408757,-0.019178271267968065
100,4,2.5,sharp,HM,Global,0.37717771999999994,1.04202093,0.41537036,1.0554473500000001,-0.0964540737766864,-0.012802675987589407
100,4,2.5,sharp,HT1,Agent,0.7976716,2.55413152,0.82520562,3.5173769299999997,-0.033935607717565396,-0.32000326949924013
100,4,2.5,sharp,HT1,Global,0.75990654,1.19960435,0.8681291600000001,2.20430641,-0.1331450533994892,-0.6084211120336867
100,4,2.5,sharp,HT2,Agent,0.6051875,1.87165112,0.48001433,2.2864511899999997,0.23172236974877328,-0.20017992368571724
100,4,2.5,sharp,HT2,Global,0.62714037,1.03238699,0.57078015,1.34770545,0.09416628192994247,-0.2665298926333358
100,4,2.5,zigzag,HM,Agent,0.5790363,25.5683375,0.76429496,25.79368619,-0.2775886180495223,-0.0087749710699833
100,4,2.5,zigzag,HM,Global,0.6703772499999999,25.5786056,0.7335579400000001,25.654772899999998,-0.09006597197390967,-0.002973348951211673
100,4,2.5,zigzag,HT1,Agent,1.18254526,26.167407400000002,0.79494454,25.871973710000002,0.39715204326043213,0.011354357322063944
100,4,2.5,zigzag,HT1,Global,1.30426522,26.409251060000003,0.9881376500000001,26.07314288,0.2775731014704691,0.012808591602403762
100,4,2.5,zigzag,HT2,Agent,0.97809501,26.06172045,0.57950565,25.86839192,0.5234314000390193,0.007445754085317478
100,4,2.5,zigzag,HT2,Global,1.0788488,26.21170854,0.75607277,25.96052596,0.3555121975283567,0.009629049749507993
100,8,1.5,random,HM,Agent,0.7771849000000001,48.85062843,0.9116258399999999,56.99862835,-0.15955135413941363,-0.15425996062076222
100,8,1.5,random,HM,Global,0.8171361400000001,51.51532036,0.90494298,56.75034477,-0.1020662211851093,-0.09678248543642207
100,8,1.5,random,HT1,Agent,1.4351608999999999,89.76027582,1.61197601,98.22622860999999,-0.11618379347816386,-0.09013075885478417
100,8,1.5,random,HT1,Global,1.52105202,94.8359443,1.62119902,99.30506917999999,-0.06376379740559224,-0.04604812221121162
100,8,1.5,random,HT2,Agent,1.14955866,72.50428732,1.27723764,79.60256887,-0.10532155733937007,-0.09340066900530745
100,8,1.5,random,HT2,Global,1.2431251,78.1985205,1.28942317,80.39035078,-0.0365665122626644,-0.02764342587344365
100,8,1.5,scurve,HM,Agent,1.37499138,9.415419,1.06671791,9.25990622,0.2538609013993175,0.016654743393805405
100,8,1.5,scurve,HM,Global,1.4373465300000001,9.4387048,1.26500812,9.34132571,0.12772018511958394,0.010370586213801568
100,8,1.5,scurve,HT1,Agent,1.42703026,9.64873609,0.65585364,9.127380500000001,0.7774131682825578,0.05554818948489802
100,8,1.5,scurve,HT1,Global,1.47626149,9.67635806,0.74599468,9.17692828,0.6825496819047895,0.05299305840765365
100,8,1.5,scurve,HT2,Agent,1.49371159,9.74266005,1.07651736,9.47865959,0.3275328585319481,0.027471273307326596
100,8,1.5,scurve,HT2,Global,1.52261134,9.75821064,1.12642229,9.49917006,0.30138035271568786,0.026904614866375447
100,8,1.5,sharp,HM,Agent,0.72146164,0.89935182,0.85433892,1.08236627,-0.1690487670990991,-0.18523061028324525
100,8,1.5,sharp,HM,Global,0.79638466,0.9894864,0.92316846,1.18005296,-0.1477294210650933,-0.1761285771756491
100,8,1.5,sharp,HT1,Agent,0.5257341,0.7161596400000001,0.35441831,0.47019933999999997,0.39431768943289625,0.42074637055544833
100,8,1.5,sharp,HT1,Global,0.63815725,0.8761261399999999,0.51509043,0.69815932,0.2142422488472207,0.22706274713802274
100,8,1.5,sharp,HT2,Agent,0.66233754,0.90976636,0.52276789,0.6804291299999999,0.23663774456384956,0.2904641466365294
100,8,1.5,sharp,HT2,Global,0.7568141199999999,1.04352803,0.60643015,0.83402901,0.2215281223197319,0.22409440175375614
100,8,1.5,zigzag,HM,Agent,1.6060196,12.439319900000001,1.48964956,12.73118223,0.07521792202032035,-0.023191862458027155
100,8,1.5,zigzag,HM,Global,1.7267574300000001,12.49221878,1.6944083,12.753902539999999,0.018911737516674788,-0.020731353463475273
100,8,1.5,zigzag,HT1,Agent,1.2398228500000001,12.570363780000001,0.7882305599999999,12.278756040000001,0.45293314959537895,0.023471344603950825
100,8,1.5,zigzag,HT1,Global,1.3392296300000002,12.67887055,0.9239382,12.356830890000001,0.37120463835177064,0.025727853030081727
100,8,1.5,zigzag,HT2,Agent,1.59442738,12.77714265,1.2175894,12.540931700000002,0.2696416599361848,0.01866001344907912
100,8,1.5,zigzag,HT2,Global,1.66509411,12.8432077,1.2981511399999999,12.541928989999999,0.24894059217641742,0.023737737605681517
100,8,2.0,random,HM,Agent,0.46082115,27.23175546,0.5684076,35.50430224,-0.2098287602332635,-0.2652701065235988
100,8,2.0,random,HM,Global,0.4930152,30.43053282,0.56708085,35.54340639,-0.1399618809445804,-0.1553081913352012
100,8,2.0,random,HT1,Agent,1.23177045,77.87766804,1.4314654500000001,88.25097248,-0.15024618504350315,-0.12504547828960563
100,8,2.0,random,HT1,Global,1.32323955,83.63119553,1.4302014,88.72004416,-0.07773233901372195,-0.059069238028315964
100,8,2.0,random,HT2,Agent,0.88493865,56.06358008,1.0452401999999998,65.00884958,-0.16648367387414484,-0.148037002738578
100,8,2.0,random,HT2,Global,0.9848715,62.463115689999995,1.0336123499999998,64.65301926000001,-0.04830390567730432,-0.034458572175593234
100,8,2.0,scurve,HM,Agent,0.67186337,8.96460268,0.71447563,9.10196309,-0.06149388762179937,-0.01520632737693968
100,8,2.0,scurve,HM,Global,0.7357627600000001,9.00014331,0.76202321,9.06010514,-0.035069284729724516,-0.006640224301286353
100,8,2.0,scurve,HT1,Agent,0.8141559100000001,9.24482449,0.27258611,8.85607768,1.0941973191026555,0.042959913520789254
100,8,2.0,scurve,HT1,Global,0.8779669699999999,9.2833074,0.35394238,8.90915355,0.9084748418135197,0.04113864719454516
100,8,2.0,scurve,HT2,Agent,0.6368788200000001,9.11384854,0.31281999,8.89899231,0.7109514887174633,0.02385702758199916
100,8,2.0,scurve,HT2,Global,0.67847768,9.13707168,0.38197747,8.93594326,0.5744899548298592,0.022258236861825455
100,8,2.0,sharp,HM,Agent,0.40667505,0.58877229,0.51124125,0.75672011,-0.22882712869531452,-0.2509539447825358
100,8,2.0,sharp,HM,Global,0.45549929999999994,0.57753501,0.50824575,0.64642715,-0.1095709105208776,-0.11269144424621864
100,8,2.0,sharp,HT1,Agent,0.47354655,0.77834087,0.47569485,0.95933043,-0.004526358980654762,-0.20907100789587765
100,8,2.0,sharp,HT1,Global,0.47695529999999997,0.60161383,0.43076325,0.60351841,0.10186414056864633,-0.003160784389356434
100,8,2.0,sharp,HT2,Agent,0.39475125,0.5418632999999999,0.28053374999999997,0.45823436,0.34156178111146024,0.16763299931061182
100,8,2.0,sharp,HT2,Global,0.4715028,0.62169517,0.38090654999999995,0.51130803,0.21337097109887448,0.19547768519653533
100,8,2.0,zigzag,HM,Agent,0.71859652,11.911469239999999,0.7368860700000001,12.104261509999999,-0.025133262161655276,-0.01605584386759589
100,8,2.0,zigzag,HM,Global,0.7973876400000001,11.91467221,0.81104241,12.02094155,-0.016979411762115638,-0.008879658514548234
100,8,2.0,zigzag,HT1,Agent,0.71737492,12.19707716,0.40067239,11.981214379999999,0.5824544940600238,0.01785639115807891
100,8,2.0,zigzag,HT1,Global,0.8272039800000001,12.30518141,0.53458076,12.09136183,0.43656850162228056,0.017529127213011645
100,8,2.0,zigzag,HT2,Agent,0.73574204,12.194999809999999,0.43937998,12.035478009999999,0.5155149713804238,0.013167227319882005
100,8,2.0,zigzag,HT2,Global,0.82679277,12.26435899,0.56082001,12.083207999999999,0.38815406695846966,0.014880692828690298
100,8,2.5,random,HM,Agent,0.28927977,12.870399990000001,0.33647615000000003,17.164451,-0.151132987775231,-0.28791034233126506
100,8,2.5,random,HM,Global,0.29295311,14.688309019999998,0.33632298,18.14267983,-0.1380593861777283,-0.2112152916057398
100,8,2.5,random,HT1,Agent,1.05702977,67.16385815,1.27524922,78.49740468,-0.187678755067611,-0.15593028514007706
100,8,2.5,random,HT1,Global,1.15414781,73.40399959999999,1.2657733,78.75185699,-0.09232099495117363,-0.07032343365398215
100,8,2.5,random,HT2,Agent,0.6733320899999999,43.18483062999999,0.8470929700000001,52.768471129999995,-0.22957179731015015,-0.2004245839041924
100,8,2.5,random,HT2,Global,0.77385565,49.63413558,0.81914721,51.66015339,-0.056878453802199296,-0.0400079425284821
100,8,2.5,scurve,HM,Agent,0.48034372,8.83484306,0.58736548,9.00300953,-0.2011453186179361,-0.01885557148879524
100,8,2.5,scurve,HM,Global,0.5323298,8.8549475,0.59504538,8.94158905,-0.11137444946520245,-0.00973697711200394
100,8,2.5,scurve,HT1,Agent,0.71785192,9.19541471,0.32472236000000004,8.89050695,0.7932927679194224,0.03372088607806184
100,8,2.5,scurve,HT1,Global,0.76162798,9.22826935,0.37733717,8.93695041,0.7023190833598443,0.032077114683404344
100,8,2.5,scurve,HT2,Agent,0.50656768,9.02299616,0.23873448,8.83632266,0.7523059656519581,0.020905646018724945
100,8,2.5,scurve,HT2,Global,0.53180969,9.03973245,0.28715819,8.8676916,0.6162524511965466,0.019215063303133623
100,8,2.5,sharp,HM,Agent,0.22431861,0.78846858,0.33264947,0.7289718700000001,-0.39402188559839757,0.07845741363831345
100,8,2.5,sharp,HM,Global,0.2639617,0.62791694,0.33856565000000005,0.66431933,-0.24891400055342872,-0.05635505597238441
100,8,2.5,sharp,HT1,Agent,0.66067657,1.5417907800000001,0.73332796,1.7981330299999998,-0.10432860736006691,-0.15380433607485616
100,8,2.5,sharp,HT1,Global,0.50259841,0.9113101399999999,0.66867521,1.33516085,-0.28550699488719467,-0.3819237720661127
100,8,2.5,sharp,HT2,Agent,0.45218144000000005,1.11140029,0.30745871999999996,1.22003765,0.38574268088300073,-0.09326097612891535
100,8,2.5,sharp,HT2,Global,0.3917111,0.69832267,0.34010581,0.79097364,0.14126780320600393,-0.12458336842537558
100,8,2.5,zigzag,HM,Agent,0.34233883,11.64597066,0.41723453,11.79605943,-0.1978475081544248,-0.012805274997046806
100,8,2.5,zigzag,HM,Global,0.40127625,11.657086629999998,0.43606912999999997,11.689174009999999,-0.08315069296124136,-0.0027488256641398224
100,8,2.5,zigzag,HT1,Agent,0.61302489,12.04112928,0.41507232,11.87603192,0.3899527685922677,0.013805984830661996
100,8,2.5,zigzag,HT1,Global,0.68461729,12.15498379,0.50330149,11.98667377,0.3076706071619992,0.013943760621602195
100,8,2.5,zigzag,HT2,Agent,0.50601823,11.98031389,0.30423466,11.869523919999999,0.5087733847731863,0.009290693530315046
100,8,2.5,zigzag,HT2,Global,0.56429703,12.05226778,0.39098281,11.92061316,0.3669171669788102,0.010983739828559122
100,12,1.5,random,HM,Agent,0.61307694,26.311153370000003,0.77412956,32.67204477,-0.23324880783619575,-0.21652688047214771
100,12,1.5,random,HM,Global,0.6488690800000001,27.8873052,0.76457745,32.40615088,-0.16409235765945437,-0.1501766722300573
100,12,1.5,random,HT1,Agent,1.3022747899999998,55.04341548,1.5112722500000002,61.91137783,-0.14883927200464994,-0.11758172644859205
100,12,1.5,random,HT1,Global,1.39114617,58.6228097,1.5178616600000001,62.43976103,-0.08717455165589556,-0.06307840357133447
100,12,1.5,random,HT2,Agent,0.99396999,42.559423530000004,1.11633829,47.09629099,-0.11610220919368928,-0.1012929502993971
100,12,1.5,random,HT2,Global,1.08516244,46.34155559,1.13044743,47.70575736,-0.04088382003459755,-0.029013002486167446
100,12,1.5,scurve,HM,Agent,0.9891126,7.56512298,0.7973199599999999,7.46666922,0.21555212383165914,0.013099591395223717
100,12,1.5,scurve,HM,Global,1.0334901600000002,7.59577211,0.92239411,7.520440750000001,0.11372427461308829,0.009967044566940553
100,12,1.5,scurve,HT1,Agent,1.12370924,7.84315037,0.5254741700000001,7.38108383,0.7600892777938177,0.06072009829421047
100,12,1.5,scurve,HT1,Global,1.15535801,7.8596922099999995,0.6011561,7.42284392,0.6533109057072515,0.05718518526608729
100,12,1.5,scurve,HT2,Agent,1.14414407,7.889508439999999,0.8276331,7.66355829,0.3238421590868928,0.029057426656237353
100,12,1.5,scurve,HT2,Global,1.15624305,7.8952643799999995,0.86393172,7.679763349999999,0.2914375400943407,0.027674401281284646
100,12,1.5,sharp,HM,Agent,0.49781782,0.7259990999999999,0.57386361,0.7914255699999999,-0.14215756804283367,-0.08628706310544616
100,12,1.5,sharp,HM,Global,0.5477214,0.80044443,0.64228544,0.85958165,-0.15926605196055613,-0.07127870648820125
100,12,1.5,sharp,HT1,Agent,0.34815314,0.54906554,0.23739311999999999,0.35350889,0.3829249393166453,0.44030918154113
100,12,1.5,sharp,HT1,Global,0.42875380999999996,0.6731409100000001,0.33617216,0.52377092,0.24325947504475573,0.25090027049790287
100,12,1.5,sharp,HT2,Agent,0.43544052,0.71053994,0.34958951,0.53031,0.21959857070923375,0.2925634186751594
100,12,1.5,sharp,HT2,Global,0.49680877,0.8102107,0.39996042000000004,0.6498582399999999,0.21683959123041524,0.22054009050062928
100,12,1.5,zigzag,HM,Agent,1.10942516,8.59407347,1.0064363299999999,8.79649937,0.09742630202827897,-0.023281009173640295
100,12,1.5,zigzag,HM,Global,1.19045491,8.63183472,1.15029015,8.8179547,0.034321296485411795,-0.021332869289371063
100,12,1.5,zigzag,HT1,Agent,0.7959798499999999,8.6655017,0.54643819,8.4744897,0.37615267178884676,0.022289382023233998
100,12,1.5,zigzag,HT1,Global,0.8691199199999999,8.73652847,0.63452357,8.5357469,0.3146066796184671,0.023250047864196315
100,12,1.5,zigzag,HT2,Agent,1.0601820100000001,8.81372866,0.84417857,8.66880636,0.2278318318668975,0.01657947425740464
100,12,1.5,zigzag,HT2,Global,1.11405191,8.85788767,0.8983898100000001,8.672100440000001,0.21515495627374143,0.02119729749491734
100,12,2.0,random,HM,Agent,0.3499155,13.54086753,0.475424,19.82459889,-0.3065153406914809,-0.3812111977103373
100,12,2.0,random,HM,Global,0.3770664,15.312402030000001,0.47104630000000003,19.670523680000002,-0.2225350914109728,-0.2504581650871016
100,12,2.0,random,HT1,Agent,1.1042327,46.854004759999995,1.3471444,55.13417083,-0.1988363882407735,-0.1627331986922815
100,12,2.0,random,HT1,Global,1.1958663,50.66899473,1.3309786,54.88666851,-0.1070436011650887,-0.079956307045543
100,12,2.0,random,HT2,Agent,0.7523420000000001,32.2430766,0.9080285,38.059643099999995,-0.18808475797439664,-0.16585114339987042
100,12,2.0,random,HT2,Global,0.8451492,36.15004473,0.8933669999999999,37.602971440000005,-0.055484290875627715,-0.039404888984495984
100,12,2.0,scurve,HM,Agent,0.46156988,7.21554774,0.49841131,7.33003186,-0.07679219806703778,-0.01574175622604648
100,12,2.0,scurve,HM,Global,0.5049264499999999,7.24115417,0.52817835,7.2836965199999995,-0.04502123565701877,-0.005857887638332063
100,12,2.0,scurve,HT1,Agent,0.57322967,7.466914900000001,0.20548358,7.1456159,1.0259203285845906,0.04398290736920808
100,12,2.0,scurve,HT1,Global,0.62215961,7.49480494,0.26983264,7.18676285,0.8353947525791511,0.04196926500182977
100,12,2.0,scurve,HT2,Agent,0.45050689,7.3548903900000004,0.23323429,7.17711947,0.6583298862158604,0.02446733661472996
100,12,2.0,scurve,HT2,Global,0.48222512,7.37126029,0.2846399,7.20448576,0.5271861863602693,0.022884840049192452
100,12,2.0,sharp,HM,Agent,0.298454,0.43623596,0.4039138,0.5915482999999999,-0.30258567175383955,-0.30456004727178765
100,12,2.0,sharp,HM,Global,0.32382599999999995,0.45262593,0.38538290000000003,0.49892336,-0.17403105101041016,-0.09738647401673031
100,12,2.0,sharp,HT1,Agent,0.39024030000000004,0.5818631599999999,0.3928638,0.6345472,-0.006700283691274105,-0.08667637385917829
100,12,2.0,sharp,HT1,Global,0.3326409,0.46120102,0.3207751,0.44728561,0.03632327520772232,0.03063666089559658
100,12,2.0,sharp,HT2,Agent,0.274673,0.4146304,0.1947882,0.33097883000000006,0.3436684848029187,0.2253331053713547
100,12,2.0,sharp,HT2,Global,0.3150193,0.47846364999999996,0.2544162,0.39135216,0.21366239810616988,0.20097242185353933
100,12,2.0,zigzag,HM,Agent,0.49535229000000003,8.210156399999999,0.47117877999999996,8.33927131,0.050031609034735525,-0.015603866429754878
100,12,2.0,zigzag,HM,Global,0.55230974,8.22235248,0.5455158999999999,8.28516808,0.012377059675372747,-0.007610580034259278
100,12,2.0,zigzag,HT1,Agent,0.45534652000000003,8.40727028,0.27879943,8.27161739,0.49056607710384886,0.016266777966040178
100,12,2.0,zigzag,HT1,Global,0.53527083,8.49050518,0.36842906,8.34839421,0.37352466018623925,0.016879291308516998
100,12,2.0,zigzag,HT2,Agent,0.47335834,8.41184915,0.30645001,8.30620309,0.4347980489541139,0.012638729055572886
100,12,2.0,zigzag,HT2,Global,0.54099754,8.46477973,0.39022914999999997,8.34280047,0.3266806010231536,0.014515046206167672
100,12,2.5,random,HM,Agent,0.21912889,9.12099016,0.28329683,9.68052769,-0.25683512171391404,-0.05953804486407103
100,12,2.5,random,HM,Global,0.22088214999999997,8.128623189999999,0.28002099,10.04647816,-0.2372352632786522,-0.2118305813536927
100,12,2.5,random,HT1,Agent,0.95729788,40.6160255,1.2058821899999999,49.20072996,-0.23085207856025597,-0.19174575449727457
100,12,2.5,random,HT1,Global,1.05504885,44.827117099999995,1.18358474,48.947826379999995,-0.11496067941799136,-0.08794171437153914
100,12,2.5,random,HT2,Agent,0.56862629,24.33430414,0.73442284,30.588628210000003,-0.25586150452248085,-0.22874126491484545
100,12,2.5,random,HT2,Global,0.66135109,28.269957840000004,0.70435543,29.64834281,-0.06299825229741901,-0.04760655177398438
100,12,2.5,scurve,HM,Agent,0.32915588,7.14818245,0.40550919999999996,7.27573373,-0.20861212338757687,-0.017686542735578032
100,12,2.5,scurve,HM,Global,0.36379227000000003,7.1748340399999995,0.40859744,7.22406523,-0.11614739914790784,-0.006838214632808673
100,12,2.5,scurve,HT1,Agent,0.49716035,7.43082448,0.22317177000000002,7.1775358,0.8009708658623226,0.034680698116213264
100,12,2.5,scurve,HT1,Global,0.53521467,7.45325074,0.26807357,7.2127820499999995,0.6914064609883623,0.032795541373194084
100,12,2.5,scurve,HT2,Agent,0.34277824,7.2774485,0.16568045,7.125923330000001,0.7270227742998224,0.021041012072553034
100,12,2.5,scurve,HT2,Global,0.36471358000000004,7.28789633,0.20432444,7.14976037,0.5794032105390817,0.019136093644493715
100,12,2.5,sharp,HM,Agent,0.18308588,0.49592861,0.2948017,0.57623366,-0.4763475945430192,-0.15008125324626415
100,12,2.5,sharp,HM,Global,0.2146436,0.43553213999999996,0.28843523,0.49610563999999996,-0.29549157643047413,-0.1302202941189749
100,12,2.5,sharp,HT1,Agent,0.54579353,1.0812480100000001,0.55616747,1.1789435400000001,-0.0188286998884793,-0.08650279356802193
100,12,2.5,sharp,HT1,Global,0.44353303,0.71815131,0.55042717,0.90111779,-0.21592237476215947,-0.2269556965753929
100,12,2.5,sharp,HT2,Agent,0.38257367999999997,0.8149654099999999,0.2297148,0.8569231700000001,0.5100827226802231,-0.05020259401493077
100,12,2.5,sharp,HT2,Global,0.32752367,0.56755976,0.256154,0.60458178,0.2457815011593957,-0.06319089848816763
100,12,2.5,zigzag,HM,Agent,0.23811941,8.01730396,0.25424673999999997,8.12541438,-0.06553294228109602,-0.013394526756785749
100,12,2.5,zigzag,HM,Global,0.27941963000000003,8.03691299,0.29834697,8.05819014,-0.06554243600933897,-0.0026439299236211775
100,12,2.5,zigzag,HT1,Agent,0.38492486,8.30367497,0.2770045,8.19859121,0.3290143948659541,0.01273584842810803
100,12,2.5,zigzag,HT1,Global,0.43753667,8.38455983,0.33272967000000003,8.27102476,0.2738301609389468,0.01363348466848263
100,12,2.5,zigzag,HT2,Agent,0.32084586000000004,8.26158,0.2079047,8.19059236,0.4338810192564313,0.008629630055731132
100,12,2.5,zigzag,HT2,Global,0.36477714999999994,8.31401377,0.26457626,8.22895124,0.3211570918538219,0.010283921851366624
500,4,1.5,random,HM,Agent,1.115062,139.94107222,1.21549414,151.62568692000002,-0.08624068495380176,-0.08019347635502443
500,4,1.5,random,HM,Global,1.16049951,145.33506301,1.21296897,151.4312083,-0.04422052393061223,-0.04108959514601944
500,4,1.5,random,HT1,Agent,1.6278001800000002,201.64713057,1.74313225,212.40078988000002,-0.0684541180983184,-0.05195571672965266
500,4,1.5,random,HT1,Global,1.70468603,210.7297421,1.75773207,215.47999642,-0.030643434353802085,-0.02229161183082316
500,4,1.5,random,HT2,Agent,1.4302463399999998,178.52828512,1.5432038,191.42019106,-0.07601394985206618,-0.06972391616433353
500,4,1.5,random,HT2,Global,1.5227281300000002,188.98927758000002,1.55723715,192.42679376,-0.022409644934652275,-0.018025508173247034
500,4,1.5,scurve,HM,Agent,2.22773973,11.92350204,1.4824614600000001,11.57291426,0.40728364254301525,0.029844023574852323
500,4,1.5,scurve,HM,Global,2.29522525,11.95514491,1.73697226,11.63794504,0.2786874697763248,0.026890838362566262
500,4,1.5,scurve,HT1,Agent,2.0629318,12.06315485,0.96738352,11.46866417,0.7572884289810662,0.05053729186233526
500,4,1.5,scurve,HT1,Global,2.13465017,12.10581528,1.0460378799999999,11.51504265,0.7132931993178324,0.05003170167328919
500,4,1.5,scurve,HT2,Agent,2.7980996800000004,12.56176428,1.75504756,12.00517854,0.46644454478972786,0.045319517628954475
500,4,1.5,scurve,HT2,Global,2.8332348,12.58186321,1.8059953100000001,12.0258206,0.4503072396606604,0.04520029438053066
500,4,1.5,sharp,HM,Agent,1.36245562,1.2178239100000001,1.51986782,2.0039599999999997,-0.10933469600288022,-0.49805963717816876
500,4,1.5,sharp,HM,Global,1.50796331,1.34830424,1.6112178499999998,2.10803896,-0.06623038256884614,-0.44691042812807935
500,4,1.5,sharp,HT1,Agent,1.0149698,1.02361898,0.6919507899999999,0.75253049,0.3830992969663791,0.3076581324384873
500,4,1.5,sharp,HT1,Global,1.21029363,1.22480274,0.99340758,1.0132523500000001,0.19747724556829538,0.189614496665501
500,4,1.5,sharp,HT2,Agent,1.29158751,1.29356852,1.00314263,1.06159717,0.2527343874190162,0.19763015555121666
500,4,1.5,sharp,HT2,Global,1.4808189200000001,1.4827053900000002,1.19118628,1.1954267,0.21764557454873837,0.21536519251677794
500,4,1.5,zigzag,HM,Agent,2.86484425,27.10704981,2.51417808,27.687243830000003,0.13056804270568773,-0.02117796092757171
500,4,1.5,zigzag,HM,Global,3.06864747,27.19924099,2.7915139,27.84681169,0.09465283584693436,-0.023529410178511692
500,4,1.5,zigzag,HT1,Agent,2.39628905,27.1940601,1.4911058099999999,26.58979995,0.47440331248181333,0.022470889055836267
500,4,1.5,zigzag,HT1,Global,2.5458648,27.4601474,1.76850843,26.73314428,0.36433389941516375,0.02683161377423379
500,4,1.5,zigzag,HT2,Agent,3.03173054,27.918208789999998,2.31340709,27.08393066,0.270412223171465,0.030338533313198506
500,4,1.5,zigzag,HT2,Global,3.10943765,28.08398123,2.46947926,27.07638133,0.2304345874035076,0.03653754056515234
500,4,2.0,random,HM,Agent,0.70039326,85.86575959,0.78212496,96.98528381,-0.11037254588294133,-0.12177411196955124
500,4,2.0,random,HM,Global,0.74610714,92.41848691999999,0.7862545799999999,97.58901323,-0.05241142392247593,-0.05443788419078495
500,4,2.0,random,HT1,Agent,1.39299576,174.36467023,1.52775906,188.82602727000003,-0.09234534406228952,-0.07967718851649074
500,4,2.0,random,HT1,Global,1.48456422,185.70833797,1.5508218,192.20792017,-0.04366370933360551,-0.03440033608154845
500,4,2.0,random,HT2,Agent,1.11909288,140.43261923,1.2798144,158.79234139,-0.13419663885178815,-0.12286952432223745
500,4,2.0,random,HT2,Global,1.22538288,153.7111572,1.27416138,158.44151758,-0.039034870763732306,-0.03031031229971808
500,4,2.0,scurve,HM,Agent,1.09185823,11.25421569,1.08251165,11.27580583,0.008597099925953767,-0.0019165668873974868
500,4,2.0,scurve,HM,Global,1.18510048,11.25149842,1.1774006300000002,11.25842279,0.006518411552125405,-0.0006152282945647363
500,4,2.0,scurve,HT1,Agent,1.11954778,11.4733586,0.31815909000000003,11.02529857,1.2581285741965904,0.039835202175517774
500,4,2.0,scurve,HT1,Global,1.19917102,11.524840099999999,0.40201935,11.07718713,1.0928855585966828,0.03961693464457345
500,4,2.0,scurve,HT2,Agent,1.24392532,11.559544579999999,0.3916545,11.10904574,1.1556471657449103,0.03975175830099788
500,4,2.0,scurve,HT2,Global,1.30258568,11.59420402,0.46480998999999995,11.1474205,1.0304778542320074,0.039297193945465075
500,4,2.0,sharp,HM,Agent,0.66771834,0.6768668800000001,0.76544082,1.0216094900000001,-0.13658546524875725,-0.4116599726484801
500,4,2.0,sharp,HM,Global,0.77110146,0.69735606,0.7885169999999999,0.75146086,-0.022334005858424464,-0.074722998527211
500,4,2.0,sharp,HT1,Agent,0.74967618,1.05193643,0.6441465599999999,1.8773889499999998,0.15171507544292748,-0.5792492703708894
500,4,2.0,sharp,HT1,Global,0.86120988,0.80404668,0.74102994,0.7553958299999999,0.1502972084504117,0.062415437186109944
500,4,2.0,sharp,HT2,Agent,0.7024068,0.67966848,0.48683424000000003,0.5458801600000001,0.36658902783358904,0.21920568540270202
500,4,2.0,sharp,HT2,Global,0.88277688,0.8756708500000001,0.7310757,0.72601707,0.18855547348256904,0.1874167513734645
500,4,2.0,zigzag,HM,Agent,1.2113133,26.009191129999998,1.2542070699999999,26.34204094,-0.03479841325112632,-0.012716197194380772
500,4,2.0,zigzag,HM,Global,1.3488733300000002,26.02354722,1.30659053,26.315891649999998,0.031848578052752326,-0.011171211483699593
500,4,2.0,zigzag,HT1,Agent,1.34123986,26.41168545,0.7049926499999999,26.027399730000003,0.6431623565784871,0.014656724006415833
500,4,2.0,zigzag,HT1,Global,1.54002237,26.63422986,0.9969412900000001,26.23330412,0.43486033970822874,0.015167472206162907
500,4,2.0,zigzag,HT2,Agent,1.3839930599999999,26.4320348,0.8008413299999999,26.13732401,0.5470652841558499,0.011212382429258915
500,4,2.0,zigzag,HT2,Global,1.54361245,26.5744648,1.05529458,26.23640543,0.38030546550839794,0.012802818290442091
500,4,2.5,random,HM,Agent,0.40615327,37.69178942,0.42975228,46.99231098,-0.056478348981848926,-0.22054170868956308
500,4,2.5,random,HM,Global,0.41453284,47.02270087,0.43127592,49.91184822,-0.0395958714646983,-0.05962793151330356
500,4,2.5,random,HT1,Agent,1.20327524,153.08538251,1.36005094,169.85581569000001,-0.1224749494258622,-0.10395411281526941
500,4,2.5,random,HT1,Global,1.31064786,166.55184153000002,1.3862199000000002,174.05137345,-0.05605898160949664,-0.04404388385114823
500,4,2.5,random,HT2,Agent,0.8364004300000001,106.40430843,1.02614843,127.95932836,-0.2044602022207753,-0.1844663973888914
500,4,2.5,random,HT2,Global,0.95561106,121.39840139,1.00423702,126.04948712,-0.049632358822440825,-0.03759687434730163
500,4,2.5,scurve,HM,Agent,0.7411933999999999,11.06133725,1.02672285,11.18327689,-0.32586571993584307,-0.010963630177703796
500,4,2.5,scurve,HM,Global,0.82488189,11.034061939999999,0.9596155000000001,11.141960240000001,-0.15129247094923068,-0.009731154720054003
500,4,2.5,scurve,HT1,Agent,1.0973165900000001,11.43538051,0.54876115,11.07493321,0.6929597317211814,0.032027817615175515
500,4,2.5,scurve,HT1,Global,1.13984643,11.47484928,0.58906775,11.11618655,0.6601076192843894,0.03175532736451769
500,4,2.5,scurve,HT2,Agent,0.9482248799999999,11.354942309999998,0.36189182000000003,11.00536988,0.9632463619285597,0.031269770372565876
500,4,2.5,scurve,HT2,Global,0.98158384,11.38103118,0.40980130000000003,11.035989039999999,0.8734950222645725,0.030786374708709364
500,4,2.5,sharp,HM,Agent,0.28273339,1.36410278,0.37976835999999997,1.08252344,-0.2950571191074894,0.23120207424886735
500,4,2.5,sharp,HM,Global,0.38073679,1.05606156,0.39926804,0.9945665499999999,-0.047524674303828306,0.059994743917253256
500,4,2.5,sharp,HT1,Agent,0.77201427,2.39893375,0.7927245399999999,3.41966519,-0.026472762541107225,-0.3545182808183656
500,4,2.5,sharp,HT1,Global,0.71180115,0.9216871999999999,0.79616335,1.7933397300000002,-0.11200578966164534,-0.6656290278746808
500,4,2.5,sharp,HT2,Agent,0.56825858,1.7552365699999999,0.43438905,2.22417888,0.2686360004870864,-0.23678415925432986
500,4,2.5,sharp,HT2,Global,0.59766359,0.80311712,0.5476553599999999,1.17667236,0.08738185313203141,-0.3819451434121412
500,4,2.5,zigzag,HM,Agent,0.53099601,25.5569902,0.7376539099999999,25.67889885,-0.32872025087693746,-0.004758729957351349
500,4,2.5,zigzag,HM,Global,0.6277519699999999,25.591094480000002,0.7002118199999999,25.652223479999996,-0.10923775304453298,-0.002385834150874923
500,4,2.5,zigzag,HT1,Agent,1.15593515,26.112695789999997,0.7719783,25.818391150000004,0.40370850822139354,0.011334551543671571
500,4,2.5,zigzag,HT1,Global,1.27320854,26.305403150000004,0.9483545200000001,26.01787054,0.29456700430228233,0.010990730667988448
500,4,2.5,zigzag,HT2,Agent,0.93478825,26.01855704,0.53172402,25.823369330000002,0.564195437711177,0.007530145809719216
500,4,2.5,zigzag,HT2,Global,1.0337680999999999,26.140594179999997,0.71608336,25.932327049999998,0.36716917048870723,0.007999099554523308
500,8,1.5,random,HM,Agent,0.7578198399999999,47.825589120000004,0.9069164399999999,56.68493609,-0.17960463868475318,-0.16994766451611898
500,8,1.5,random,HM,Global,0.79775573,50.3311061,0.89922472,56.3198444,-0.11973052203085106,-0.11242365156298463
500,8,1.5,random,HT1,Agent,1.42370397,89.26033692000001,1.60144404,98.17671725,-0.11764384207244279,-0.0952118582499747
500,8,1.5,random,HT1,Global,1.5077148500000002,94.37424611,1.60752919,99.11410767,-0.06410317540241252,-0.04900356982643449
500,8,1.5,random,HT2,Agent,1.1343870200000001,71.57354705,1.26916671,79.10978565,-0.11226811670401746,-0.10011102841874929
500,8,1.5,random,HT2,Global,1.22841176,77.35068333,1.27880491,79.76819115,-0.04020389476568865,-0.030775406608050244
500,8,1.5,scurve,HM,Agent,1.37311929,9.39391109,1.05228983,9.24540902,0.26611642557668014,0.015934616854614267
500,8,1.5,scurve,HM,Global,1.43463661,9.39724471,1.26510678,9.31640225,0.1257550540088396,0.008640000858950768
500,8,1.5,scurve,HT1,Agent,1.4325513799999998,9.645731640000001,0.6586989,9.119845699999999,0.776945789621144,0.05606261531792078
500,8,1.5,scurve,HT1,Global,1.48086173,9.6727046,0.75042224,9.171796669999999,0.6797434125369134,0.0531747639280083
500,8,1.5,scurve,HT2,Agent,1.46795221,9.72447037,1.08321117,9.47497862,0.30393844000539244,0.025990932851529383
500,8,1.5,scurve,HT2,Global,1.496591,9.73976936,1.13254432,9.49774691,0.2787231427479944,0.025162834593171833
500,8,1.5,sharp,HM,Agent,0.7161220699999999,0.90236254,0.86301045,1.10929659,-0.1865761586765866,-0.20646502237190717
500,8,1.5,sharp,HM,Global,0.7892528,0.99723186,0.9069896300000001,1.12733332,-0.1390443416495456,-0.12262692836558123
500,8,1.5,sharp,HT1,Agent,0.49420559,0.6907983600000001,0.3395296,0.45926018,0.37539047446262874,0.4082310817851444
500,8,1.5,sharp,HT1,Global,0.5939706499999999,0.82575664,0.48176209,0.6653284100000001,0.20937950438375372,0.21601933703693688
500,8,1.5,sharp,HT2,Agent,0.64026889,0.89759153,0.50595409,0.66765137,0.23544229479851553,0.2959489623481932
500,8,1.5,sharp,HT2,Global,0.7315653799999999,1.02396398,0.58556741,0.8190240400000001,0.22260528568058544,0.22332319290788538
500,8,1.5,zigzag,HM,Agent,1.62318966,12.44324259,1.49722813,12.75459748,0.08077765409944838,-0.024714081569679792
500,8,1.5,zigzag,HM,Global,1.7431931299999999,12.49749119,1.71791451,12.794727499999999,0.014607502638993486,-0.023505252638818128
500,8,1.5,zigzag,HT1,Agent,1.2347088800000001,12.54178053,0.78306581,12.239441609999998,0.4553737555880752,0.02440185721819234
500,8,1.5,zigzag,HT1,Global,1.33091241,12.638176920000001,0.91866552,12.32280642,0.37069791328739743,0.02527042130829347
500,8,1.5,zigzag,HT2,Agent,1.59437227,12.74387019,1.21303224,12.50761029,0.2733568893036494,0.018713104335401996
500,8,1.5,zigzag,HT2,Global,1.6626564300000002,12.80912381,1.2923660799999999,12.515961420000002,0.2519418734750355,0.023152971314800444
500,8,2.0,random,HM,Agent,0.43398396,26.394700349999997,0.56783697,35.32736648,-0.26882677798173,-0.2914946722934738
500,8,2.0,random,HM,Global,0.46932279,29.15914052,0.55814625,34.821376380000004,-0.17333024150523402,-0.1774630299074496
500,8,2.0,random,HT1,Agent,1.2105966,75.99705850000001,1.42326537,87.15084757000001,-0.16184049207105666,-0.13694586174474233
500,8,2.0,random,HT1,Global,1.30377903,81.82762677,1.41486906,87.18886114000001,-0.08176999608712579,-0.06346166137194928
500,8,2.0,random,HT2,Agent,0.8574301200000001,54.04278424,1.03536027,63.942006410000005,-0.18856504907976804,-0.1682004891134968
500,8,2.0,random,HT2,Global,0.95951328,60.44471275,1.01638929,63.11576285,-0.0575855583064856,-0.043241437410428706
500,8,2.0,scurve,HM,Agent,0.65510134,8.92428003,0.69869827,9.08456058,-0.06442904830345557,-0.017800677535188686
500,8,2.0,scurve,HM,Global,0.71961251,8.971771350000001,0.7495476499999999,9.05748685,-0.04075700465553672,-0.009508560459057826
500,8,2.0,scurve,HT1,Agent,0.77546694,9.21277053,0.2421589,8.82945473,1.1638712288950825,0.042497361892996056
500,8,2.0,scurve,HT1,Global,0.84302976,9.251916529999999,0.32744497,8.883884759999999,0.9456822494475967,0.04059178818172889
500,8,2.0,scurve,HT2,Agent,0.57220249,9.06265281,0.28547423,8.86789747,0.6953411699067277,0.021724151939729843
500,8,2.0,scurve,HT2,Global,0.6160737199999999,9.08643612,0.35622813999999997,8.90707744,0.5477952634010111,0.01993658660748437
500,8,2.0,sharp,HM,Agent,0.39154869,0.47028534,0.48774438000000003,0.72381861,-0.21968158162666618,-0.431201205449069
500,8,2.0,sharp,HM,Global,0.43487925,0.5098014,0.46989834,0.53217041,-0.07744796708840024,-0.04294251948594779
500,8,2.0,sharp,HT1,Agent,0.45612657,0.70217315,0.47156447999999995,0.92487415,-0.033285510970907276,-0.2754776481684227
500,8,2.0,sharp,HT1,Global,0.43536312000000005,0.54737775,0.39143954999999997,0.50242609,0.10634934411343219,0.08569060454890022
500,8,2.0,sharp,HT2,Agent,0.34792473,0.46528516000000003,0.2399487,0.3390162,0.37156101278209525,0.3166025710906131
500,8,2.0,sharp,HT2,Global,0.43109124,0.59468075,0.35281185,0.4849946,0.20038484943135806,0.20388695007195837
500,8,2.0,zigzag,HM,Agent,0.7196962100000001,11.90648276,0.72988056,12.09433401,-0.014051711900648436,-0.015654057764464806
500,8,2.0,zigzag,HM,Global,0.7995401699999999,11.90940691,0.80724199,12.029178260000002,-0.009586712098241157,-0.010006635610867235
500,8,2.0,zigzag,HT1,Agent,0.68938997,12.16811941,0.3613881,11.95302302,0.6458546549819869,0.017835149583603563
500,8,2.0,zigzag,HT1,Global,0.8010456,12.27000939,0.50899448,12.06035803,0.45348070258892126,0.017234145748972023
500,8,2.0,zigzag,HT2,Agent,0.71610564,12.16908833,0.41479907,11.9975056,0.5460334636683513,0.014200231422193833
500,8,2.0,zigzag,HT2,Global,0.81026679,12.23706684,0.54331366,12.05614482,0.3996767679181475,0.01489513758359049
500,8,2.5,random,HM,Agent,0.24980920999999998,8.90445371,0.28938124000000004,14.85480108,-0.14704752181549735,-0.5117715496221296
500,8,2.5,random,HM,Global,0.2514193,12.77763485,0.28968412,16.49528983,-0.14166902464970565,-0.25537850999290757
500,8,2.5,random,HT1,Agent,1.0345543000000001,66.19226093,1.27398287,78.90535345,-0.2081774052685649,-0.17568552489891331
500,8,2.5,random,HT1,Global,1.13519324,72.46488415,1.25234659,78.25914961000001,-0.0982161714931413,-0.0769236625376689
500,8,2.5,random,HT2,Agent,0.6370649500000001,40.98684895,0.83069119,51.94348973,-0.26538650057761465,-0.23690513376060157
500,8,2.5,random,HT2,Global,0.73939084,47.405917689999995,0.7936006299999999,50.0275126,-0.07075369181840566,-0.05382603940599047
500,8,2.5,scurve,HM,Agent,0.44955222999999994,8.84208832,0.56439359,9.0255516,-0.22749981978613568,-0.020536537420314645
500,8,2.5,scurve,HM,Global,0.5034032700000001,8.8503918,0.5718287200000001,8.96681584,-0.1274479274705965,-0.013068905006187816
500,8,2.5,scurve,HT1,Agent,0.69252573,9.18665692,0.30520454999999996,8.885592410000001,0.8193631850498563,0.03332096183951764
500,8,2.5,scurve,HT1,Global,0.73587934,9.21799158,0.35491434,8.93048464,0.7291897004875602,0.03168651645522314
500,8,2.5,scurve,HT2,Agent,0.45092359000000004,8.99067368,0.21113441000000002,8.82256481,0.7588029567589274,0.018875159741468604
500,8,2.5,scurve,HT2,Global,0.4736309,9.0054564,0.26235077,8.85550613,0.5907459012349745,0.016791233158015374
500,8,2.5,sharp,HM,Agent,0.20409344000000001,0.70154944,0.32034672999999997,0.64278741,-0.4508260122555169,0.08747732712109411
500,8,2.5,sharp,HM,Global,0.27124077,0.59543803,0.32009938,0.62762558,-0.16562463345327497,-0.052646458904726266
500,8,2.5,sharp,HT1,Agent,0.6709232900000001,1.4828358,0.7476906200000001,1.7783839499999998,-0.10833447425992065,-0.1817487231455984
500,8,2.5,sharp,HT1,Global,0.45654839,0.7417333700000001,0.62953536,1.1830118299999999,-0.32128732686380396,-0.46682902496160095
500,8,2.5,sharp,HT2,Agent,0.39437616,1.04613175,0.23904318,1.19650799,0.5006609695852509,-0.1343079924203925
500,8,2.5,sharp,HT2,Global,0.35117956,0.5868015400000001,0.30004805,0.7160605800000001,0.15735503111411195,-0.1990781016511312
500,8,2.5,zigzag,HM,Agent,0.31829248,11.6750608,0.39214621,11.77354712,-0.2086640464444048,-0.008400234203001037
500,8,2.5,zigzag,HM,Global,0.38429027,11.66363611,0.41238203,11.699158950000001,-0.07055199850472726,-0.003040977527191188
500,8,2.5,zigzag,HT1,Agent,0.58247157,12.02177665,0.38327223,11.85284857,0.4185348573981532,0.01415150165771468
500,8,2.5,zigzag,HT1,Global,0.6552475099999999,12.120411650000001,0.46254021,11.958874940000001,0.34827954840607783,0.013417269049951072
500,8,2.5,zigzag,HT2,Agent,0.47226329,11.96846,0.26332268,11.8447992,0.5841564475812501,0.010385971155852596
500,8,2.5,zigzag,HT2,Global,0.53262551,12.02904636,0.35720947000000003,11.905827369999999,0.399496208932294,0.010296279809942206
500,12,1.5,random,HM,Agent,0.5845211,24.90849092,0.7604720399999999,31.823365439999996,-0.2631464662468189,-0.24499203609832865
500,12,1.5,random,HM,Global,0.61910611,26.378654219999998,0.75223088,31.55214603,-0.19476661846364465,-0.17908647581742473
500,12,1.5,random,HT1,Agent,1.27524787,54.1009447,1.4930234000000002,61.40325866999999,-0.1576626240167865,-0.1266112587389044
500,12,1.5,random,HT1,Global,1.3619510099999999,57.69034707,1.49345371,61.81067733,-0.09217312596760396,-0.06898625749897588
500,12,1.5,random,HT2,Agent,0.9618716,41.082381850000004,1.09575179,46.087421539999994,-0.13031500305782384,-0.11496069699615852
500,12,1.5,random,HT2,Global,1.05232206,44.89248411,1.10587417,46.5722336,-0.04963691813579492,-0.03673412907438662
500,12,1.5,scurve,HM,Agent,0.98502031,7.565887320000001,0.7877916500000001,7.43510725,0.22342860890505678,0.01743662833293611
500,12,1.5,scurve,HM,Global,1.02913277,7.58604021,0.9168452600000001,7.4996397,0.11553304358663723,0.011454764418003752
500,12,1.5,scurve,HT1,Agent,1.1119078199999999,7.82559634,0.52037691,7.36566213,0.7592791997526555,0.06057099499312336
500,12,1.5,scurve,HT1,Global,1.14417949,7.84278563,0.59659069,7.40826475,0.6512117896225201,0.05699784610745838
500,12,1.5,scurve,HT2,Agent,1.11771146,7.85807155,0.82062228,7.64619056,0.30897560403280655,0.027333668666015724
500,12,1.5,scurve,HT2,Global,1.12966213,7.864011799999999,0.85772774,7.66454171,0.27538713721276814,0.025692162770437506
500,12,1.5,sharp,HM,Agent,0.4897631,0.73328611,0.56420262,0.80497467,-0.14149163749255722,-0.09327485793471836
500,12,1.5,sharp,HM,Global,0.53903594,0.80857722,0.63583661,0.83946108,-0.16515938009799525,-0.037483929853335936
500,12,1.5,sharp,HT1,Agent,0.31413662,0.53024328,0.21775651,0.34819100999999997,0.366450474866827,0.42058471159149086
500,12,1.5,sharp,HT1,Global,0.38072942,0.63719503,0.30438635,0.50784194,0.2237911564304059,0.22690552082500695
500,12,1.5,sharp,HT2,Agent,0.41045901,0.6994962499999999,0.3324904,0.52373601,0.210665082571324,0.28937267345663
500,12,1.5,sharp,HT2,Global,0.46835796,0.79595901,0.37900128,0.64356083,0.21169329296172873,0.21253113706055646
500,12,1.5,zigzag,HM,Agent,1.10710848,8.59265034,1.0042641,8.80860706,0.09749660901799684,-0.02482209223761886
500,12,1.5,zigzag,HM,Global,1.18796498,8.63651924,1.15465383,8.82966955,0.02844115762674716,-0.022117954456511765
500,12,1.5,zigzag,HT1,Agent,0.78554277,8.6450965,0.53567367,8.447165640000001,0.382849754573686,0.023161323712786865
500,12,1.5,zigzag,HT1,Global,0.8569391000000001,8.71242277,0.62424217,8.51024476,0.31682846819957095,0.02347920814309865
500,12,1.5,zigzag,HT2,Agent,1.04344853,8.78653611,0.82860901,8.63590173,0.23053799756453644,0.017292428880965466
500,12,1.5,zigzag,HT2,Global,1.09707284,8.83292331,0.8817011499999999,8.64464413,0.21854769095098975,0.021546072058087413
500,12,2.0,random,HM,Agent,0.32195326,13.14692734,0.4773168,19.913540270000002,-0.3937740416522445,-0.41521184696754915
500,12,2.0,random,HM,Global,0.35096736,14.727510870000001,0.46064752,19.37329793,-0.2719399241545978,-0.2741784901178248
500,12,2.0,random,HT1,Agent,1.07729106,45.857198509999996,1.33708622,54.93092644,-0.2160431713400155,-0.18054432535386652
500,12,2.0,random,HT1,Global,1.16935758,49.70591391,1.31244746,54.31418929,-0.11543916311755864,-0.0886615875184714
500,12,2.0,random,HT2,Agent,0.716033,30.647401610000003,0.8879445,37.15447108,-0.21518298575492623,-0.19253623340236542
500,12,2.0,random,HT2,Global,0.80955876,34.62409966,0.865785,36.38795826,-0.06714725133987347,-0.04968794130755092
500,12,2.0,scurve,HM,Agent,0.45093057000000003,7.21407606,0.49073305,7.3092275099999995,-0.08458691272239026,-0.01310346657739094
500,12,2.0,scurve,HM,Global,0.49549565,7.22362882,0.52134661,7.2955092100000005,-0.050856524144385656,-0.009901548854665546
500,12,2.0,scurve,HT1,Agent,0.54966211,7.43933212,0.18442896,7.1194349599999995,1.0920393953014875,0.04395271327414807
500,12,2.0,scurve,HT1,Global,0.60045194,7.46851995,0.25110615,7.16246306,0.8718068469138447,0.041842922373307105
500,12,2.0,scurve,HT2,Agent,0.40761097999999996,7.306626240000001,0.21244338,7.14491052,0.6516377333581008,0.022381352689238968
500,12,2.0,scurve,HT2,Global,0.43988047,7.3232921399999995,0.26650422,7.17629039,0.5011129525380439,0.02027738199785927
500,12,2.0,sharp,HM,Agent,0.29160402,0.37911957,0.38646506,0.6102835799999999,-0.28164467685842054,-0.47607209093442976
500,12,2.0,sharp,HM,Global,0.30858322,0.40864731,0.37016242,0.44525796,-0.181950318435031,-0.08580133831654119
500,12,2.0,sharp,HT1,Agent,0.39033972,0.5316056100000001,0.40642698000000005,0.60605358,-0.0403868449765363,-0.13106651817163703
500,12,2.0,sharp,HT1,Global,0.29817052,0.41822257,0.28984212,0.37628788,0.028329176677643418,0.10565926619458728
500,12,2.0,sharp,HT2,Agent,0.23137988,0.35918496,0.15693858,0.25545305,0.38820634335868726,0.3407988293076246
500,12,2.0,sharp,HT2,Global,0.27477286,0.45393501,0.22239478,0.3655419,0.21149070185634622,0.2165731279123456
500,12,2.0,zigzag,HM,Agent,0.49142241999999997,8.201597060000001,0.4584443,8.34536338,0.06946528257213144,-0.017377202082355603
500,12,2.0,zigzag,HM,Global,0.5466176500000001,8.20818702,0.5410469,8.28866508,0.0102435970944832,-0.009756855180017234
500,12,2.0,zigzag,HT1,Agent,0.42796952,8.38956379,0.24447903,8.250607780000001,0.5599224397270478,0.016701659534670975
500,12,2.0,zigzag,HT1,Global,0.50933811,8.460711680000001,0.34250267,8.32691499,0.39683260599429937,0.015940254768676852
500,12,2.0,zigzag,HT2,Agent,0.44801588999999997,8.389531530000001,0.27984437,8.27748645,0.47059507332129774,0.013445328739577442
500,12,2.0,zigzag,HT2,Global,0.51713285,8.44067085,0.36562242,8.32052993,0.3466986431975765,0.014335843731901917
500,12,2.5,random,HM,Agent,0.18332128,4.35572902,0.23104963,7.81660485,-0.23139229398747732,-0.584758303189772
500,12,2.5,random,HM,Global,0.18459355,5.69702175,0.23427905,8.8121938,-0.238356545189789,-0.43619288314562416
500,12,2.5,random,HT1,Agent,0.91267731,38.8297593,1.19405221,48.61643875,-0.2687256410555072,-0.22477477468996454
500,12,2.5,random,HT1,Global,1.00814395,42.85422884,1.15180216,47.46967949,-0.13321684442142043,-0.10228685114128772
500,12,2.5,random,HT2,Agent,0.52701815,22.47116828,0.71090537,29.457338890000003,-0.2993043385359282,-0.27070999963001374
500,12,2.5,random,HT2,Global,0.61743593,26.307565519999997,0.66928967,27.9267872,-0.08064164991795765,-0.05972978273310158
500,12,2.5,scurve,HM,Agent,0.31269817,7.1265034300000005,0.3938689,7.24847593,-0.23077970061846018,-0.016970518601247965
500,12,2.5,scurve,HM,Global,0.34929996,7.1492366700000005,0.39799459,7.21076096,-0.13050737492919237,-0.00856889646385637
500,12,2.5,scurve,HT1,Agent,0.48116505000000004,7.42044707,0.21326954,7.17455481,0.8136535388232289,0.03369859505186572
500,12,2.5,scurve,HT1,Global,0.51780102,7.4417144099999994,0.25826296,7.20807194,0.695612746517158,0.03189975291799652
500,12,2.5,scurve,HT2,Agent,0.31178606999999997,7.2502008899999995,0.14709275,7.111580719999999,0.7512539393583407,0.019304634855224143
500,12,2.5,scurve,HT2,Global,0.33190879,7.25863645,0.18835681999999998,7.136370950000001,0.566522059588383,0.016987617562280708
500,12,2.5,sharp,HM,Agent,0.17652109,0.5165452899999999,0.26379056,0.41709868,-0.4017150956375937,0.2138401345767165
500,12,2.5,sharp,HM,Global,0.23362288,0.45321106,0.26928563,0.44882559,-0.1420644464661683,0.00972356179305406
500,12,2.5,sharp,HT1,Agent,0.53267484,1.03915726,0.5440507800000001,1.16640724,-0.02113140636713492,-0.11551823164817764
500,12,2.5,sharp,HT1,Global,0.43358078,0.6150682599999999,0.5666627900000001,0.81902494,-0.267686277601607,-0.2863812816425809
500,12,2.5,sharp,HT2,Agent,0.32806420000000003,0.75757019,0.16650655,0.82276907,0.6781746729524432,-0.0825593727632216
500,12,2.5,sharp,HT2,Global,0.2826201,0.46871980999999996,0.20701046,0.51743753,0.311334269596871,-0.09888363299986504
500,12,2.5,zigzag,HM,Agent,0.22144677000000001,8.045986450000001,0.23309002,8.11924745,-0.05124248630476252,-0.009064081847672217
500,12,2.5,zigzag,HM,Global,0.26559134,8.03937076,0.28148609,8.04799639,-0.058124220855465016,-0.0010723483521133381
500,12,2.5,zigzag,HT1,Agent,0.36072816,8.2929596,0.25445840000000003,8.18279892,0.3489872904111998,0.01337265553046089
500,12,2.5,zigzag,HT1,Global,0.41284992000000004,8.36158268,0.30081894,8.25564673,0.31657558156946264,0.012750306630834622
500,12,2.5,zigzag,HT2,Agent,0.28900963,8.25311029,0.17504676,8.17297011,0.5014068711246296,0.00975775278313015
500,12,2.5,zigzag,HT2,Global,0.33221151,8.29968088,0.23332864,8.21770217,0.3533239124942161,0.009926437244041847
1000,4,1.5,random,HM,Agent,1.11719417,140.1100124,1.21929323,151.91034926,-0.08745103453043768,-0.08086262245638248
1000,4,1.5,random,HM,Global,1.16270977,145.46717746000002,1.21717084,151.7465272,-0.04577589261941541,-0.04226106797331442
1000,4,1.5,random,HT1,Agent,1.63179785,201.80063438000002,1.74671919,212.49252570000002,-0.06805689737514842,-0.051626563047310545
1000,4,1.5,random,HT1,Global,1.70802192,210.92538868,1.75989591,215.65380475,-0.029918736247966135,-0.022169903319716296
1000,4,1.5,random,HT2,Agent,1.4368810300000001,179.01239625999997,1.54928708,191.83672785,-0.07532006360162974,-0.06918957817988698
1000,4,1.5,random,HT2,Global,1.53008763,189.60764006000002,1.56425648,193.10761481,-0.022085610174062,-0.01829073851445777
1000,4,1.5,scurve,HM,Agent,2.22607541,11.932414799999998,1.47479836,11.54294926,0.41171885382675216,0.033183832823566684
1000,4,1.5,scurve,HM,Global,2.29411929,11.98637377,1.73405839,11.67477687,0.2798844668485306,0.026339793835954285
1000,4,1.5,scurve,HT1,Agent,2.0621495100000002,12.060908159999999,0.9659832,11.46571951,0.7583577264659309,0.0506078205189514
1000,4,1.5,scurve,HT1,Global,2.13402909,12.10349931,1.04479959,11.5122226,0.7141866973439011,0.0500853042234232
1000,4,1.5,scurve,HT2,Agent,2.76636985,12.54301233,1.7388411199999998,11.99427109,0.4643170689005731,0.04473459743517708
1000,4,1.5,scurve,HT2,Global,2.80221293,12.563416649999999,1.79048131,12.016269529999999,0.44792496519917485,0.04452762462585736
1000,4,1.5,sharp,HM,Agent,1.3686800099999998,1.22947698,1.53488969,2.05664591,-0.11461173623599688,-0.5144875973750843
1000,4,1.5,sharp,HM,Global,1.51672803,1.36161124,1.61006834,2.00281598,-0.059721222483531865,-0.38588544647443546
1000,4,1.5,sharp,HT1,Agent,1.01928406,1.02270028,0.69606494,0.7441801800000001,0.3814127972895051,0.31791855866477897
1000,4,1.5,sharp,HT1,Global,1.21386919,1.21386439,0.9934940600000001,0.99885958,0.2003401314668861,0.19495005206444782
1000,4,1.5,sharp,HT2,Agent,1.30240622,1.30198609,1.01356,1.042433,0.25074460610629645,0.2223334561251862
1000,4,1.5,sharp,HT2,Global,1.49196199,1.48935362,1.1989076,1.19860812,0.2186812167301458,0.2171812301638152
1000,4,1.5,zigzag,HM,Agent,2.8727286,27.08362431,2.51975339,27.67107186,0.1311012741961956,-0.02145825407126761
1000,4,1.5,zigzag,HM,Global,3.0772149200000003,27.20217249,2.79818209,27.922241789999998,0.09505498840115913,-0.026126726940624
1000,4,1.5,zigzag,HT1,Agent,2.40506008,27.18639541,1.4980756199999998,26.58414543,0.4733935200729012,0.02240167780469843
1000,4,1.5,zigzag,HT1,Global,2.5543785199999998,27.45256721,1.77519935,26.72745953,0.3638962268830945,0.02676820298191941
1000,4,1.5,zigzag,HT2,Agent,3.0429378600000003,27.912264110000002,2.3222815199999998,27.08107989,0.2702733338320365,0.030230841059621254
1000,4,1.5,zigzag,HT2,Global,3.1202064899999997,28.08410804,2.48013962,27.07341567,0.22958432534442802,0.03665159134652421
1000,4,2.0,random,HM,Agent,0.6953951700000001,86.17743079,0.77966829,97.3087688,-0.11438828609341897,-0.12148078679977578
1000,4,2.0,random,HM,Global,0.74166426,92.60791666000001,0.7839590099999999,97.86856897,-0.055460074837184375,-0.05525081450133981
1000,4,2.0,random,HT1,Agent,1.39649688,174.87462137,1.52987118,189.10260892999997,-0.09121666353744588,-0.0782205042951371
1000,4,2.0,random,HT1,Global,1.48861617,186.25556397,1.55470869,192.6752134,-0.043441247020637425,-0.03388620875010587
1000,4,2.0,random,HT2,Agent,1.11775515,140.43966714,1.28193756,159.05839132,-0.13705030857243494,-0.1244933946350968
1000,4,2.0,random,HT2,Global,1.22588589,153.83515509999998,1.27638735,158.66447352,-0.04036994654504876,-0.0309101354399582
1000,4,2.0,scurve,HM,Agent,1.09306556,11.281234710000001,1.0805799299999999,11.28869121,0.01148831985695362,-0.0006607465436716135
1000,4,2.0,scurve,HM,Global,1.18666833,11.254372089999999,1.17754929,11.275858829999999,0.007714251975293248,-0.0019073702875454528
1000,4,2.0,scurve,HT1,Agent,1.1125569899999999,11.470540020000001,0.30831193,11.02351723,1.2833042094759488,0.039751090435956385
1000,4,2.0,scurve,HT1,Global,1.19350438,11.52215127,0.39355038999999997,11.07584374,1.1094400000831461,0.03950488279311715
1000,4,2.0,scurve,HT2,Agent,1.23414835,11.54987688,0.38653148000000004,11.10223871,1.1609231024291973,0.039528003602656785
1000,4,2.0,scurve,HT2,Global,1.29474164,11.58588109,0.45996113,11.14161773,1.03492446252539,0.03909976728415635
1000,4,2.0,sharp,HM,Agent,0.67730175,0.64402266,0.77719881,1.00834367,-0.13757929635860416,-0.4483304211632252
1000,4,2.0,sharp,HM,Global,0.78262257,0.69357806,0.79480401,0.71371955,-0.015445006834007673,-0.02862630516223646
1000,4,2.0,sharp,HT1,Agent,0.74877675,1.02267901,0.64114233,1.8475850399999998,0.15518939904747622,-0.5914537380344989
1000,4,2.0,sharp,HT1,Global,0.85868082,0.79717277,0.73677879,0.72610985,0.15310958345774475,0.09337011878684219
1000,4,2.0,sharp,HT2,Agent,0.7022481,0.67691465,0.48046608,0.50049595,0.3795301276051346,0.30194568724919313
1000,4,2.0,sharp,HT2,Global,0.88442874,0.8805235299999999,0.732249,0.7296566099999999,0.18882132501005405,0.1879426248211156
1000,4,2.0,zigzag,HM,Agent,1.20462904,25.99024578,1.24986517,26.341285250000002,-0.036864012571988874,-0.013416184410871397
1000,4,2.0,zigzag,HM,Global,1.34068796,26.04546923,1.29671283,26.36541016,0.033350415330730875,-0.012209102689053767
1000,4,2.0,zigzag,HT1,Agent,1.33864858,26.405553,0.6970632600000001,26.013678060000004,0.6525396946122368,0.014951850021727674
1000,4,2.0,zigzag,HT1,Global,1.5390748300000001,26.62938029,0.9932105400000001,26.22333915,0.4379940893985666,0.01536530694661825
1000,4,2.0,zigzag,HT2,Agent,1.3741818000000001,26.41297968,0.79433194,26.12216196,0.5481123441023829,0.011071472601305794
1000,4,2.0,zigzag,HT2,Global,1.53535877,26.550460610000002,1.04949624,26.22050189,0.380453802500045,0.012505476665954376
1000,4,2.5,random,HM,Agent,0.40153663,36.78556432,0.42472740000000003,45.674312719999996,-0.05614878926511896,-0.21643056066738547
1000,4,2.5,random,HM,Global,0.40858669999999997,46.15886037999999,0.42432862,48.55969879,-0.037804070525374336,-0.050705010469951434
1000,4,2.5,random,HT1,Agent,1.19929615,149.95647008,1.36060586,167.12858496,-0.12619524279853267,-0.10841843344884858
1000,4,2.5,random,HT1,Global,1.3080228400000002,163.53896521000001,1.38775242,171.58433571999998,-0.059168759760301184,-0.048023617933283656
1000,4,2.5,random,HT2,Agent,0.8352055,104.64591832,1.0291966700000001,126.60819584999999,-0.20885604252388498,-0.19051480078831304
1000,4,2.5,random,HT2,Global,0.95575301,119.78018356000001,1.0076696699999999,124.92106654999999,-0.05289616465916554,-0.04202381093131498
1000,4,2.5,scurve,HM,Agent,0.7385339999999999,11.029425329999999,1.02695745,11.168311860000001,-0.3296886375363515,-0.012513738783578364
1000,4,2.5,scurve,HM,Global,0.8220475700000001,11.015147059999999,0.95740983,11.192800420000001,-0.1524332798686053,-0.015999420910720534
1000,4,2.5,scurve,HT1,Agent,1.09685561,11.434499240000001,0.54781957,11.07294096,0.6942568480971891,0.03213065383539838
1000,4,2.5,scurve,HT1,Global,1.1392891,11.47398588,0.58682824,11.115598030000001,0.6634275798432752,0.031733025733160614
1000,4,2.5,scurve,HT2,Agent,0.94127773,11.35256836,0.34965187999999997,11.00223971,0.9903002085627175,0.031345143480321344
1000,4,2.5,scurve,HT2,Global,0.97512624,11.37866116,0.3987584,11.034084210000001,0.8942112198316169,0.03075072658464456
1000,4,2.5,sharp,HM,Agent,0.27961345000000004,1.4696152900000001,0.37667605000000004,1.04402721,-0.29797742059483395,0.3419151067170744
1000,4,2.5,sharp,HM,Global,0.38505531,1.11206278,0.38418785,0.90442126,0.002255360626685454,0.20667668262625458
1000,4,2.5,sharp,HT1,Agent,0.77404011,2.41277758,0.7875603200000001,3.42854816,-0.017316270639342816,-0.35135828792336143
1000,4,2.5,sharp,HT1,Global,0.71089373,0.9119640099999999,0.78627504,1.7805026000000002,-0.10078370179365916,-0.6690504364043777
1000,4,2.5,sharp,HT2,Agent,0.5592087,1.78420521,0.42744898,2.2590749199999998,0.26868781251310075,-0.235982346483717
1000,4,2.5,sharp,HT2,Global,0.59130203,0.79100122,0.53981305,1.17205044,0.09110406002209097,-0.3932104966356134
1000,4,2.5,zigzag,HM,Agent,0.53588121,25.5418404,0.74085869,25.70456094,-0.32389739198137163,-0.0063505371152778375
1000,4,2.5,zigzag,HM,Global,0.63573457,25.57539067,0.70718579,25.66995016,-0.10651228433467222,-0.0036904661297916283
1000,4,2.5,zigzag,HT1,Agent,1.15426595,26.110497260000002,0.76132572,25.8140144,0.4161585977306925,0.011419889090431897
1000,4,2.5,zigzag,HT1,Global,1.27802259,26.30655918,0.93501876,26.01113264,0.31250271757907133,0.011293681727393845
1000,4,2.5,zigzag,HT2,Agent,0.934277,26.01645666,0.52623519,25.811893490000003,0.5740247260525387,0.00789391256587698
1000,4,2.5,zigzag,HT2,Global,1.035736,26.13547923,0.71456432,25.92449796,0.3711945497788976,0.008105359873514668
1000,8,1.5,random,HM,Agent,0.7526043099999999,47.75480207,0.90502471,56.67507071,-0.18442264223793442,-0.17125481525164613
1000,8,1.5,random,HM,Global,0.79267251,50.224258680000005,0.89687917,56.33495533999999,-0.12351098811812387,-0.11481706824622516
1000,8,1.5,random,HT1,Agent,1.4213879900000002,89.09968083,1.60126693,97.98816907,-0.11916129520387235,-0.09509099529189471
1000,8,1.5,random,HT1,Global,1.50610582,94.1930948,1.6063879399999998,98.87622755000001,-0.06446075050353268,-0.04852196589528581
1000,8,1.5,random,HT2,Agent,1.13129401,71.45788261,1.2685665799999999,79.15989014,-0.11452546672672284,-0.10236151117760961
1000,8,1.5,random,HT2,Global,1.2263237200000001,77.26830303,1.2772181,79.68419283,-0.0406635050464104,-0.030787412609363195
1000,8,1.5,scurve,HM,Agent,1.3677161100000002,9.388773969999999,1.05015412,9.22431985,0.2642053413843362,0.017671258859159104
1000,8,1.5,scurve,HM,Global,1.43046806,9.39180073,1.26274687,9.31167401,0.12471230175549787,0.008568163008348837
1000,8,1.5,scurve,HT1,Agent,1.43328362,9.64629599,0.65927221,9.119509279999999,0.7765868142261982,0.05615801081308888
1000,8,1.5,scurve,HT1,Global,1.48135265,9.67308143,0.7508625600000001,9.17173541,0.6794882763654154,0.053220400442687936
1000,8,1.5,scurve,HT2,Agent,1.4557940999999999,9.71167182,1.0799953,9.466690589999999,0.2985948356645016,0.025549058951512507
1000,8,1.5,scurve,HT2,Global,1.48387454,9.72662283,1.12904807,9.489863810000001,0.2732817376290121,0.024642485939182647
1000,8,1.5,sharp,HM,Agent,0.7110724,0.90086946,0.8631605299999999,1.10984302,-0.19382643466019972,-0.20861349723282507
1000,8,1.5,sharp,HM,Global,0.7855158900000001,0.9980823999999999,0.89628275,1.10709754,-0.13191524574539804,-0.10366120280804325
1000,8,1.5,sharp,HT1,Agent,0.48828209,0.6856568900000001,0.3363342,0.45607117,0.3727879836324951,0.40772847035669846
1000,8,1.5,sharp,HT1,Global,0.58621614,0.8178175400000001,0.47541407,0.6602225199999999,0.20950241054514396,0.21406232577446438
1000,8,1.5,sharp,HT2,Agent,0.63525418,0.89265061,0.5003211000000001,0.66077003,0.23877510996519002,0.3007893830552599
1000,8,1.5,sharp,HT2,Global,0.7261897999999999,1.01835483,0.58111927,0.81505978,0.22285539338700916,0.22268223212692453
1000,8,1.5,zigzag,HM,Agent,1.6232748799999999,12.42974187,1.4969837899999998,12.75372193,0.08099336250897378,-0.02573100647015259
1000,8,1.5,zigzag,HM,Global,1.74332141,12.50913156,1.7200735800000002,12.82304985,0.013425081017057017,-0.02478541861034363
1000,8,1.5,zigzag,HT1,Agent,1.2342889,12.53930426,0.78222321,12.236578320000001,0.45611015915881337,0.02443836302345669
1000,8,1.5,zigzag,HT1,Global,1.32999948,12.63323276,0.9179796100000001,12.321136200000002,0.37075865119344004,0.025014684559740527
1000,8,1.5,zigzag,HT2,Agent,1.59268033,12.73688926,1.21219932,12.50011642,0.27298200953066337,0.018764491349913554
1000,8,1.5,zigzag,HT2,Global,1.6616557900000002,12.80187215,1.2912755999999999,12.50899256,0.252184002081933,0.023143631488456048
1000,8,2.0,random,HM,Agent,0.43187879,26.65855869,0.57114619,35.5825056,-0.2795002312348771,-0.2887438506949006
1000,8,2.0,random,HM,Global,0.46759818000000003,29.29496827,0.55789672,34.80421776,-0.1765645182696113,-0.17232280956012308
1000,8,2.0,random,HT1,Agent,1.2043966799999999,76.05442162,1.4188792899999998,87.32403307,-0.16388856654859232,-0.1381765598823958
1000,8,2.0,random,HT1,Global,1.2969268500000002,81.77594312000001,1.40931241,87.20500179000001,-0.0831044286060562,-0.06427858277989484
1000,8,2.0,random,HT2,Agent,0.8559420299999999,54.249076939999995,1.03662213,64.35250552000001,-0.1915201022816216,-0.17078989175895462
1000,8,2.0,random,HT2,Global,0.95774869,60.60385067,1.01614121,63.36178389,-0.05918218891047582,-0.0445024684735998
1000,8,2.0,scurve,HM,Agent,0.6478341000000001,8.91645089,0.69327539,9.07395717,-0.06779266336410494,-0.017510476022522134
1000,8,2.0,scurve,HM,Global,0.7128479,8.98151034,0.74553596,9.02662274,-0.04483529545030748,-0.0050102355606663745
1000,8,2.0,scurve,HT1,Agent,0.76830203,9.20590993,0.2357947,8.82345295,1.1812214128916392,0.04243237717473362
1000,8,2.0,scurve,HT1,Global,0.83660477,9.24544866,0.32213676,8.87800431,0.954375584768295,0.04055460179634384
1000,8,2.0,scurve,HT2,Agent,0.56079869,9.05210623,0.27935906,8.85957135,0.696864091957337,0.021499080145042034
1000,8,2.0,scurve,HT2,Global,0.6053398099999999,9.07615103,0.35071153000000005,8.89964256,0.5458259360664689,0.019639093235876037
1000,8,2.0,sharp,HM,Agent,0.38492905,0.45279885,0.47877228000000005,0.72456582,-0.2181660456802113,-0.47012461936241506
1000,8,2.0,sharp,HM,Global,0.42197671999999997,0.49909190999999997,0.46083803,0.5063760399999999,-0.08809648972063981,-0.014489288166942886
1000,8,2.0,sharp,HT1,Agent,0.45634009,0.69529503,0.47319187999999995,0.9282801,-0.036262629254912825,-0.288997260054916
1000,8,2.0,sharp,HT1,Global,0.4297278,0.5423494600000001,0.38662777,0.49052937,0.10568958944326275,0.10042539893006402
1000,8,2.0,sharp,HT2,Agent,0.34183852000000003,0.45928343,0.23252836,0.31966507,0.3853262657322521,0.36239372262598857
1000,8,2.0,sharp,HT2,Global,0.42626036,0.5945609199999999,0.34797548,0.48468214000000004,0.20291831576574929,0.20432988890909154
1000,8,2.0,zigzag,HM,Agent,0.71487845,11.89255244,0.72628015,12.0894123,-0.015823293691991057,-0.01641769420697576
1000,8,2.0,zigzag,HM,Global,0.79608093,11.903170970000001,0.80640159,12.021011370000002,-0.012881017510827401,-0.009851233478040752
1000,8,2.0,zigzag,HT1,Agent,0.6855488599999999,12.16475604,0.35521377,11.94882017,0.6574999956443882,0.01791037882098366
1000,8,2.0,zigzag,HT1,Global,0.79798185,12.264333180000001,0.5051815,12.05906665,0.4571680821851399,0.016878512421000857
1000,8,2.0,zigzag,HT2,Agent,0.7110341800000001,12.16332891,0.41092276,11.99261322,0.5483152368228443,0.014134702868823628
1000,8,2.0,zigzag,HT2,Global,0.80574617,12.23086211,0.54002139,12.051919990000002,0.40016001746391644,0.014738456115374478
1000,8,2.5,random,HM,Agent,0.24536276,8.11942792,0.27811205,14.2492791,-0.1252863215186818,-0.5624466174716122
1000,8,2.5,random,HM,Global,0.24689753,12.61273502,0.27983821,16.05950733,-0.12523822248667105,-0.24159401181014603
1000,8,2.5,random,HT1,Agent,1.0330333600000001,65.44820826,1.27263836,78.17656759,-0.20859271047203207,-0.177710839186835
1000,8,2.5,random,HT1,Global,1.1328722500000001,71.79872342,1.24928958,77.52673173,-0.09781883181250312,-0.0767561062041666
1000,8,2.5,random,HT2,Agent,0.63604609,40.352262689999996,0.83154898,51.474816940000004,-0.26801917322255664,-0.24344522689441792
1000,8,2.5,random,HT2,Global,0.7386558700000001,46.86467946,0.79373457,49.49963191,-0.07191696798162461,-0.05470094485611258
1000,8,2.5,scurve,HM,Agent,0.44752738000000003,8.8336662,0.56056179,9.05183112,-0.2252017570917505,-0.024396944313841765
1000,8,2.5,scurve,HM,Global,0.50147183,8.849405990000001,0.57024676,8.94676208,-0.128521745091042,-0.0109413510648925
1000,8,2.5,scurve,HT1,Agent,0.6878949400000001,9.184703090000001,0.30574778,8.8854601,0.8108756090776997,0.033123148442518006
1000,8,2.5,scurve,HT1,Global,0.7292498399999999,9.21551084,0.35308177999999996,8.93075289,0.7253166878545834,0.0313873237630706
1000,8,2.5,scurve,HT2,Agent,0.43303358000000003,8.976271239999999,0.20342463,8.81403464,0.7555197092296303,0.01823927016058712
1000,8,2.5,scurve,HT2,Global,0.45458888000000003,8.99082696,0.25402856,8.84716719,0.5819467484121846,0.01610751465066413
1000,8,2.5,sharp,HM,Agent,0.20151758,0.7466806800000001,0.33117459,0.62206242,-0.4967690753147793,0.1825971824601717
1000,8,2.5,sharp,HM,Global,0.27820619,0.61670753,0.29884808,0.56763161,-0.07157282120034773,0.08292225771128212
1000,8,2.5,sharp,HT1,Agent,0.67164789,1.46393945,0.75039089,1.77610674,-0.11086002743949618,-0.19329268872113245
1000,8,2.5,sharp,HT1,Global,0.4525886,0.7194839199999999,0.61176722,1.12282872,-0.3013683056017693,-0.44507224584614824
1000,8,2.5,sharp,HT2,Agent,0.35964459,1.01193615,0.22459164,1.1647348800000001,0.47083247391380995,-0.1406280143145877
1000,8,2.5,sharp,HT2,Global,0.33452076,0.5483667799999999,0.28607793000000004,0.67915992,0.1564346842020212,-0.2139122530236271
1000,8,2.5,zigzag,HM,Agent,0.31554732,11.68229184,0.38645847000000005,11.777949309999999,-0.2027157558795329,-0.00815490339669846
1000,8,2.5,zigzag,HM,Global,0.37706101,11.67486291,0.40222395,11.712590709999999,-0.06460201846084486,-0.003226330949865935
1000,8,2.5,zigzag,HT1,Agent,0.5783243800000001,12.02169272,0.37916530000000004,11.85086111,0.42216266457010676,0.01431221203175935
1000,8,2.5,zigzag,HT1,Global,0.65088386,12.115731,0.4548354,11.95610691,0.35839562857630625,0.01326250453609839
1000,8,2.5,zigzag,HT2,Agent,0.46749371000000006,11.968408349999999,0.25821521000000003,11.84097361,0.5935925095918368,0.010704684154349685
1000,8,2.5,zigzag,HT2,Global,0.52786007,12.0293385,0.35173629,11.90553258,0.40594951095409176,0.010345326180053438
1000,12,1.5,random,HM,Agent,0.58260804,24.796477369999998,0.7617787,31.80727989,-0.26814144892301445,-0.24899358939492794
1000,12,1.5,random,HM,Global,0.61734556,26.22523937,0.75335393,31.55868299,-0.19910621197499898,-0.1851264829613057
1000,12,1.5,random,HT1,Agent,1.27362844,53.52554362,1.4947655800000001,60.89804177,-0.16009952561156798,-0.1290420285551703
1000,12,1.5,random,HT1,Global,1.3610991000000001,57.09107495,1.49498905,61.24639697,-0.09382634727532566,-0.0702572238742202
1000,12,1.5,random,HT2,Agent,0.9568485800000001,40.54515459,1.09299072,45.556151019999994,-0.13302784242826973,-0.11652937225759477
1000,12,1.5,random,HT2,Global,1.04800469,44.31364013,1.10273182,45.99826728,-0.05090251272975581,-0.03731119468331857
1000,12,1.5,scurve,HM,Agent,0.9850560199999999,7.57507909,0.7870340299999999,7.4469473200000005,0.22442702501626988,0.01705959955105737
1000,12,1.5,scurve,HM,Global,1.02982226,7.57994984,0.91725421,7.49608299,0.1157568501948144,0.011125966105308218
1000,12,1.5,scurve,HT1,Agent,1.11003477,7.823267090000001,0.51910745,7.36286058,0.7600357236472436,0.06065373076309307
1000,12,1.5,scurve,HT1,Global,1.14262594,7.84060852,0.59560749,7.4061853399999995,0.6515024723559033,0.05700094086402608
1000,12,1.5,scurve,HT2,Agent,1.1165869000000002,7.855027,0.8211754,7.64469015,0.3072951722293659,0.02714240020109804
1000,12,1.5,scurve,HT2,Global,1.12883134,7.86108121,0.85856949,7.66308852,0.27367054358245996,0.025509051971793765
1000,12,1.5,sharp,HM,Agent,0.48866666999999997,0.73003112,0.56206052,0.8048167700000001,-0.13992893032885104,-0.09752747323274209
1000,12,1.5,sharp,HM,Global,0.5367217,0.8077211599999999,0.62997675,0.82914803,-0.1602032033059677,-0.0261818037793032
1000,12,1.5,sharp,HT1,Agent,0.30785195000000004,0.52555354,0.21372759,0.34599708,0.3649167253755642,0.418021733331513
1000,12,1.5,sharp,HT1,Global,0.37221529,0.63051484,0.29861626,0.50445914,0.22031308568712768,0.22304984657005053
1000,12,1.5,sharp,HT2,Agent,0.40588106,0.69602391,0.32744222,0.5209220299999999,0.2147485489875828,0.28978363714917277
1000,12,1.5,sharp,HT2,Global,0.46363881999999995,0.79301464,0.37480449,0.64139068,0.2127013139241981,0.21220292656347764
1000,12,1.5,zigzag,HM,Agent,1.10595318,8.58715423,1.00221891,8.81011496,0.098491117618724,-0.02563309627098838
1000,12,1.5,zigzag,HM,Global,1.18751483,8.6437048,1.15438557,8.859152340000001,0.028294516870333665,-0.02461980014843547
1000,12,1.5,zigzag,HT1,Agent,0.78452925,8.64447915,0.53501038,8.44607247,0.3827977077959087,0.023219331753532253
1000,12,1.5,zigzag,HT1,Global,0.85530993,8.710252279999999,0.6235062,8.50920157,0.31610518554483014,0.023352639231697624
1000,12,1.5,zigzag,HT2,Agent,1.04069064,8.783723310000001,0.8259662299999999,8.631204740000001,0.23108595974901178,0.01751629052882711
1000,12,1.5,zigzag,HT2,Global,1.09436762,8.82879692,0.87935354,8.6424419,0.2187449355672066,0.02133358598328394
1000,12,2.0,random,HM,Agent,0.3154479,13.09675616,0.47380704,19.83356309,-0.4068066165662035,-0.4150110300162983
1000,12,2.0,random,HM,Global,0.34407578,14.581646000000001,0.45274309,19.11281563,-0.2744629105503832,-0.27059547085762875
1000,12,2.0,random,HT1,Agent,1.0718117200000001,45.78308749,1.33360542,54.77979895000001,-0.21853570373861364,-0.17940673954676875
1000,12,2.0,random,HT1,Global,1.16356993,49.66957206,1.30649723,54.20638416,-0.11585688071671918,-0.08740617702015266
1000,12,2.0,random,HT2,Agent,0.70997676,30.544551470000002,0.88288844,37.04603654,-0.21796661350100174,-0.192975048283807
1000,12,2.0,random,HT2,Global,0.80360232,34.52165171,0.86045425,36.29821854,-0.06835592752960815,-0.05018195104867449
1000,12,2.0,scurve,HM,Agent,0.4482846,7.2158358499999995,0.48705897,7.306259730000001,-0.08295690547276226,-0.012453443532167341
1000,12,2.0,scurve,HM,Global,0.49291206000000004,7.221408370000001,0.51956888,7.28613731,-0.05266860992842181,-0.008923545161367862
1000,12,2.0,scurve,HT1,Agent,0.54545691,7.43460856,0.18125425,7.115337050000001,1.1017230686666857,0.04389332807137679
1000,12,2.0,scurve,HT1,Global,0.59635508,7.46365525,0.2479846,7.15829833,0.8774696140131574,0.04177298478917065
1000,12,2.0,scurve,HT2,Agent,0.40071947,7.29931171,0.21161159999999998,7.1419254,0.6385090875317623,0.021797653543468583
1000,12,2.0,scurve,HT2,Global,0.43284417,7.315881060000001,0.26507723,7.17348325,0.4903565612120952,0.01965612730803686
1000,12,2.0,sharp,HM,Agent,0.28566976,0.36514105999999996,0.37619449000000005,0.60593832,-0.2752698119525686,-0.5064944540336779
1000,12,2.0,sharp,HM,Global,0.30323035,0.40482165000000003,0.36233004,0.43132661999999994,-0.17806276147211936,-0.0634190223847573
1000,12,2.0,sharp,HT1,Agent,0.39148954,0.52882476,0.41093040999999997,0.60553439,-0.048465084103708714,-0.135454246979871
1000,12,2.0,sharp,HT1,Global,0.2936693,0.4143699,0.28449027,0.36611192000000004,0.03175525168067978,0.12381997416593715
1000,12,2.0,sharp,HT2,Agent,0.22307248000000002,0.35077673,0.14918949,0.24018805000000001,0.4022794981440669,0.37872776600418334
1000,12,2.0,sharp,HT2,Global,0.26822533,0.45422367,0.21717027000000003,0.36674357999999996,0.21114571059439535,0.2139268301625319
1000,12,2.0,zigzag,HM,Agent,0.49151286,8.19980823,0.45742482,8.33866423,0.07187556070313647,-0.016792271863032778
1000,12,2.0,zigzag,HM,Global,0.54847627,8.21280153,0.53680041,8.29285865,0.02151766589105854,-0.009700641710001076
1000,12,2.0,zigzag,HT1,Agent,0.42487529,8.38782143,0.24035382,8.246539219999999,0.5696836028674075,0.01698720021540478
1000,12,2.0,zigzag,HT1,Global,0.5068003999999999,8.459579159999999,0.33999792,8.32531699,0.39917773776821963,0.015998315681494648
1000,12,2.0,zigzag,HT2,Agent,0.44615907,8.38762384,0.27821155999999997,8.273800099999999,0.4722937161593874,0.013663359289391238
1000,12,2.0,zigzag,HT2,Global,0.51507579,8.43650136,0.364075,8.31742764,0.34695416451592237,0.014214662717367007
1000,12,2.5,random,HM,Agent,0.17729365000000002,3.57098367,0.21679846000000003,7.515980369999999,-0.20116076878325959,-0.7441903741331313
1000,12,2.5,random,HM,Global,0.17919289,5.697341239999999,0.22309715,8.749336,-0.21914450340190939,-0.42897819487930655
1000,12,2.5,random,HT1,Agent,0.91002898,38.50324818,1.19329977,48.290066159999995,-0.2710012194751137,-0.2264832638938031
1000,12,2.5,random,HT1,Global,1.00575973,42.540772960000005,1.14728746,47.07112457,-0.13165721958031643,-0.10119676676616345
1000,12,2.5,random,HT2,Agent,0.51973929,22.1069763,0.70725233,29.20192327,-0.30806018416137726,-0.27834134412239075
1000,12,2.5,random,HT2,Global,0.61039754,25.92487312,0.66339236,27.60198656,-0.08325616019816952,-0.06268488695852434
1000,12,2.5,scurve,HM,Agent,0.30974443,7.10474212,0.39115167,7.25865328,-0.23334784947999435,-0.021431847683256244
1000,12,2.5,scurve,HM,Global,0.34664389,7.14558308,0.39608172,7.20644224,-0.13332255421503214,-0.008480966752261461
1000,12,2.5,scurve,HT1,Agent,0.47918833,7.4188965399999995,0.21221913,7.1740618199999995,0.8144743204985431,0.03355833553266413
1000,12,2.5,scurve,HT1,Global,0.51541548,7.4400727600000005,0.25752302,7.2080082700000006,0.6938642185252811,0.03168796072540176
1000,12,2.5,scurve,HT2,Agent,0.30736112,7.2504218300000005,0.14750167,7.1157565,0.7341838451993786,0.018748100066321115
1000,12,2.5,scurve,HT2,Global,0.32705030999999996,7.25844212,0.18956186,7.140282630000001,0.5453986030261567,0.016412862186541408
1000,12,2.5,sharp,HM,Agent,0.17280768,0.53598903,0.27679083,0.40612585,-0.47108279475525855,0.27745060750469985
1000,12,2.5,sharp,HM,Global,0.23655927,0.46261284,0.2548745,0.42356049,-0.07457247750515021,0.088194168150496
1000,12,2.5,sharp,HT1,Agent,0.52780101,1.03571231,0.53854007,1.1658906199999999,-0.020142566556353606,-0.11839586341459842
1000,12,2.5,sharp,HT1,Global,0.43576402999999997,0.6071059799999999,0.57329614,0.81168048,-0.274301525699402,-0.29040339298931794
1000,12,2.5,sharp,HT2,Agent,0.28877741,0.74496803,0.15282022,0.81843102,0.6363939859171727,-0.0940478124378109
1000,12,2.5,sharp,HT2,Global,0.25983798,0.45117122000000004,0.19245414,0.50652009,0.30020039134888343,-0.11571707457692812
1000,12,2.5,zigzag,HM,Agent,0.21818027,8.05548596,0.22950682,8.12091403,-0.050611098155506754,-0.008089368070714115
1000,12,2.5,zigzag,HM,Global,0.26287815999999997,8.04579625,0.27624078,8.0599773,-0.04958222183627053,-0.0017609900723732324
1000,12,2.5,zigzag,HT1,Agent,0.35700065000000003,8.28871234,0.2519437,8.177414630000001,0.348531952653597,0.01351858942785416
1000,12,2.5,zigzag,HT1,Global,0.40919749000000005,8.356625619999999,0.29534344,8.2515807,0.326059017568415,0.012649929649546384
1000,12,2.5,zigzag,HT2,Agent,0.28539495,8.249444559999999,0.17077798000000002,8.16846286,0.5135096600956826,0.009865125279799146
1000,12,2.5,zigzag,HT2,Global,0.32852352,8.29424235,0.22899795999999997,8.21323621,0.3608953383175372,0.00981455646918535
